Workbook

Sheet INPUT DAFTAR PESERTA
A1: PRODI: TEKNIK PERTAMBANGAN
A3: NO | B3: NIM | C3: Nama | E3: WORKSHEET TEMPLATE
A4: 1 | B4: 2309056046 | C4: Erwin | E4: SISTEM PENILAIAN PRAKTIKUM
A5: 2 | B5: 2409056015 | C5: Denny Setiawan | E5: LABORATORIUM LAYANAN DASAR
A6: 3 | B6: 2409056031 | C6: Rahmad Oka Aufa Ramadan
A7: 4 | B7: 2409056032 | C7: Stewa Syaifa Bakhid
A8: 5 | B8: 2409056033 | C8: Adnan Fadil Annur
A9: 6 | B9: 2409056039 | C9: Muhammad Hasbi Ash Shiddieqy
A10: 7 | B10: 2409056044 | C10: Siti Aisyah Hasanah
A11: 8 | B11: 2409056047 | C11: D’arch Hweng Junior
A12: 9 | B12: 2409056052 | C12: Andi Syaifullah Al Maslulil Agri | E12: VER 2 (April 2025)
A13: 10 | B13: 2409056058 | C13: Andre Pratama
A14: 11 | B14: 2409056067 | C14: Andi Afif Najib Abdillah
A15: 12 | B15: 2409056068 | C15: Christianus Gonzaga | E15: Petunjuk Penggunaan Template
A16: 13 | B16: 2509056001 | C16: Mutiara Suci Rahmadani
A17: 14 | B17: 2509056002 | C17: Adhwa Ghinna Febrianty | E17: 1. Isikan daftar peserta praktikum pada sheet "INPUT DAFTAR PESERTA"
A18: 15 | B18: 2509056003 | C18: Muhammad Daffa Alifiansyah | E18: (Disarankan untuk menyesuaikan dengan template disamping)
A19: 16 | B19: 2509056004 | C19: Adya Nur Adzhuriva | E19: 2. Isian Nama dan NIM pada sheet selanjutnya akan terinput secara otomatis sesuai dengan isian sheet "INPUT DAFTAR PESERTA"
A20: 17 | B20: 2509056005 | C20: Cheva Fasha Prathama | E20: 3. Nilai praktikum diisikan pada sheet "PENULISAN LAPORAN", "LAPORAN RESMI", "KEMAMPUAN PRAKTIKUM dan "NILAI HARIAN"
A21: 18 | B21: 2509056006 | C21: Muhammad Zaki Fadillah | E21: 4. Rekapitulasi nilai praktikum permodul akan terakumulasi secara otomatis pada sheet "NILAI AKHIR" dan PIE-CHART"
A22: 19 | B22: 2509056007 | C22: Widdyanti Fetrina Sefriany | E22: 5. Perubahan formula pada sistem menyesuaikan dengan aturan dan SOP terbaru penilaian praktikum Lab Elektro Dasar
A23: 20 | B23: 2509056008 | C23: Gita Mufidatuzahrah | E23: 6. Link akses Surat Keterangan Lulus Praktikum sebagai berikut:
A24: 21 | B24: 2509056009 | C24: Muhammad Hersal Ramadhan
A25: 22 | B25: 2509056010 | C25: Chikal Fattiya Putri | E25: 7. Link akses Sheet perkomponen sebagai berikut:
A26: 23 | B26: 2509056011 | C26: Muhammad Daffa Lailitama Sinaga | E26: Penulisan Laporan
A27: 24 | B27: 2509056012 | C27: Sera Ayu Ningsih | E27: Laporan Resmi
A28: 25 | B28: 2509056013 | C28: Naufal Firdaus Syauqi | E28: Kemampuan Praktikum
A29: 26 | B29: 2509056014 | C29: Alexander Radja Roben Saragih | E29: Nilai Harian
A30: 27 | B30: 2509056015 | C30: Tiara Aqila Azzahra | E30: Nilai Akhir
A31: 28 | B31: 2509056016 | C31: Muhammad Haikal Islamy Saputra | E31: Pie Chart
A32: 29 | B32: 2509056017 | C32: Faatihur Rizki
A33: 30 | B33: 2509056018 | C33: Rashya Annara Salsabilla Tomasoa
A34: 31 | B34: 2509056019 | C34: Desta Novie Sulfianie
A35: 32 | B35: 2509056020 | C35: Chandra Ahmad Dwinata
A36: 33 | B36: 2509056021 | C36: Sopando Imanuel Sipayung
A37: 34 | B37: 2509056022 | C37: Rayhan Winata Prabowo
A38: 35 | B38: 2509056023 | C38: Ahmad Din Nejad
A39: 36 | B39: 2509056024 | C39: Nabil Candra Hartanto
A40: 37 | B40: 2509056025 | C40: Muhammad Rifqi Ibnu Malik
A41: 38 | B41: 2509056026 | C41: Aditya Alfiansyah
A42: 39 | B42: 2509056027 | C42: Muhammad Syauqi Nail
A43: 40 | B43: 2509056028 | C43: Muhammad Rizky Nugraha
... A52: 49 | B52: 2509056038 | C52: Muh. Afriansyah Syafani
A53: 50 | B53: 2509056039 | C53: Evan Hizky Edward Juliano Sahata Manihuruk | E53: =PROPER(D53)
A54: 51 | B54: 2509056040 | C54: Rasya Ataullah Arnata
A55: 52 | B55: 2509056041 | C55: Yadi Ramadani
A56: 53 | B56: 2509056042 | C56: Muhammad Alief Adz Dzikry Abdillah
A57: 54 | B57: 2509056043 | C57: Hubert Abraham Pranoto Sirait
A58: 55 | B58: 2509056044 | C58: Indah Tessalonica
A59: 56 | B59: 2509056045 | C59: Fahrizi Al Rosid
A60: 57 | B60: 2509056046 | C60: Syadid Musoffa
A61: 58 | B61: 2509056047 | C61: Oktovianus Sirante
A62: 59 | B62: 2509056048 | C62: Cristover Rafael Milang
A63: 60 | B63: 2509056049 | C63: Kevin Angeliano Jonathan
A64: 61 | B64: 2509056050 | C64: Fajar Arif Suyanto
A65: 62 | B65: 2509056051 | C65: Satria Rizla Marlanata
... A89: 86 | B89: 2509056074 | C89: Andi Muhammad Caeril Irfan

Sheet LAPORAN RESMI
A2: NO | B2: NIM | C2: NAMA | D2: Laporan Resmi | L2: Rata-rata
D3: Modul 1 | E3: Modul 2 | F3: Modul 3 | G3: Modul 4 | H3: Modul 5 | I3: Modul 6 | J3: Modul 7 | K3: Modul 8
A4: ='INPUT DAFTAR PESERTA'!A4 -> 1 | B4: ='INPUT DAFTAR PESERTA'!B4 -> 2309056046 | C4: ='INPUT DAFTAR PESERTA'!C4 -> Erwin | D4: 50 | E4: 45 | F4: 30 | G4: 40 | H4: 60 | I4: 10 | J4: 30 | K4: 50 | L4: =(D4+E4+F4+G4+H4+I4+J4+K4)/8 -> 39.375
A5: ='INPUT DAFTAR PESERTA'!A5 -> 2 | B5: ='INPUT DAFTAR PESERTA'!B5 -> 2409056015 | C5: ='INPUT DAFTAR PESERTA'!C5 -> Denny Setiawan | L5: =(D5+E5+F5+G5+H5+I5+J5+K5)/8 -> 0
A6: ='INPUT DAFTAR PESERTA'!A6 -> 3 | B6: ='INPUT DAFTAR PESERTA'!B6 -> 2409056031 | C6: ='INPUT DAFTAR PESERTA'!C6 -> Rahmad Oka Aufa Ramadan | L6: =(D6+E6+F6+G6+H6+I6+J6+K6)/8 -> 0
A7: ='INPUT DAFTAR PESERTA'!A7 -> 4 | B7: ='INPUT DAFTAR PESERTA'!B7 -> 2409056032 | C7: ='INPUT DAFTAR PESERTA'!C7 -> Stewa Syaifa Bakhid | L7: =(D7+E7+F7+G7+H7+I7+J7+K7)/8 -> 0
A8: ='INPUT DAFTAR PESERTA'!A8 -> 5 | B8: ='INPUT DAFTAR PESERTA'!B8 -> 2409056033 | C8: ='INPUT DAFTAR PESERTA'!C8 -> Adnan Fadil Annur | L8: =(D8+E8+F8+G8+H8+I8+J8+K8)/8 -> 0
A9: ='INPUT DAFTAR PESERTA'!A9 -> 6 | B9: ='INPUT DAFTAR PESERTA'!B9 -> 2409056039 | C9: ='INPUT DAFTAR PESERTA'!C9 -> Muhammad Hasbi Ash Shiddieqy | L9: =(D9+E9+F9+G9+H9+I9+J9+K9)/8 -> 0
A10: ='INPUT DAFTAR PESERTA'!A10 -> 7 | B10: ='INPUT DAFTAR PESERTA'!B10 -> 2409056044 | C10: ='INPUT DAFTAR PESERTA'!C10 -> Siti Aisyah Hasanah | L10: =(D10+E10+F10+G10+H10+I10+J10+K10)/8 -> 0
A11: ='INPUT DAFTAR PESERTA'!A11 -> 8 | B11: ='INPUT DAFTAR PESERTA'!B11 -> 2409056047 | C11: ='INPUT DAFTAR PESERTA'!C11 -> D’arch Hweng Junior | L11: =(D11+E11+F11+G11+H11+I11+J11+K11)/8 -> 0
A12: ='INPUT DAFTAR PESERTA'!A12 -> 9 | B12: ='INPUT DAFTAR PESERTA'!B12 -> 2409056052 | C12: ='INPUT DAFTAR PESERTA'!C12 -> Andi Syaifullah Al Maslulil Agri | L12: =(D12+E12+F12+G12+H12+I12+J12+K12)/8 -> 0
A13: ='INPUT DAFTAR PESERTA'!A13 -> 10 | B13: ='INPUT DAFTAR PESERTA'!B13 -> 2409056058 | C13: ='INPUT DAFTAR PESERTA'!C13 -> Andre Pratama | L13: =(D13+E13+F13+G13+H13+I13+J13+K13)/8 -> 0
A14: ='INPUT DAFTAR PESERTA'!A14 -> 11 | B14: ='INPUT DAFTAR PESERTA'!B14 -> 2409056067 | C14: ='INPUT DAFTAR PESERTA'!C14 -> Andi Afif Najib Abdillah | L14: =(D14+E14+F14+G14+H14+I14+J14+K14)/8 -> 0
A15: ='INPUT DAFTAR PESERTA'!A15 -> 12 | B15: ='INPUT DAFTAR PESERTA'!B15 -> 2409056068 | C15: ='INPUT DAFTAR PESERTA'!C15 -> Christianus Gonzaga | L15: =(D15+E15+F15+G15+H15+I15+J15+K15)/8 -> 0
A16: ='INPUT DAFTAR PESERTA'!A16 -> 13 | B16: ='INPUT DAFTAR PESERTA'!B16 -> 2509056001 | C16: ='INPUT DAFTAR PESERTA'!C16 -> Mutiara Suci Rahmadani | D16: 95 | E16: 87 | F16: 98 | G16: 89 | H16: 95 | I16: 100 | J16: 96 | K16: 90 | L16: =(D16+E16+F16+G16+H16+I16+J16+K16)/8 -> 93.75
A17: ='INPUT DAFTAR PESERTA'!A17 -> 14 | B17: ='INPUT DAFTAR PESERTA'!B17 -> 2509056002 | C17: ='INPUT DAFTAR PESERTA'!C17 -> Adhwa Ghinna Febrianty | D17: 95 | E17: 86 | F17: 100 | G17: 92 | H17: 90 | I17: 100 | J17: 95 | K17: 90 | L17: =(D17+E17+F17+G17+H17+I17+J17+K17)/8 -> 93.5
A18: ='INPUT DAFTAR PESERTA'!A18 -> 15 | B18: ='INPUT DAFTAR PESERTA'!B18 -> 2509056003 | C18: ='INPUT DAFTAR PESERTA'!C18 -> Muhammad Daffa Alifiansyah | D18: 90 | E18: 90 | F18: 100 | G18: 86 | H18: 90 | I18: 30 | J18: 94 | K18: 90 | L18: =(D18+E18+F18+G18+H18+I18+J18+K18)/8 -> 83.75
A19: ='INPUT DAFTAR PESERTA'!A19 -> 16 | B19: ='INPUT DAFTAR PESERTA'!B19 -> 2509056004 | C19: ='INPUT DAFTAR PESERTA'!C19 -> Adya Nur Adzhuriva | L19: =(D19+E19+F19+G19+H19+I19+J19+K19)/8 -> 0
A20: ='INPUT DAFTAR PESERTA'!A20 -> 17 | B20: ='INPUT DAFTAR PESERTA'!B20 -> 2509056005 | C20: ='INPUT DAFTAR PESERTA'!C20 -> Cheva Fasha Prathama | L20: =(D20+E20+F20+G20+H20+I20+J20+K20)/8 -> 0
A21: ='INPUT DAFTAR PESERTA'!A21 -> 18 | B21: ='INPUT DAFTAR PESERTA'!B21 -> 2509056006 | C21: ='INPUT DAFTAR PESERTA'!C21 -> Muhammad Zaki Fadillah | L21: =(D21+E21+F21+G21+H21+I21+J21+K21)/8 -> 0
A22: ='INPUT DAFTAR PESERTA'!A22 -> 19 | B22: ='INPUT DAFTAR PESERTA'!B22 -> 2509056007 | C22: ='INPUT DAFTAR PESERTA'!C22 -> Widdyanti Fetrina Sefriany | L22: =(D22+E22+F22+G22+H22+I22+J22+K22)/8 -> 0
A23: ='INPUT DAFTAR PESERTA'!A23 -> 20 | B23: ='INPUT DAFTAR PESERTA'!B23 -> 2509056008 | C23: ='INPUT DAFTAR PESERTA'!C23 -> Gita Mufidatuzahrah | L23: =(D23+E23+F23+G23+H23+I23+J23+K23)/8 -> 0
A24: ='INPUT DAFTAR PESERTA'!A24 -> 21 | B24: ='INPUT DAFTAR PESERTA'!B24 -> 2509056009 | C24: ='INPUT DAFTAR PESERTA'!C24 -> Muhammad Hersal Ramadhan | D24: 90 | E24: 73 | F24: 96 | G24: 99 | H24: 80 | I24: 80 | J24: 96 | K24: 98 | L24: =(D24+E24+F24+G24+H24+I24+J24+K24)/8 -> 89
A25: ='INPUT DAFTAR PESERTA'!A25 -> 22 | B25: ='INPUT DAFTAR PESERTA'!B25 -> 2509056010 | C25: ='INPUT DAFTAR PESERTA'!C25 -> Chikal Fattiya Putri | L25: =(D25+E25+F25+G25+H25+I25+J25+K25)/8 -> 0
A26: ='INPUT DAFTAR PESERTA'!A26 -> 23 | B26: ='INPUT DAFTAR PESERTA'!B26 -> 2509056011 | C26: ='INPUT DAFTAR PESERTA'!C26 -> Muhammad Daffa Lailitama Sinaga | D26: 95 | E26: 92 | F26: 98 | G26: 95 | H26: 100 | I26: 100 | J26: 96 | K26: 98 | L26: =(D26+E26+F26+G26+H26+I26+J26+K26)/8 -> 96.75
A27: ='INPUT DAFTAR PESERTA'!A27 -> 24 | B27: ='INPUT DAFTAR PESERTA'!B27 -> 2509056012 | C27: ='INPUT DAFTAR PESERTA'!C27 -> Sera Ayu Ningsih | D27: 90 | E27: 42 | F27: 30 | G27: 60 | H27: 60 | I27: 35 | J27: 62 | K27: 90 | L27: =(D27+E27+F27+G27+H27+I27+J27+K27)/8 -> 58.625
A28: ='INPUT DAFTAR PESERTA'!A28 -> 25 | B28: ='INPUT DAFTAR PESERTA'!B28 -> 2509056013 | C28: ='INPUT DAFTAR PESERTA'!C28 -> Naufal Firdaus Syauqi | D28: 90 | E28: 83 | F28: 98 | G28: 83 | H28: 80 | I28: 100 | J28: 95 | K28: 90 | L28: =(D28+E28+F28+G28+H28+I28+J28+K28)/8 -> 89.875
A29: ='INPUT DAFTAR PESERTA'!A29 -> 26 | B29: ='INPUT DAFTAR PESERTA'!B29 -> 2509056014 | C29: ='INPUT DAFTAR PESERTA'!C29 -> Alexander Radja Roben Saragih | D29: 98 | E29: 88 | F29: 99 | G29: 99 | H29: 90 | I29: 100 | J29: 95 | K29: 98 | L29: =(D29+E29+F29+G29+H29+I29+J29+K29)/8 -> 95.875
A30: ='INPUT DAFTAR PESERTA'!A30 -> 27 | B30: ='INPUT DAFTAR PESERTA'!B30 -> 2509056015 | C30: ='INPUT DAFTAR PESERTA'!C30 -> Tiara Aqila Azzahra | D30: 90 | E30: 87 | F30: 100 | G30: 98 | H30: 80 | I30: 100 | J30: 96 | K30: 98 | L30: =(D30+E30+F30+G30+H30+I30+J30+K30)/8 -> 93.625
A31: ='INPUT DAFTAR PESERTA'!A31 -> 28 | B31: ='INPUT DAFTAR PESERTA'!B31 -> 2509056016 | C31: ='INPUT DAFTAR PESERTA'!C31 -> Muhammad Haikal Islamy Saputra | D31: 96 | E31: 81 | F31: 99 | G31: 89 | H31: 80 | I31: 100 | J31: 74 | K31: 90 | L31: =(D31+E31+F31+G31+H31+I31+J31+K31)/8 -> 88.625
A32: ='INPUT DAFTAR PESERTA'!A32 -> 29 | B32: ='INPUT DAFTAR PESERTA'!B32 -> 2509056017 | C32: ='INPUT DAFTAR PESERTA'!C32 -> Faatihur Rizki | D32: 96 | E32: 88 | F32: 98 | G32: 96 | H32: 90 | I32: 100 | J32: 96 | K32: 90 | L32: =(D32+E32+F32+G32+H32+I32+J32+K32)/8 -> 94.25
A33: ='INPUT DAFTAR PESERTA'!A33 -> 30 | B33: ='INPUT DAFTAR PESERTA'!B33 -> 2509056018 | C33: ='INPUT DAFTAR PESERTA'!C33 -> Rashya Annara Salsabilla Tomasoa | D33: 96 | E33: 97 | F33: 100 | G33: 98 | H33: 80 | I33: 100 | J33: 96 | K33: 98 | L33: =(D33+E33+F33+G33+H33+I33+J33+K33)/8 -> 95.625
A34: ='INPUT DAFTAR PESERTA'!A34 -> 31 | B34: ='INPUT DAFTAR PESERTA'!B34 -> 2509056019 | C34: ='INPUT DAFTAR PESERTA'!C34 -> Desta Novie Sulfianie | L34: =(D34+E34+F34+G34+H34+I34+J34+K34)/8 -> 0
A35: ='INPUT DAFTAR PESERTA'!A35 -> 32 | B35: ='INPUT DAFTAR PESERTA'!B35 -> 2509056020 | C35: ='INPUT DAFTAR PESERTA'!C35 -> Chandra Ahmad Dwinata | D35: 17 | E35: 25 | F35: 15 | G35: 42 | H35: 50 | I35: 27 | J35: 40 | K35: 50 | L35: =(D35+E35+F35+G35+H35+I35+J35+K35)/8 -> 33.25
A36: ='INPUT DAFTAR PESERTA'!A36 -> 33 | B36: ='INPUT DAFTAR PESERTA'!B36 -> 2509056021 | C36: ='INPUT DAFTAR PESERTA'!C36 -> Sopando Imanuel Sipayung | D36: 80 | E36: 98 | F36: 95 | G36: 91 | H36: 80 | I36: 100 | J36: 94 | K36: 98 | L36: =(D36+E36+F36+G36+H36+I36+J36+K36)/8 -> 92
A37: ='INPUT DAFTAR PESERTA'!A37 -> 34 | B37: ='INPUT DAFTAR PESERTA'!B37 -> 2509056022 | C37: ='INPUT DAFTAR PESERTA'!C37 -> Rayhan Winata Prabowo | D37: 80 | E37: 85 | F37: 100 | G37: 96 | H37: 90 | I37: 100 | J37: 96 | K37: 90 | L37: =(D37+E37+F37+G37+H37+I37+J37+K37)/8 -> 92.125
A38: ='INPUT DAFTAR PESERTA'!A38 -> 35 | B38: ='INPUT DAFTAR PESERTA'!B38 -> 2509056023 | C38: ='INPUT DAFTAR PESERTA'!C38 -> Ahmad Din Nejad | L38: =(D38+E38+F38+G38+H38+I38+J38+K38)/8 -> 0
A39: ='INPUT DAFTAR PESERTA'!A39 -> 36 | B39: ='INPUT DAFTAR PESERTA'!B39 -> 2509056024 | C39: ='INPUT DAFTAR PESERTA'!C39 -> Nabil Candra Hartanto | D39: 85 | E39: 78 | F39: 98 | G39: 92 | H39: 70 | I39: 100 | J39: 96 | K39: 90 | L39: =(D39+E39+F39+G39+H39+I39+J39+K39)/8 -> 88.625
A40: ='INPUT DAFTAR PESERTA'!A40 -> 37 | B40: ='INPUT DAFTAR PESERTA'!B40 -> 2509056025 | C40: ='INPUT DAFTAR PESERTA'!C40 -> Muhammad Rifqi Ibnu Malik | L40: =(D40+E40+F40+G40+H40+I40+J40+K40)/8 -> 0
A41: ='INPUT DAFTAR PESERTA'!A41 -> 38 | B41: ='INPUT DAFTAR PESERTA'!B41 -> 2509056026 | C41: ='INPUT DAFTAR PESERTA'!C41 -> Aditya Alfiansyah | L41: =(D41+E41+F41+G41+H41+I41+J41+K41)/8 -> 0
A42: ='INPUT DAFTAR PESERTA'!A42 -> 39 | B42: ='INPUT DAFTAR PESERTA'!B42 -> 2509056027 | C42: ='INPUT DAFTAR PESERTA'!C42 -> Muhammad Syauqi Nail | D42: 95 | E42: 91 | F42: 100 | G42: 90 | H42: 95 | I42: 80 | J42: 94 | K42: 90 | L42: =(D42+E42+F42+G42+H42+I42+J42+K42)/8 -> 91.875
A43: ='INPUT DAFTAR PESERTA'!A43 -> 40 | B43: ='INPUT DAFTAR PESERTA'!B43 -> 2509056028 | C43: ='INPUT DAFTAR PESERTA'!C43 -> Muhammad Rizky Nugraha | D43: 85 | E43: 85 | F43: 98 | G43: 92 | H43: 90 | I43: 100 | J43: 80 | K43: 80 | L43: =(D43+E43+F43+G43+H43+I43+J43+K43)/8 -> 88.75
A44: ='INPUT DAFTAR PESERTA'!A44 -> 41 | B44: ='INPUT DAFTAR PESERTA'!B44 -> 2509056029 | C44: ='INPUT DAFTAR PESERTA'!C44 -> Reyska Bintang Afdillah | L44: =(D44+E44+F44+G44+H44+I44+J44+K44)/8 -> 0
A45: ='INPUT DAFTAR PESERTA'!A45 -> 42 | B45: ='INPUT DAFTAR PESERTA'!B45 -> 2509056030 | C45: ='INPUT DAFTAR PESERTA'!C45 -> Muhammad Elo | D45: 73 | E45: 89 | F45: 100 | G45: 95 | H45: 80 | I45: 48 | J45: 85 | K45: 80 | L45: =(D45+E45+F45+G45+H45+I45+J45+K45)/8 -> 81.25
A46: ='INPUT DAFTAR PESERTA'!A46 -> 43 | B46: ='INPUT DAFTAR PESERTA'!B46 -> 2509056031 | C46: ='INPUT DAFTAR PESERTA'!C46 -> Naufal Herdizza Akbar Ps | D46: 96 | E46: 92 | F46: 100 | G46: 99 | H46: 80 | I46: 85 | J46: 96 | K46: 90 | L46: =(D46+E46+F46+G46+H46+I46+J46+K46)/8 -> 92.25
A47: ='INPUT DAFTAR PESERTA'!A47 -> 44 | B47: ='INPUT DAFTAR PESERTA'!B47 -> 2509056032 | C47: ='INPUT DAFTAR PESERTA'!C47 -> Dea Mila Marsela | L47: =(D47+E47+F47+G47+H47+I47+J47+K47)/8 -> 0
A48: ='INPUT DAFTAR PESERTA'!A48 -> 45 | B48: ='INPUT DAFTAR PESERTA'!B48 -> 2509056033 | C48: ='INPUT DAFTAR PESERTA'!C48 -> Ahmad Salman Nur | D48: 80 | E48: 89 | F48: 100 | G48: 98 | H48: 80 | I48: 85 | J48: 85 | K48: 90 | L48: =(D48+E48+F48+G48+H48+I48+J48+K48)/8 -> 88.375
A49: ='INPUT DAFTAR PESERTA'!A49 -> 46 | B49: ='INPUT DAFTAR PESERTA'!B49 -> 2509056035 | C49: ='INPUT DAFTAR PESERTA'!C49 -> Syahputra Lumbantoruan | L49: =(D49+E49+F49+G49+H49+I49+J49+K49)/8 -> 0
A50: ='INPUT DAFTAR PESERTA'!A50 -> 47 | B50: ='INPUT DAFTAR PESERTA'!B50 -> 2509056036 | C50: ='INPUT DAFTAR PESERTA'!C50 -> Furqan Ahmad | L50: =(D50+E50+F50+G50+H50+I50+J50+K50)/8 -> 0
A51: ='INPUT DAFTAR PESERTA'!A51 -> 48 | B51: ='INPUT DAFTAR PESERTA'!B51 -> 2509056037 | C51: ='INPUT DAFTAR PESERTA'!C51 -> Muhammad An Naafi Zaini | L51: =(D51+E51+F51+G51+H51+I51+J51+K51)/8 -> 0
A52: ='INPUT DAFTAR PESERTA'!A52 -> 49 | B52: ='INPUT DAFTAR PESERTA'!B52 -> 2509056038 | C52: ='INPUT DAFTAR PESERTA'!C52 -> Muh. Afriansyah Syafani | L52: =(D52+E52+F52+G52+H52+I52+J52+K52)/8 -> 0
A53: ='INPUT DAFTAR PESERTA'!A53 -> 50 | B53: ='INPUT DAFTAR PESERTA'!B53 -> 2509056039 | C53: ='INPUT DAFTAR PESERTA'!C53 -> Evan Hizky Edward Juliano Sahata Manihuruk | L53: =(D53+E53+F53+G53+H53+I53+J53+K53)/8 -> 0
A54: ='INPUT DAFTAR PESERTA'!A54 -> 51 | B54: ='INPUT DAFTAR PESERTA'!B54 -> 2509056040 | C54: ='INPUT DAFTAR PESERTA'!C54 -> Rasya Ataullah Arnata | L54: =(D54+E54+F54+G54+H54+I54+J54+K54)/8 -> 0
A55: ='INPUT DAFTAR PESERTA'!A55 -> 52 | B55: ='INPUT DAFTAR PESERTA'!B55 -> 2509056041 | C55: ='INPUT DAFTAR PESERTA'!C55 -> Yadi Ramadani | D55: 80 | E55: 80 | F55: 99 | G55: 87 | H55: 80 | I55: 100 | J55: 75 | K55: 90 | L55: =(D55+E55+F55+G55+H55+I55+J55+K55)/8 -> 86.375
A56: ='INPUT DAFTAR PESERTA'!A56 -> 53 | B56: ='INPUT DAFTAR PESERTA'!B56 -> 2509056042 | C56: ='INPUT DAFTAR PESERTA'!C56 -> Muhammad Alief Adz Dzikry Abdillah | L56: =(D56+E56+F56+G56+H56+I56+J56+K56)/8 -> 0
A57: ='INPUT DAFTAR PESERTA'!A57 -> 54 | B57: ='INPUT DAFTAR PESERTA'!B57 -> 2509056043 | C57: ='INPUT DAFTAR PESERTA'!C57 -> Hubert Abraham Pranoto Sirait | D57: 17 | E57: 43 | F57: 50 | G57: 47 | H57: 60 | I57: 10 | J57: 80 | K57: 60 | L57: =(D57+E57+F57+G57+H57+I57+J57+K57)/8 -> 45.875
A58: ='INPUT DAFTAR PESERTA'!A58 -> 55 | B58: ='INPUT DAFTAR PESERTA'!B58 -> 2509056044 | C58: ='INPUT DAFTAR PESERTA'!C58 -> Indah Tessalonica | L58: =(D58+E58+F58+G58+H58+I58+J58+K58)/8 -> 0
A59: ='INPUT DAFTAR PESERTA'!A59 -> 56 | B59: ='INPUT DAFTAR PESERTA'!B59 -> 2509056045 | C59: ='INPUT DAFTAR PESERTA'!C59 -> Fahrizi Al Rosid | L59: =(D59+E59+F59+G59+H59+I59+J59+K59)/8 -> 0
A60: ='INPUT DAFTAR PESERTA'!A60 -> 57 | B60: ='INPUT DAFTAR PESERTA'!B60 -> 2509056046 | C60: ='INPUT DAFTAR PESERTA'!C60 -> Syadid Musoffa | L60: =(D60+E60+F60+G60+H60+I60+J60+K60)/8 -> 0
A61: ='INPUT DAFTAR PESERTA'!A61 -> 58 | B61: ='INPUT DAFTAR PESERTA'!B61 -> 2509056047 | C61: ='INPUT DAFTAR PESERTA'!C61 -> Oktovianus Sirante | D61: 96 | E61: 90 | F61: 98 | G61: 92 | H61: 80 | I61: 90 | J61: 96 | K61: 98 | L61: =(D61+E61+F61+G61+H61+I61+J61+K61)/8 -> 92.5
A62: ='INPUT DAFTAR PESERTA'!A62 -> 59 | B62: ='INPUT DAFTAR PESERTA'!B62 -> 2509056048 | C62: ='INPUT DAFTAR PESERTA'!C62 -> Cristover Rafael Milang | L62: =(D62+E62+F62+G62+H62+I62+J62+K62)/8 -> 0
A63: ='INPUT DAFTAR PESERTA'!A63 -> 60 | B63: ='INPUT DAFTAR PESERTA'!B63 -> 2509056049 | C63: ='INPUT DAFTAR PESERTA'!C63 -> Kevin Angeliano Jonathan | D63: 86 | E63: 83 | F63: 99 | G63: 98 | H63: 80 | I63: 90 | J63: 94 | K63: 90 | L63: =(D63+E63+F63+G63+H63+I63+J63+K63)/8 -> 90
A64: ='INPUT DAFTAR PESERTA'!A64 -> 61 | B64: ='INPUT DAFTAR PESERTA'!B64 -> 2509056050 | C64: ='INPUT DAFTAR PESERTA'!C64 -> Fajar Arif Suyanto | L64: =(D64+E64+F64+G64+H64+I64+J64+K64)/8 -> 0
A65: ='INPUT DAFTAR PESERTA'!A65 -> 62 | B65: ='INPUT DAFTAR PESERTA'!B65 -> 2509056051 | C65: ='INPUT DAFTAR PESERTA'!C65 -> Satria Rizla Marlanata | D65: 90 | E65: 87 | F65: 99 | G65: 92 | H65: 90 | I65: 85 | J65: 95 | K65: 98 | L65: =(D65+E65+F65+G65+H65+I65+J65+K65)/8 -> 92
A66: ='INPUT DAFTAR PESERTA'!A66 -> 63 | B66: ='INPUT DAFTAR PESERTA'!B66 -> 2509056052 | C66: ='INPUT DAFTAR PESERTA'!C66 -> Aulya Azhari | L66: =(D66+E66+F66+G66+H66+I66+J66+K66)/8 -> 0
A67: ='INPUT DAFTAR PESERTA'!A67 -> 64 | B67: ='INPUT DAFTAR PESERTA'!B67 -> 2509056053 | C67: ='INPUT DAFTAR PESERTA'!C67 -> Muhammad Farrel Ardiano | D67: 58 | E67: 83 | F67: 100 | G67: 89 | H67: 90 | I67: 100 | J67: 96 | K67: 90 | L67: =(D67+E67+F67+G67+H67+I67+J67+K67)/8 -> 88.25
A68: ='INPUT DAFTAR PESERTA'!A68 -> 65 | B68: ='INPUT DAFTAR PESERTA'!B68 -> 2509056054 | C68: ='INPUT DAFTAR PESERTA'!C68 -> Arlan Candra Antholyn | D68: 90 | E68: 84 | F68: 98 | G68: 97 | H68: 80 | I68: 45 | J68: 95 | K68: 90 | L68: =(D68+E68+F68+G68+H68+I68+J68+K68)/8 -> 84.875
A69: ='INPUT DAFTAR PESERTA'!A69 -> 66 | B69: ='INPUT DAFTAR PESERTA'!B69 -> 2509056055 | C69: ='INPUT DAFTAR PESERTA'!C69 -> Taufan Akbar Bunawan | D69: 85 | E69: 86 | F69: 98 | G69: 96 | H69: 90 | I69: 100 | J69: 94 | K69: 90 | L69: =(D69+E69+F69+G69+H69+I69+J69+K69)/8 -> 92.375
A70: ='INPUT DAFTAR PESERTA'!A70 -> 67 | B70: ='INPUT DAFTAR PESERTA'!B70 -> 2509056056 | C70: ='INPUT DAFTAR PESERTA'!C70 -> Mario Wildhan Wibisono | L70: =(D70+E70+F70+G70+H70+I70+J70+K70)/8 -> 0
A71: ='INPUT DAFTAR PESERTA'!A71 -> 68 | B71: ='INPUT DAFTAR PESERTA'!B71 -> 2509056057 | C71: ='INPUT DAFTAR PESERTA'!C71 -> Immanuel Wisnu Siahaan | D71: 80 | E71: 98 | F71: 100 | G71: 99 | H71: 100 | I71: 100 | J71: 97 | K71: 98 | L71: =(D71+E71+F71+G71+H71+I71+J71+K71)/8 -> 96.5
A72: ='INPUT DAFTAR PESERTA'!A72 -> 69 | B72: ='INPUT DAFTAR PESERTA'!B72 -> 2509056058 | C72: ='INPUT DAFTAR PESERTA'!C72 -> Hebron Ketter Pagalla' | D72: 80 | E72: 46 | F72: 34 | G72: 52 | H72: 60 | I72: 0 | J72: 33 | K72: 70 | L72: =(D72+E72+F72+G72+H72+I72+J72+K72)/8 -> 46.875
A73: ='INPUT DAFTAR PESERTA'!A73 -> 70 | B73: ='INPUT DAFTAR PESERTA'!B73 -> 2509056059 | C73: ='INPUT DAFTAR PESERTA'!C73 -> Wildan Akmal Zaky | D73: 85 | E73: 79 | F73: 80 | G73: 86 | H73: 70 | I73: 80 | J73: 85 | K73: 80 | L73: =(D73+E73+F73+G73+H73+I73+J73+K73)/8 -> 80.625
A74: ='INPUT DAFTAR PESERTA'!A74 -> 71 | B74: ='INPUT DAFTAR PESERTA'!B74 -> 2509056060 | C74: ='INPUT DAFTAR PESERTA'!C74 -> Daglish Santos Peke Deku | L74: =(D74+E74+F74+G74+H74+I74+J74+K74)/8 -> 0
A75: ='INPUT DAFTAR PESERTA'!A75 -> 72 | B75: ='INPUT DAFTAR PESERTA'!B75 -> 2509056061 | C75: ='INPUT DAFTAR PESERTA'!C75 -> Muhammad Yazid Ilmani | D75: 85 | E75: 80 | F75: 98 | G75: 92 | H75: 95 | I75: 100 | J75: 90 | K75: 95 | L75: =(D75+E75+F75+G75+H75+I75+J75+K75)/8 -> 91.875
A76: ='INPUT DAFTAR PESERTA'!A76 -> 73 | B76: ='INPUT DAFTAR PESERTA'!B76 -> 2509056062 | C76: ='INPUT DAFTAR PESERTA'!C76 -> Reyhan Feryand Tandililing | D76: 57 | E76: 35 | F76: 15 | G76: 32 | H76: 50 | I76: 23.5 | J76: 40 | K76: 50 | L76: =(D76+E76+F76+G76+H76+I76+J76+K76)/8 -> 37.8125
A77: ='INPUT DAFTAR PESERTA'!A77 -> 74 | B77: ='INPUT DAFTAR PESERTA'!B77 -> 2509056063 | C77: ='INPUT DAFTAR PESERTA'!C77 -> Riski Apryanto | L77: =(D77+E77+F77+G77+H77+I77+J77+K77)/8 -> 0
A78: ='INPUT DAFTAR PESERTA'!A78 -> 75 | B78: ='INPUT DAFTAR PESERTA'!B78 -> 2509056064 | C78: ='INPUT DAFTAR PESERTA'!C78 -> Dina Molitha Dwi Manggarani | D78: 74 | E78: 92 | F78: 98 | G78: 93 | H78: 90 | I78: 100 | J78: 96 | K78: 100 | L78: =(D78+E78+F78+G78+H78+I78+J78+K78)/8 -> 92.875
A79: ='INPUT DAFTAR PESERTA'!A79 -> 76 | B79: ='INPUT DAFTAR PESERTA'!B79 -> 2509056065 | C79: ='INPUT DAFTAR PESERTA'!C79 -> Ahmad Dival Halim | D79: 88 | E79: 90 | F79: 98 | G79: 90 | H79: 80 | I79: 100 | J79: 75 | K79: 95 | L79: =(D79+E79+F79+G79+H79+I79+J79+K79)/8 -> 89.5
A80: ='INPUT DAFTAR PESERTA'!A80 -> 77 | B80: ='INPUT DAFTAR PESERTA'!B80 -> 2509056066 | C80: ='INPUT DAFTAR PESERTA'!C80 -> Sultan Islamy Pasha | D80: 47 | E80: 81 | F80: 98 | G80: 92 | H80: 80 | I80: 85 | J80: 97 | K80: 90 | L80: =(D80+E80+F80+G80+H80+I80+J80+K80)/8 -> 83.75
A81: ='INPUT DAFTAR PESERTA'!A81 -> 78 | B81: ='INPUT DAFTAR PESERTA'!B81 -> 2509056069 | C81: ='INPUT DAFTAR PESERTA'!C81 -> Reyhan Resqy Pratama | L81: =(D81+E81+F81+G81+H81+I81+J81+K81)/8 -> 0
A82: ='INPUT DAFTAR PESERTA'!A82 -> 79 | B82: ='INPUT DAFTAR PESERTA'!B82 -> 2509056070 | C82: ='INPUT DAFTAR PESERTA'!C82 -> Riendri Novtrianto Luden | L82: =(D82+E82+F82+G82+H82+I82+J82+K82)/8 -> 0
A83: ='INPUT DAFTAR PESERTA'!A83 -> 80 | B83: ='INPUT DAFTAR PESERTA'!B83 -> 2509056071 | C83: ='INPUT DAFTAR PESERTA'!C83 -> Ergie Yehezkiel Simanjuntak | L83: =(D83+E83+F83+G83+H83+I83+J83+K83)/8 -> 0
A84: ='INPUT DAFTAR PESERTA'!A84 -> 81 | B84: ='INPUT DAFTAR PESERTA'!B84 -> 2509056072 | C84: ='INPUT DAFTAR PESERTA'!C84 -> Nobergotardo .A | L84: =(D84+E84+F84+G84+H84+I84+J84+K84)/8 -> 0
A85: ='INPUT DAFTAR PESERTA'!A85 -> 82 | B85: ='INPUT DAFTAR PESERTA'!B85 -> 2509056073 | C85: ='INPUT DAFTAR PESERTA'!C85 -> Rasikhah Fitri | L85: =(D85+E85+F85+G85+H85+I85+J85+K85)/8 -> 0
A86: ='INPUT DAFTAR PESERTA'!A86 -> 83 | B86: ='INPUT DAFTAR PESERTA'!B86 -> 2509056075 | C86: ='INPUT DAFTAR PESERTA'!C86 -> Cantika Salwa Hanifa | L86: =(D86+E86+F86+G86+H86+I86+J86+K86)/8 -> 0
A87: ='INPUT DAFTAR PESERTA'!A87 -> 84 | B87: ='INPUT DAFTAR PESERTA'!B87 -> 2509056076 | C87: ='INPUT DAFTAR PESERTA'!C87 -> Andi Arief Bintang | D87: 90 | E87: 53 | F87: 85 | G87: 87 | H87: 60 | I87: 40 | J87: 75 | K87: 95 | L87: =(D87+E87+F87+G87+H87+I87+J87+K87)/8 -> 73.125
A88: ='INPUT DAFTAR PESERTA'!A88 -> 85 | B88: ='INPUT DAFTAR PESERTA'!B88 -> 2509056077 | C88: ='INPUT DAFTAR PESERTA'!C88 -> Al Hamdan | L88: =(D88+E88+F88+G88+H88+I88+J88+K88)/8 -> 0
A89: ='INPUT DAFTAR PESERTA'!A89 -> 86 | B89: ='INPUT DAFTAR PESERTA'!B89 -> 2509056074 | C89: ='INPUT DAFTAR PESERTA'!C89 -> Andi Muhammad Caeril Irfan | L89: =(D89+E89+F89+G89+H89+I89+J89+K89)/8 -> 0
A90: Jumlah Mahasiswa Tidak Mengumpulkan Lapres | L90: =COUNTIF(L4:L89, 0) -> 47
A98: ='INPUT DAFTAR PESERTA'!A98
A99: ='INPUT DAFTAR PESERTA'!A99

Sheet PENULISAN LAPORAN
A1: HOME
A3: NO | B3: Nim | C3: Nama | D3: Laporan Mingguan | L3: Rata-rata | M3: Resmi | N3: Nilai Akhir
D4: Modul 1 | E4: Modul 2 | F4: Modul 3 | G4: Modul 4 | H4: Modul 5 | I4: Modul 6 | J4: Modul 7 | K4: Modul 8 | L4: 0.5 | M4: 0.5
A5: ='INPUT DAFTAR PESERTA'!A4 -> 1 | B5: ='INPUT DAFTAR PESERTA'!B4 -> 2309056046 | C5: ='INPUT DAFTAR PESERTA'!C4 -> Erwin | D5: 50 | E5: 0 | F5: 0 | G5: 0 | H5: 70 | I5: 0 | J5: 0 | K5: 0 | L5: =(D5+E5+F5+G5+H5+I5+J5+K5)/8 -> 15 | M5: ='LAPORAN RESMI'!L4 -> 39.375 | N5: =(L5*$L$4)+(M5*$M$4) -> 27.1875
A6: ='INPUT DAFTAR PESERTA'!A5 -> 2 | B6: ='INPUT DAFTAR PESERTA'!B5 -> 2409056015 | C6: ='INPUT DAFTAR PESERTA'!C5 -> Denny Setiawan | G6: 0 | H6: 0 | I6: 0 | J6: 0 | K6: 0 | L6: =(D6+E6+F6+G6+H6+I6+J6+K6)/8 -> 0 | M6: ='LAPORAN RESMI'!L5 -> 0 | N6: =(L6*$L$4)+(M6*$M$4) -> 0
A7: ='INPUT DAFTAR PESERTA'!A6 -> 3 | B7: ='INPUT DAFTAR PESERTA'!B6 -> 2409056031 | C7: ='INPUT DAFTAR PESERTA'!C6 -> Rahmad Oka Aufa Ramadan | G7: 0 | H7: 0 | I7: 0 | K7: 0 | L7: =(D7+E7+F7+G7+H7+I7+J7+K7)/8 -> 0 | M7: ='LAPORAN RESMI'!L6 -> 0 | N7: =(L7*$L$4)+(M7*$M$4) -> 0
A8: ='INPUT DAFTAR PESERTA'!A7 -> 4 | B8: ='INPUT DAFTAR PESERTA'!B7 -> 2409056032 | C8: ='INPUT DAFTAR PESERTA'!C7 -> Stewa Syaifa Bakhid | G8: 0 | H8: 0 | I8: 0 | K8: 0 | L8: =(D8+E8+F8+G8+H8+I8+J8+K8)/8 -> 0 | M8: ='LAPORAN RESMI'!L7 -> 0 | N8: =(L8*$L$4)+(M8*$M$4) -> 0
A9: ='INPUT DAFTAR PESERTA'!A8 -> 5 | B9: ='INPUT DAFTAR PESERTA'!B8 -> 2409056033 | C9: ='INPUT DAFTAR PESERTA'!C8 -> Adnan Fadil Annur | D9: 85 | G9: 0 | H9: 0 | I9: 0 | K9: 0 | L9: =(D9+E9+F9+G9+H9+I9+J9+K9)/8 -> 10.625 | M9: ='LAPORAN RESMI'!L8 -> 0 | N9: =(L9*$L$4)+(M9*$M$4) -> 5.3125
A10: ='INPUT DAFTAR PESERTA'!A9 -> 6 | B10: ='INPUT DAFTAR PESERTA'!B9 -> 2409056039 | C10: ='INPUT DAFTAR PESERTA'!C9 -> Muhammad Hasbi Ash Shiddieqy | G10: 0 | H10: 0 | I10: 0 | K10: 0 | L10: =(D10+E10+F10+G10+H10+I10+J10+K10)/8 -> 0 | M10: ='LAPORAN RESMI'!L9 -> 0 | N10: =(L10*$L$4)+(M10*$M$4) -> 0
A11: ='INPUT DAFTAR PESERTA'!A10 -> 7 | B11: ='INPUT DAFTAR PESERTA'!B10 -> 2409056044 | C11: ='INPUT DAFTAR PESERTA'!C10 -> Siti Aisyah Hasanah | G11: 0 | H11: 0 | I11: 0 | K11: 0 | L11: =(D11+E11+F11+G11+H11+I11+J11+K11)/8 -> 0 | M11: ='LAPORAN RESMI'!L10 -> 0 | N11: =(L11*$L$4)+(M11*$M$4) -> 0
A12: ='INPUT DAFTAR PESERTA'!A11 -> 8 | B12: ='INPUT DAFTAR PESERTA'!B11 -> 2409056047 | C12: ='INPUT DAFTAR PESERTA'!C11 -> D’arch Hweng Junior | G12: 0 | H12: 0 | I12: 0 | K12: 0 | L12: =(D12+E12+F12+G12+H12+I12+J12+K12)/8 -> 0 | M12: ='LAPORAN RESMI'!L11 -> 0 | N12: =(L12*$L$4)+(M12*$M$4) -> 0
A13: ='INPUT DAFTAR PESERTA'!A12 -> 9 | B13: ='INPUT DAFTAR PESERTA'!B12 -> 2409056052 | C13: ='INPUT DAFTAR PESERTA'!C12 -> Andi Syaifullah Al Maslulil Agri | G13: 0 | H13: 0 | I13: 0 | K13: 0 | L13: =(D13+E13+F13+G13+H13+I13+J13+K13)/8 -> 0 | M13: ='LAPORAN RESMI'!L12 -> 0 | N13: =(L13*$L$4)+(M13*$M$4) -> 0
A14: ='INPUT DAFTAR PESERTA'!A13 -> 10 | B14: ='INPUT DAFTAR PESERTA'!B13 -> 2409056058 | C14: ='INPUT DAFTAR PESERTA'!C13 -> Andre Pratama | G14: 0 | H14: 0 | I14: 0 | K14: 0 | L14: =(D14+E14+F14+G14+H14+I14+J14+K14)/8 -> 0 | M14: ='LAPORAN RESMI'!L13 -> 0 | N14: =(L14*$L$4)+(M14*$M$4) -> 0
A15: ='INPUT DAFTAR PESERTA'!A14 -> 11 | B15: ='INPUT DAFTAR PESERTA'!B14 -> 2409056067 | C15: ='INPUT DAFTAR PESERTA'!C14 -> Andi Afif Najib Abdillah | G15: 0 | H15: 0 | I15: 0 | K15: 0 | L15: =(D15+E15+F15+G15+H15+I15+J15+K15)/8 -> 0 | M15: ='LAPORAN RESMI'!L14 -> 0 | N15: =(L15*$L$4)+(M15*$M$4) -> 0
A16: ='INPUT DAFTAR PESERTA'!A15 -> 12 | B16: ='INPUT DAFTAR PESERTA'!B15 -> 2409056068 | C16: ='INPUT DAFTAR PESERTA'!C15 -> Christianus Gonzaga | G16: 0 | H16: 0 | I16: 0 | K16: 0 | L16: =(D16+E16+F16+G16+H16+I16+J16+K16)/8 -> 0 | M16: ='LAPORAN RESMI'!L15 -> 0 | N16: =(L16*$L$4)+(M16*$M$4) -> 0
A17: ='INPUT DAFTAR PESERTA'!A16 -> 13 | B17: ='INPUT DAFTAR PESERTA'!B16 -> 2509056001 | C17: ='INPUT DAFTAR PESERTA'!C16 -> Mutiara Suci Rahmadani | D17: 50 | E17: 57 | F17: 71 | G17: 84 | H17: 37 | I17: 36 | J17: 91 | K17: 49 | L17: =(D17+E17+F17+G17+H17+I17+J17+K17)/8 -> 59.375 | M17: ='LAPORAN RESMI'!L16 -> 93.75 | N17: =(L17*$L$4)+(M17*$M$4) -> 76.5625
A18: ='INPUT DAFTAR PESERTA'!A17 -> 14 | B18: ='INPUT DAFTAR PESERTA'!B17 -> 2509056002 | C18: ='INPUT DAFTAR PESERTA'!C17 -> Adhwa Ghinna Febrianty | D18: 75 | E18: 41 | F18: 81 | G18: 70 | H18: 0 | I18: 48 | J18: 49 | K18: 0 | L18: =(D18+E18+F18+G18+H18+I18+J18+K18)/8 -> 45.5 | M18: ='LAPORAN RESMI'!L17 -> 93.5 | N18: =(L18*$L$4)+(M18*$M$4) -> 69.5
A19: ='INPUT DAFTAR PESERTA'!A18 -> 15 | B19: ='INPUT DAFTAR PESERTA'!B18 -> 2509056003 | C19: ='INPUT DAFTAR PESERTA'!C18 -> Muhammad Daffa Alifiansyah | D19: 65 | E19: 83 | F19: 79 | G19: 81 | H19: 0 | I19: 26 | J19: 89 | K19: 0 | L19: =(D19+E19+F19+G19+H19+I19+J19+K19)/8 -> 52.875 | M19: ='LAPORAN RESMI'!L18 -> 83.75 | N19: =(L19*$L$4)+(M19*$M$4) -> 68.3125
A20: ='INPUT DAFTAR PESERTA'!A19 -> 16 | B20: ='INPUT DAFTAR PESERTA'!B19 -> 2509056004 | C20: ='INPUT DAFTAR PESERTA'!C19 -> Adya Nur Adzhuriva | G20: 0 | H20: 0 | I20: 5 | K20: 0 | L20: =(D20+E20+F20+G20+H20+I20+J20+K20)/8 -> 0.625 | M20: ='LAPORAN RESMI'!L19 -> 0 | N20: =(L20*$L$4)+(M20*$M$4) -> 0.3125
A21: ='INPUT DAFTAR PESERTA'!A20 -> 17 | B21: ='INPUT DAFTAR PESERTA'!B20 -> 2509056005 | C21: ='INPUT DAFTAR PESERTA'!C20 -> Cheva Fasha Prathama | G21: 0 | H21: 0 | I21: 0 | K21: 0 | L21: =(D21+E21+F21+G21+H21+I21+J21+K21)/8 -> 0 | M21: ='LAPORAN RESMI'!L20 -> 0 | N21: =(L21*$L$4)+(M21*$M$4) -> 0
A22: ='INPUT DAFTAR PESERTA'!A21 -> 18 | B22: ='INPUT DAFTAR PESERTA'!B21 -> 2509056006 | C22: ='INPUT DAFTAR PESERTA'!C21 -> Muhammad Zaki Fadillah | G22: 0 | H22: 0 | I22: 0 | K22: 0 | L22: =(D22+E22+F22+G22+H22+I22+J22+K22)/8 -> 0 | M22: ='LAPORAN RESMI'!L21 -> 0 | N22: =(L22*$L$4)+(M22*$M$4) -> 0
A23: ='INPUT DAFTAR PESERTA'!A22 -> 19 | B23: ='INPUT DAFTAR PESERTA'!B22 -> 2509056007 | C23: ='INPUT DAFTAR PESERTA'!C22 -> Widdyanti Fetrina Sefriany | G23: 0 | H23: 0 | I23: 0 | K23: 0 | L23: =(D23+E23+F23+G23+H23+I23+J23+K23)/8 -> 0 | M23: ='LAPORAN RESMI'!L22 -> 0 | N23: =(L23*$L$4)+(M23*$M$4) -> 0
A24: ='INPUT DAFTAR PESERTA'!A23 -> 20 | B24: ='INPUT DAFTAR PESERTA'!B23 -> 2509056008 | C24: ='INPUT DAFTAR PESERTA'!C23 -> Gita Mufidatuzahrah | D24: 47 | G24: 0 | H24: 0 | I24: 0 | J24: 28 | K24: 0 | L24: =(D24+E24+F24+G24+H24+I24+J24+K24)/8 -> 9.375 | M24: ='LAPORAN RESMI'!L23 -> 0 | N24: =(L24*$L$4)+(M24*$M$4) -> 4.6875
A25: ='INPUT DAFTAR PESERTA'!A24 -> 21 | B25: ='INPUT DAFTAR PESERTA'!B24 -> 2509056009 | C25: ='INPUT DAFTAR PESERTA'!C24 -> Muhammad Hersal Ramadhan | D25: 47 | E25: 50 | F25: 83 | G25: 76 | H25: 77 | I25: 0 | J25: 0 | K25: 0 | L25: =(D25+E25+F25+G25+H25+I25+J25+K25)/8 -> 41.625 | M25: ='LAPORAN RESMI'!L24 -> 89 | N25: =(L25*$L$4)+(M25*$M$4) -> 65.3125
A26: ='INPUT DAFTAR PESERTA'!A25 -> 22 | B26: ='INPUT DAFTAR PESERTA'!B25 -> 2509056010 | C26: ='INPUT DAFTAR PESERTA'!C25 -> Chikal Fattiya Putri | G26: 0 | H26: 28 | I26: 25 | J26: 48 | K26: 0 | L26: =(D26+E26+F26+G26+H26+I26+J26+K26)/8 -> 12.625 | M26: ='LAPORAN RESMI'!L25 -> 0 | N26: =(L26*$L$4)+(M26*$M$4) -> 6.3125
A27: ='INPUT DAFTAR PESERTA'!A26 -> 23 | B27: ='INPUT DAFTAR PESERTA'!B26 -> 2509056011 | C27: ='INPUT DAFTAR PESERTA'!C26 -> Muhammad Daffa Lailitama Sinaga | D27: 75 | E27: 0 | F27: 75 | G27: 95 | H27: 93 | I27: 49 | J27: 87 | K27: 28 | L27: =(D27+E27+F27+G27+H27+I27+J27+K27)/8 -> 62.75 | M27: ='LAPORAN RESMI'!L26 -> 96.75 | N27: =(L27*$L$4)+(M27*$M$4) -> 79.75
A28: ='INPUT DAFTAR PESERTA'!A27 -> 24 | B28: ='INPUT DAFTAR PESERTA'!B27 -> 2509056012 | C28: ='INPUT DAFTAR PESERTA'!C27 -> Sera Ayu Ningsih | D28: 0 | E28: 0 | F28: 0 | G28: 70 | H28: 30 | I28: 31 | J28: 62 | K28: 0 | L28: =(D28+E28+F28+G28+H28+I28+J28+K28)/8 -> 24.125 | M28: ='LAPORAN RESMI'!L27 -> 58.625 | N28: =(L28*$L$4)+(M28*$M$4) -> 41.375
A29: ='INPUT DAFTAR PESERTA'!A28 -> 25 | B29: ='INPUT DAFTAR PESERTA'!B28 -> 2509056013 | C29: ='INPUT DAFTAR PESERTA'!C28 -> Naufal Firdaus Syauqi | D29: 72 | F29: 36 | G29: 66 | H29: 45 | I29: 29 | J29: 62 | K29: 60 | L29: =(D29+E29+F29+G29+H29+I29+J29+K29)/8 -> 46.25 | M29: ='LAPORAN RESMI'!L28 -> 89.875 | N29: =(L29*$L$4)+(M29*$M$4) -> 68.0625
A30: ='INPUT DAFTAR PESERTA'!A29 -> 26 | B30: ='INPUT DAFTAR PESERTA'!B29 -> 2509056014 | C30: ='INPUT DAFTAR PESERTA'!C29 -> Alexander Radja Roben Saragih | D30: 83 | E30: 51 | F30: 98 | G30: 93 | H30: 90 | I30: 93 | J30: 84 | K30: 75 | L30: =(D30+E30+F30+G30+H30+I30+J30+K30)/8 -> 83.375 | M30: ='LAPORAN RESMI'!L29 -> 95.875 | N30: =(L30*$L$4)+(M30*$M$4) -> 89.625
A31: ='INPUT DAFTAR PESERTA'!A30 -> 27 | B31: ='INPUT DAFTAR PESERTA'!B30 -> 2509056015 | C31: ='INPUT DAFTAR PESERTA'!C30 -> Tiara Aqila Azzahra | D31: 48 | E31: 64 | F31: 44 | G31: 82 | H31: 92 | I31: 39 | J31: 74 | K31: 60 | L31: =(D31+E31+F31+G31+H31+I31+J31+K31)/8 -> 62.875 | M31: ='LAPORAN RESMI'!L30 -> 93.625 | N31: =(L31*$L$4)+(M31*$M$4) -> 78.25
A32: ='INPUT DAFTAR PESERTA'!A31 -> 28 | B32: ='INPUT DAFTAR PESERTA'!B31 -> 2509056016 | C32: ='INPUT DAFTAR PESERTA'!C31 -> Muhammad Haikal Islamy Saputra | D32: 0 | E32: 36 | F32: 0 | G32: 71 | H32: 38 | I32: 24 | J32: 74 | K32: 63 | L32: =(D32+E32+F32+G32+H32+I32+J32+K32)/8 -> 38.25 | M32: ='LAPORAN RESMI'!L31 -> 88.625 | N32: =(L32*$L$4)+(M32*$M$4) -> 63.4375
A33: ='INPUT DAFTAR PESERTA'!A32 -> 29 | B33: ='INPUT DAFTAR PESERTA'!B32 -> 2509056017 | C33: ='INPUT DAFTAR PESERTA'!C32 -> Faatihur Rizki | D33: 0 | E33: 0 | F33: 29 | G33: 57 | H33: 50 | I33: 54 | J33: 61 | K33: 57 | L33: =(D33+E33+F33+G33+H33+I33+J33+K33)/8 -> 38.5 | M33: ='LAPORAN RESMI'!L32 -> 94.25 | N33: =(L33*$L$4)+(M33*$M$4) -> 66.375
A34: ='INPUT DAFTAR PESERTA'!A33 -> 30 | B34: ='INPUT DAFTAR PESERTA'!B33 -> 2509056018 | C34: ='INPUT DAFTAR PESERTA'!C33 -> Rashya Annara Salsabilla Tomasoa | D34: 63 | E34: 88 | F34: 85 | G34: 87 | H34: 88 | I34: 44 | J34: 86 | K34: 0 | L34: =(D34+E34+F34+G34+H34+I34+J34+K34)/8 -> 67.625 | M34: ='LAPORAN RESMI'!L33 -> 95.625 | N34: =(L34*$L$4)+(M34*$M$4) -> 81.625
A35: ='INPUT DAFTAR PESERTA'!A34 -> 31 | B35: ='INPUT DAFTAR PESERTA'!B34 -> 2509056019 | C35: ='INPUT DAFTAR PESERTA'!C34 -> Desta Novie Sulfianie | E35: 0 | F35: 43 | G35: 0 | H35: 40 | I35: 30 | K35: 0 | L35: =(D35+E35+F35+G35+H35+I35+J35+K35)/8 -> 14.125 | M35: ='LAPORAN RESMI'!L34 -> 0 | N35: =(L35*$L$4)+(M35*$M$4) -> 7.0625
A36: ='INPUT DAFTAR PESERTA'!A35 -> 32 | B36: ='INPUT DAFTAR PESERTA'!B35 -> 2509056020 | C36: ='INPUT DAFTAR PESERTA'!C35 -> Chandra Ahmad Dwinata | E36: 0 | F36: 30 | G36: 26 | H36: 68 | I36: 5 | J36: 23 | K36: 17 | L36: =(D36+E36+F36+G36+H36+I36+J36+K36)/8 -> 21.125 | M36: ='LAPORAN RESMI'!L35 -> 33.25 | N36: =(L36*$L$4)+(M36*$M$4) -> 27.1875
A37: ='INPUT DAFTAR PESERTA'!A36 -> 33 | B37: ='INPUT DAFTAR PESERTA'!B36 -> 2509056021 | C37: ='INPUT DAFTAR PESERTA'!C36 -> Sopando Imanuel Sipayung | D37: 77 | E37: 94 | F37: 63 | G37: 56 | H37: 75 | I37: 77 | J37: 71 | K37: 0 | L37: =(D37+E37+F37+G37+H37+I37+J37+K37)/8 -> 64.125 | M37: ='LAPORAN RESMI'!L36 -> 92 | N37: =(L37*$L$4)+(M37*$M$4) -> 78.0625
A38: ='INPUT DAFTAR PESERTA'!A37 -> 34 | B38: ='INPUT DAFTAR PESERTA'!B37 -> 2509056022 | C38: ='INPUT DAFTAR PESERTA'!C37 -> Rayhan Winata Prabowo | D38: 0 | E38: 55 | F38: 44 | G38: 81 | H38: 21 | I38: 19 | J38: 45 | K38: 53 | L38: =(D38+E38+F38+G38+H38+I38+J38+K38)/8 -> 39.75 | M38: ='LAPORAN RESMI'!L37 -> 92.125 | N38: =(L38*$L$4)+(M38*$M$4) -> 65.9375
A39: ='INPUT DAFTAR PESERTA'!A38 -> 35 | B39: ='INPUT DAFTAR PESERTA'!B38 -> 2509056023 | C39: ='INPUT DAFTAR PESERTA'!C38 -> Ahmad Din Nejad | E39: 0 | G39: 0 | H39: 0 | I39: 0 | K39: 0 | L39: =(D39+E39+F39+G39+H39+I39+J39+K39)/8 -> 0 | M39: ='LAPORAN RESMI'!L38 -> 0 | N39: =(L39*$L$4)+(M39*$M$4) -> 0
A40: ='INPUT DAFTAR PESERTA'!A39 -> 36 | B40: ='INPUT DAFTAR PESERTA'!B39 -> 2509056024 | C40: ='INPUT DAFTAR PESERTA'!C39 -> Nabil Candra Hartanto | D40: 57 | E40: 0 | F40: 71 | G40: 0 | H40: 0 | I40: 38 | J40: 31 | K40: 0 | L40: =(D40+E40+F40+G40+H40+I40+J40+K40)/8 -> 24.625 | M40: ='LAPORAN RESMI'!L39 -> 88.625 | N40: =(L40*$L$4)+(M40*$M$4) -> 56.625
A41: ='INPUT DAFTAR PESERTA'!A40 -> 37 | B41: ='INPUT DAFTAR PESERTA'!B40 -> 2509056025 | C41: ='INPUT DAFTAR PESERTA'!C40 -> Muhammad Rifqi Ibnu Malik | D41: 37 | G41: 0 | H41: 38 | I41: 0 | J41: 25 | K41: 39 | L41: =(D41+E41+F41+G41+H41+I41+J41+K41)/8 -> 17.375 | M41: ='LAPORAN RESMI'!L40 -> 0 | N41: =(L41*$L$4)+(M41*$M$4) -> 8.6875
A42: ='INPUT DAFTAR PESERTA'!A41 -> 38 | B42: ='INPUT DAFTAR PESERTA'!B41 -> 2509056026 | C42: ='INPUT DAFTAR PESERTA'!C41 -> Aditya Alfiansyah | G42: 0 | H42: 0 | I42: 0 | K42: 0 | L42: =(D42+E42+F42+G42+H42+I42+J42+K42)/8 -> 0 | M42: ='LAPORAN RESMI'!L41 -> 0 | N42: =(L42*$L$4)+(M42*$M$4) -> 0
A43: ='INPUT DAFTAR PESERTA'!A42 -> 39 | B43: ='INPUT DAFTAR PESERTA'!B42 -> 2509056027 | C43: ='INPUT DAFTAR PESERTA'!C42 -> Muhammad Syauqi Nail | D43: 0 | E43: 86 | F43: 70 | G43: 91 | H43: 36 | I43: 25 | J43: 75 | K43: 81 | L43: =(D43+E43+F43+G43+H43+I43+J43+K43)/8 -> 58 | M43: ='LAPORAN RESMI'!L42 -> 91.875 | N43: =(L43*$L$4)+(M43*$M$4) -> 74.9375
A44: ='INPUT DAFTAR PESERTA'!A43 -> 40 | B44: ='INPUT DAFTAR PESERTA'!B43 -> 2509056028 | C44: ='INPUT DAFTAR PESERTA'!C43 -> Muhammad Rizky Nugraha | D44: 0 | E44: 76 | F44: 21 | G44: 31 | H44: 0 | I44: 30 | J44: 23 | K44: 6 | L44: =(D44+E44+F44+G44+H44+I44+J44+K44)/8 -> 23.375 | M44: ='LAPORAN RESMI'!L43 -> 88.75 | N44: =(L44*$L$4)+(M44*$M$4) -> 56.0625
A45: ='INPUT DAFTAR PESERTA'!A44 -> 41 | B45: ='INPUT DAFTAR PESERTA'!B44 -> 2509056029 | C45: ='INPUT DAFTAR PESERTA'!C44 -> Reyska Bintang Afdillah | G45: 0 | H45: 0 | I45: 30 | J45: 41 | K45: 18 | L45: =(D45+E45+F45+G45+H45+I45+J45+K45)/8 -> 11.125 | M45: ='LAPORAN RESMI'!L44 -> 0 | N45: =(L45*$L$4)+(M45*$M$4) -> 5.5625
A46: ='INPUT DAFTAR PESERTA'!A45 -> 42 | B46: ='INPUT DAFTAR PESERTA'!B45 -> 2509056030 | C46: ='INPUT DAFTAR PESERTA'!C45 -> Muhammad Elo | D46: 73 | E46: 77 | F46: 78 | G46: 92 | H46: 82 | I46: 32 | J46: 0 | K46: 15 | L46: =(D46+E46+F46+G46+H46+I46+J46+K46)/8 -> 56.125 | M46: ='LAPORAN RESMI'!L45 -> 81.25 | N46: =(L46*$L$4)+(M46*$M$4) -> 68.6875
A47: ='INPUT DAFTAR PESERTA'!A46 -> 43 | B47: ='INPUT DAFTAR PESERTA'!B46 -> 2509056031 | C47: ='INPUT DAFTAR PESERTA'!C46 -> Naufal Herdizza Akbar Ps | D47: 83 | E47: 79 | F47: 84 | G47: 89 | H47: 92 | I47: 32 | J47: 0 | K47: 28 | L47: =(D47+E47+F47+G47+H47+I47+J47+K47)/8 -> 60.875 | M47: ='LAPORAN RESMI'!L46 -> 92.25 | N47: =(L47*$L$4)+(M47*$M$4) -> 76.5625
A48: ='INPUT DAFTAR PESERTA'!A47 -> 44 | B48: ='INPUT DAFTAR PESERTA'!B47 -> 2509056032 | C48: ='INPUT DAFTAR PESERTA'!C47 -> Dea Mila Marsela | D48: 84 | E48: 33 | F48: 75 | G48: 62 | H48: 95 | I48: 33 | J48: 0 | K48: 15 | L48: =(D48+E48+F48+G48+H48+I48+J48+K48)/8 -> 49.625 | M48: ='LAPORAN RESMI'!L47 -> 0 | N48: =(L48*$L$4)+(M48*$M$4) -> 24.8125
A49: ='INPUT DAFTAR PESERTA'!A48 -> 45 | B49: ='INPUT DAFTAR PESERTA'!B48 -> 2509056033 | C49: ='INPUT DAFTAR PESERTA'!C48 -> Ahmad Salman Nur | D49: 42 | E49: 58.5 | F49: 20 | G49: 72 | H49: 45 | I49: 26 | K49: 36 | L49: =(D49+E49+F49+G49+H49+I49+J49+K49)/8 -> 37.4375 | M49: ='LAPORAN RESMI'!L48 -> 88.375 | N49: =(L49*$L$4)+(M49*$M$4) -> 62.90625
A50: ='INPUT DAFTAR PESERTA'!A49 -> 46 | B50: ='INPUT DAFTAR PESERT A'!B49 -> #REF! | C50: ='INPUT DAFTAR PESERTA'!C49 -> Syahputra Lumbantoruan | G50: 0 | H50: 0 | I50: 0 | K50: 0 | L50: =(D50+E50+F50+G50+H50+I50+J50+K50)/8 -> 0 | M50: ='LAPORAN RESMI'!L49 -> 0 | N50: =(L50*$L$4)+(M50*$M$4) -> 0
A51: ='INPUT DAFTAR PESERTA'!A50 -> 47 | B51: ='INPUT DAFTAR PESERTA'!B50 -> 2509056036 | C51: ='INPUT DAFTAR PESERTA'!C50 -> Furqan Ahmad | D51: 27 | E51: 0 | G51: 45 | H51: 0 | I51: 0 | K51: 0 | L51: =(D51+E51+F51+G51+H51+I51+J51+K51)/8 -> 9 | M51: ='LAPORAN RESMI'!L50 -> 0 | N51: =(L51*$L$4)+(M51*$M$4) -> 4.5
A52: ='INPUT DAFTAR PESERTA'!A51 -> 48 | B52: ='INPUT DAFTAR PESERTA'!B51 -> 2509056037 | C52: ='INPUT DAFTAR PESERTA'!C51 -> Muhammad An Naafi Zaini | D52: 43 | E52: 0 | G52: 38 | H52: 70 | I52: 33 | K52: 0 | L52: =(D52+E52+F52+G52+H52+I52+J52+K52)/8 -> 23 | M52: ='LAPORAN RESMI'!L51 -> 0 | N52: =(L52*$L$4)+(M52*$M$4) -> 11.5
A53: ='INPUT DAFTAR PESERTA'!A52 -> 49 | B53: ='INPUT DAFTAR PESERTA'!B52 -> 2509056038 | C53: ='INPUT DAFTAR PESERTA'!C52 -> Muh. Afriansyah Syafani | G53: 0 | H53: 32 | I53: 33 | K53: 0 | L53: =(D53+E53+F53+G53+H53+I53+J53+K53)/8 -> 8.125 | M53: ='LAPORAN RESMI'!L52 -> 0 | N53: =(L53*$L$4)+(M53*$M$4) -> 4.0625
A54: ='INPUT DAFTAR PESERTA'!A53 -> 50 | B54: ='INPUT DAFTAR PESERTA'!B53 -> 2509056039 | C54: ='INPUT DAFTAR PESERTA'!C53 -> Evan Hizky Edward Juliano Sahata Manihuruk | G54: 0 | H54: 0 | I54: 0 | K54: 0 | L54: =(D54+E54+F54+G54+H54+I54+J54+K54)/8 -> 0 | M54: ='LAPORAN RESMI'!L53 -> 0 | N54: =(L54*$L$4)+(M54*$M$4) -> 0
A55: ='INPUT DAFTAR PESERTA'!A54 -> 51 | B55: ='INPUT DAFTAR PESERTA'!B54 -> 2509056040 | C55: ='INPUT DAFTAR PESERTA'!C54 -> Rasya Ataullah Arnata | G55: 0 | H55: 0 | I55: 0 | K55: 0 | L55: =(D55+E55+F55+G55+H55+I55+J55+K55)/8 -> 0 | M55: ='LAPORAN RESMI'!L54 -> 0 | N55: =(L55*$L$4)+(M55*$M$4) -> 0
A56: ='INPUT DAFTAR PESERTA'!A55 -> 52 | B56: ='INPUT DAFTAR PESERTA'!B55 -> 2509056041 | C56: ='INPUT DAFTAR PESERTA'!C55 -> Yadi Ramadani | E56: 39 | F56: 48 | G56: 86 | H56: 60 | I56: 0 | J56: 0 | K56: 0 | L56: =(D56+E56+F56+G56+H56+I56+J56+K56)/8 -> 29.125 | M56: ='LAPORAN RESMI'!L55 -> 86.375 | N56: =(L56*$L$4)+(M56*$M$4) -> 57.75
A57: ='INPUT DAFTAR PESERTA'!A56 -> 53 | B57: ='INPUT DAFTAR PESERTA'!B56 -> 2509056042 | C57: ='INPUT DAFTAR PESERTA'!C56 -> Muhammad Alief Adz Dzikry Abdillah | G57: 0 | H57: 0 | I57: 0 | K57: 0 | L57: =(D57+E57+F57+G57+H57+I57+J57+K57)/8 -> 0 | M57: ='LAPORAN RESMI'!L56 -> 0 | N57: =(L57*$L$4)+(M57*$M$4) -> 0
A58: ='INPUT DAFTAR PESERTA'!A57 -> 54 | B58: ='INPUT DAFTAR PESERTA'!B57 -> 2509056043 | C58: ='INPUT DAFTAR PESERTA'!C57 -> Hubert Abraham Pranoto Sirait | E58: 0 | F58: 45 | G58: 0 | H58: 0 | I58: 27 | J58: 71 | K58: 0 | L58: =(D58+E58+F58+G58+H58+I58+J58+K58)/8 -> 17.875 | M58: ='LAPORAN RESMI'!L57 -> 45.875 | N58: =(L58*$L$4)+(M58*$M$4) -> 31.875
A59: ='INPUT DAFTAR PESERTA'!A58 -> 55 | B59: ='INPUT DAFTAR PESERTA'!B58 -> 2509056044 | C59: ='INPUT DAFTAR PESERTA'!C58 -> Indah Tessalonica | G59: 0 | H59: 0 | I59: 0 | K59: 0 | L59: =(D59+E59+F59+G59+H59+I59+J59+K59)/8 -> 0 | M59: ='LAPORAN RESMI'!L58 -> 0 | N59: =(L59*$L$4)+(M59*$M$4) -> 0
A60: ='INPUT DAFTAR PESERTA'!A59 -> 56 | B60: ='INPUT DAFTAR PESERTA'!B59 -> 2509056045 | C60: ='INPUT DAFTAR PESERTA'!C59 -> Fahrizi Al Rosid | F60: 0 | G60: 0 | H60: 0 | I60: 0 | K60: 0 | L60: =(D60+E60+F60+G60+H60+I60+J60+K60)/8 -> 0 | M60: ='LAPORAN RESMI'!L59 -> 0 | N60: =(L60*$L$4)+(M60*$M$4) -> 0
A61: ='INPUT DAFTAR PESERTA'!A60 -> 57 | B61: ='INPUT DAFTAR PESERTA'!B60 -> 2509056046 | C61: ='INPUT DAFTAR PESERTA'!C60 -> Syadid Musoffa | F61: 0 | G61: 0 | H61: 0 | I61: 0 | K61: 0 | L61: =(D61+E61+F61+G61+H61+I61+J61+K61)/8 -> 0 | M61: ='LAPORAN RESMI'!L60 -> 0 | N61: =(L61*$L$4)+(M61*$M$4) -> 0
A62: ='INPUT DAFTAR PESERTA'!A61 -> 58 | B62: ='INPUT DAFTAR PESERTA'!B61 -> 2509056047 | C62: ='INPUT DAFTAR PESERTA'!C61 -> Oktovianus Sirante | D62: 50 | E62: 59 | F62: 67 | G62: 96 | H62: 65 | I62: 80 | J62: 77 | K62: 0 | L62: =(D62+E62+F62+G62+H62+I62+J62+K62)/8 -> 61.75 | M62: ='LAPORAN RESMI'!L61 -> 92.5 | N62: =(L62*$L$4)+(M62*$M$4) -> 77.125
A63: ='INPUT DAFTAR PESERTA'!A62 -> 59 | B63: ='INPUT DAFTAR PESERTA'!B62 -> 2509056048 | C63: ='INPUT DAFTAR PESERTA'!C62 -> Cristover Rafael Milang | H63: 0 | I63: 0 | K63: 0 | L63: =(D63+E63+F63+G63+H63+I63+J63+K63)/8 -> 0 | M63: ='LAPORAN RESMI'!L62 -> 0 | N63: =(L63*$L$4)+(M63*$M$4) -> 0
A64: ='INPUT DAFTAR PESERTA'!A63 -> 60 | B64: ='INPUT DAFTAR PESERTA'!B63 -> 2509056049 | C64: ='INPUT DAFTAR PESERTA'!C63 -> Kevin Angeliano Jonathan | E64: 0 | F64: 29 | G64: 78 | H64: 33 | I64: 50 | J64: 56 | K64: 0 | L64: =(D64+E64+F64+G64+H64+I64+J64+K64)/8 -> 30.75 | M64: ='LAPORAN RESMI'!L63 -> 90 | N64: =(L64*$L$4)+(M64*$M$4) -> 60.375
A65: ='INPUT DAFTAR PESERTA'!A64 -> 61 | B65: ='INPUT DAFTAR PESERTA'!B64 -> 2509056050 | C65: ='INPUT DAFTAR PESERTA'!C64 -> Fajar Arif Suyanto | D65: 27 | H65: 70 | I65: 44 | J65: 54 | K65: 0 | L65: =(D65+E65+F65+G65+H65+I65+J65+K65)/8 -> 24.375 | M65: ='LAPORAN RESMI'!L64 -> 0 | N65: =(L65*$L$4)+(M65*$M$4) -> 12.1875
A66: ='INPUT DAFTAR PESERTA'!A65 -> 62 | B66: ='INPUT DAFTAR PESERTA'!B65 -> 2509056051 | C66: ='INPUT DAFTAR PESERTA'!C65 -> Satria Rizla Marlanata | D66: 80 | E66: 82 | F66: 83 | G66: 69 | H66: 85 | I66: 62 | J66: 74 | K66: 0 | L66: =(D66+E66+F66+G66+H66+I66+J66+K66)/8 -> 66.875 | M66: ='LAPORAN RESMI'!L65 -> 92 | N66: =(L66*$L$4)+(M66*$M$4) -> 79.4375
A67: ='INPUT DAFTAR PESERTA'!A66 -> 63 | B67: ='INPUT DAFTAR PESERTA'!B66 -> 2509056052 | C67: ='INPUT DAFTAR PESERTA'!C66 -> Aulya Azhari | F67: 54 | H67: 93 | I67: 25 | J67: 0 | K67: 0 | L67: =(D67+E67+F67+G67+H67+I67+J67+K67)/8 -> 21.5 | M67: ='LAPORAN RESMI'!L66 -> 0 | N67: =(L67*$L$4)+(M67*$M$4) -> 10.75
A68: ='INPUT DAFTAR PESERTA'!A67 -> 64 | B68: ='INPUT DAFTAR PESERTA'!B67 -> 2509056053 | C68: ='INPUT DAFTAR PESERTA'!C67 -> Muhammad Farrel Ardiano | D68: 58 | E68: 0 | F68: 58 | G68: 36 | H68: 95 | I68: 45 | J68: 77 | K68: 68 | L68: =(D68+E68+F68+G68+H68+I68+J68+K68)/8 -> 54.625 | M68: ='LAPORAN RESMI'!L67 -> 88.25 | N68: =(L68*$L$4)+(M68*$M$4) -> 71.4375
A69: ='INPUT DAFTAR PESERTA'!A68 -> 65 | B69: ='INPUT DAFTAR PESERTA'!B68 -> 2509056054 | C69: ='INPUT DAFTAR PESERTA'!C68 -> Arlan Candra Antholyn | D69: 78 | E69: 0 | F69: 64 | G69: 56 | H69: 92 | I69: 32 | J69: 83 | K69: 0 | L69: =(D69+E69+F69+G69+H69+I69+J69+K69)/8 -> 50.625 | M69: ='LAPORAN RESMI'!L68 -> 84.875 | N69: =(L69*$L$4)+(M69*$M$4) -> 67.75
A70: ='INPUT DAFTAR PESERTA'!A69 -> 66 | B70: ='INPUT DAFTAR PESERTA'!B69 -> 2509056055 | C70: ='INPUT DAFTAR PESERTA'!C69 -> Taufan Akbar Bunawan | D70: 0 | E70: 0 | F70: 69 | G70: 0 | H70: 0 | I70: 48 | J70: 34 | K70: 56 | L70: 0 | M70: ='LAPORAN RESMI'!L69 -> 92.375 | N70: =(L70*$L$4)+(M70*$M$4) -> 46.1875
A71: ='INPUT DAFTAR PESERTA'!A70 -> 67 | B71: ='INPUT DAFTAR PESERTA'!B70 -> 2509056056 | C71: ='INPUT DAFTAR PESERTA'!C70 -> Mario Wildhan Wibisono | H71: 0 | I71: 0 | K71: 0 | L71: =(D71+E71+F71+G71+H71+I71+J71+K71)/8 -> 0 | M71: ='LAPORAN RESMI'!L70 -> 0 | N71: =(L71*$L$4)+(M71*$M$4) -> 0
A72: ='INPUT DAFTAR PESERTA'!A71 -> 68 | B72: ='INPUT DAFTAR PESERTA'!B71 -> 2509056057 | C72: ='INPUT DAFTAR PESERTA'!C71 -> Immanuel Wisnu Siahaan | D72: 82 | E72: 92 | F72: 97 | G72: 75 | H72: 93 | I72: 84 | J72: 94 | K72: 96 | L72: =(D72+E72+F72+G72+H72+I72+J72+K72)/8 -> 89.125 | M72: ='LAPORAN RESMI'!L71 -> 96.5 | N72: =(L72*$L$4)+(M72*$M$4) -> 92.8125
A73: ='INPUT DAFTAR PESERTA'!A72 -> 69 | B73: ='INPUT DAFTAR PESERTA'!B72 -> 2509056058 | C73: ='INPUT DAFTAR PESERTA'!C72 -> Hebron Ketter Pagalla' | D73: 0 | E73: 0 | F73: 34 | G73: 49 | H73: 0 | I73: 0 | J73: 33 | K73: 48 | L73: =(D73+E73+F73+G73+H73+I73+J73+K73)/8 -> 20.5 | M73: ='LAPORAN RESMI'!L72 -> 46.875 | N73: =(L73*$L$4)+(M73*$M$4) -> 33.6875
A74: ='INPUT DAFTAR PESERTA'!A73 -> 70 | B74: ='INPUT DAFTAR PESERTA'!B73 -> 2509056059 | C74: ='INPUT DAFTAR PESERTA'!C73 -> Wildan Akmal Zaky | D74: 72 | E74: 74.5 | F74: 24 | G74: 67 | H74: 0 | I74: 0 | J74: 49 | K74: 17 | L74: =(D74+E74+F74+G74+H74+I74+J74+K74)/8 -> 37.9375 | M74: ='LAPORAN RESMI'!L73 -> 80.625 | N74: =(L74*$L$4)+(M74*$M$4) -> 59.28125
A75: ='INPUT DAFTAR PESERTA'!A74 -> 71 | B75: ='INPUT DAFTAR PESERTA'!B74 -> 2509056060 | C75: ='INPUT DAFTAR PESERTA'!C74 -> Daglish Santos Peke Deku | H75: 0 | I75: 0 | K75: 0 | L75: =(D75+E75+F75+G75+H75+I75+J75+K75)/8 -> 0 | M75: ='LAPORAN RESMI'!L74 -> 0 | N75: =(L75*$L$4)+(M75*$M$4) -> 0
A76: ='INPUT DAFTAR PESERTA'!A75 -> 72 | B76: ='INPUT DAFTAR PESERTA'!B75 -> 2509056061 | C76: ='INPUT DAFTAR PESERTA'!C75 -> Muhammad Yazid Ilmani | E76: 0 | F76: 51 | G76: 66 | H76: 0 | I76: 7 | J76: 72 | K76: 72 | L76: =(D76+E76+F76+G76+H76+I76+J76+K76)/8 -> 33.5 | M76: ='LAPORAN RESMI'!L75 -> 91.875 | N76: =(L76*$L$4)+(M76*$M$4) -> 62.6875
A77: ='INPUT DAFTAR PESERTA'!A76 -> 73 | B77: ='INPUT DAFTAR PESERTA'!B76 -> 2509056062 | C77: ='INPUT DAFTAR PESERTA'!C76 -> Reyhan Feryand Tandililing | D77: 47 | E77: 69.5 | F77: 0 | G77: 77 | H77: 0 | I77: 3 | J77: 57 | K77: 77 | L77: =(D77+E77+F77+G77+H77+I77+J77+K77)/8 -> 41.3125 | M77: ='LAPORAN RESMI'!L76 -> 37.8125 | N77: =(L77*$L$4)+(M77*$M$4) -> 39.5625
A78: ='INPUT DAFTAR PESERTA'!A77 -> 74 | B78: ='INPUT DAFTAR PESERTA'!B77 -> 2509056063 | C78: ='INPUT DAFTAR PESERTA'!C77 -> Riski Apryanto | H78: 0 | I78: 0 | K78: 0 | L78: =(D78+E78+F78+G78+H78+I78+J78+K78)/8 -> 0 | M78: ='LAPORAN RESMI'!L77 -> 0 | N78: =(L78*$L$4)+(M78*$M$4) -> 0
A79: ='INPUT DAFTAR PESERTA'!A78 -> 75 | B79: ='INPUT DAFTAR PESERTA'!B78 -> 2509056064 | C79: ='INPUT DAFTAR PESERTA'!C78 -> Dina Molitha Dwi Manggarani | D79: 74 | E79: 81 | F79: 80 | G79: 85 | H79: 87 | I79: 33 | J79: 29 | K79: 84 | L79: =(D79+E79+F79+G79+H79+I79+J79+K79)/8 -> 69.125 | M79: ='LAPORAN RESMI'!L78 -> 92.875 | N79: =(L79*$L$4)+(M79*$M$4) -> 81
A80: ='INPUT DAFTAR PESERTA'!A79 -> 76 | B80: ='INPUT DAFTAR PESERTA'!B79 -> 2509056065 | C80: ='INPUT DAFTAR PESERTA'!C79 -> Ahmad Dival Halim | D80: 61 | E80: 82 | F80: 46 | G80: 41 | H80: 39 | I80: 10 | K80: 42 | L80: =(D80+E80+F80+G80+H80+I80+J80+K80)/8 -> 40.125 | M80: ='LAPORAN RESMI'!L79 -> 89.5 | N80: =(L80*$L$4)+(M80*$M$4) -> 64.8125
A81: ='INPUT DAFTAR PESERTA'!A80 -> 77 | B81: ='INPUT DAFTAR PESERTA'!B80 -> 2509056066 | C81: ='INPUT DAFTAR PESERTA'!C80 -> Sultan Islamy Pasha | D81: 47 | E81: 60 | F81: 30 | G81: 63 | H81: 82 | I81: 28 | K81: 55 | L81: =(D81+E81+F81+G81+H81+I81+J81+K81)/8 -> 45.625 | M81: ='LAPORAN RESMI'!L80 -> 83.75 | N81: =(L81*$L$4)+(M81*$M$4) -> 64.6875
A82: ='INPUT DAFTAR PESERTA'!A81 -> 78 | B82: ='INPUT DAFTAR PESERTA'!B81 -> 2509056069 | C82: ='INPUT DAFTAR PESERTA'!C81 -> Reyhan Resqy Pratama | E82: 69.5 | H82: 0 | I82: 0 | K82: 77 | L82: =(D82+E82+F82+G82+H82+I82+J82+K82)/8 -> 18.3125 | M82: ='LAPORAN RESMI'!L81 -> 0 | N82: =(L82*$L$4)+(M82*$M$4) -> 9.15625
A83: ='INPUT DAFTAR PESERTA'!A82 -> 79 | B83: ='INPUT DAFTAR PESERTA'!B82 -> 2509056070 | C83: ='INPUT DAFTAR PESERTA'!C82 -> Riendri Novtrianto Luden | H83: 0 | I83: 0 | K83: 0 | L83: =(D83+E83+F83+G83+H83+I83+J83+K83)/8 -> 0 | M83: ='LAPORAN RESMI'!L82 -> 0 | N83: =(L83*$L$4)+(M83*$M$4) -> 0
A84: ='INPUT DAFTAR PESERTA'!A83 -> 80 | B84: ='INPUT DAFTAR PESERTA'!B83 -> 2509056071 | C84: ='INPUT DAFTAR PESERTA'!C83 -> Ergie Yehezkiel Simanjuntak | H84: 0 | I84: 0 | K84: 0 | L84: =(D84+E84+F84+G84+H84+I84+J84+K84)/8 -> 0 | M84: ='LAPORAN RESMI'!L83 -> 0 | N84: =(L84*$L$4)+(M84*$M$4) -> 0
A85: ='INPUT DAFTAR PESERTA'!A84 -> 81 | B85: ='INPUT DAFTAR PESERTA'!B84 -> 2509056072 | C85: ='INPUT DAFTAR PESERTA'!C84 -> Nobergotardo .A | H85: 0 | I85: 0 | K85: 0 | L85: =(D85+E85+F85+G85+H85+I85+J85+K85)/8 -> 0 | M85: ='LAPORAN RESMI'!L84 -> 0 | N85: =(L85*$L$4)+(M85*$M$4) -> 0
A86: ='INPUT DAFTAR PESERTA'!A85 -> 82 | B86: ='INPUT DAFTAR PESERTA'!B85 -> 2509056073 | C86: ='INPUT DAFTAR PESERTA'!C85 -> Rasikhah Fitri | H86: 0 | I86: 0 | K86: 0 | L86: =(D86+E86+F86+G86+H86+I86+J86+K86)/8 -> 0 | M86: ='LAPORAN RESMI'!L85 -> 0 | N86: =(L86*$L$4)+(M86*$M$4) -> 0
A87: ='INPUT DAFTAR PESERTA'!A86 -> 83 | B87: ='INPUT DAFTAR PESERTA'!B86 -> 2509056075 | C87: ='INPUT DAFTAR PESERTA'!C86 -> Cantika Salwa Hanifa | G87: 0 | H87: 80 | I87: 44 | J87: 23 | K87: 0 | L87: =(D87+E87+F87+G87+H87+I87+J87+K87)/8 -> 18.375 | M87: ='LAPORAN RESMI'!L86 -> 0 | N87: =(L87*$L$4)+(M87*$M$4) -> 9.1875
A88: ='INPUT DAFTAR PESERTA'!A87 -> 84 | B88: ='INPUT DAFTAR PESERTA'!B87 -> 2509056076 | C88: ='INPUT DAFTAR PESERTA'!C87 -> Andi Arief Bintang | D88: 80 | E88: 0 | F88: 34 | G88: 0 | H88: 59 | I88: 0 | J88: 0 | K88: 90 | L88: =(D88+E88+F88+G88+H88+I88+J88+K88)/8 -> 32.875 | M88: ='LAPORAN RESMI'!L87 -> 73.125 | N88: =(L88*$L$4)+(M88*$M$4) -> 53
A89: ='INPUT DAFTAR PESERTA'!A88 -> 85 | B89: ='INPUT DAFTAR PESERTA'!B88 -> 2509056077 | C89: ='INPUT DAFTAR PESERTA'!C88 -> Al Hamdan | H89: 0 | I89: 0 | K89: 0 | L89: =(D89+E89+F89+G89+H89+I89+J89+K89)/8 -> 0 | M89: ='LAPORAN RESMI'!L88 -> 0 | N89: =(L89*$L$4)+(M89*$M$4) -> 0
A90: ='INPUT DAFTAR PESERTA'!A89 -> 86 | B90: ='INPUT DAFTAR PESERTA'!B89 -> 2509056074 | C90: ='INPUT DAFTAR PESERTA'!C89 -> Andi Muhammad Caeril Irfan | H90: 0 | I90: 0 | J90: 39 | K90: 0 | L90: =(D90+E90+F90+G90+H90+I90+J90+K90)/8 -> 4.875 | M90: ='LAPORAN RESMI'!L89 -> 0 | N90: =(L90*$L$4)+(M90*$M$4) -> 2.4375
B99: ='INPUT DAFTAR PESERTA'!B98
B100: ='INPUT DAFTAR PESERTA'!B99
B101: ='INPUT DAFTAR PESERTA'!B100

Sheet KEMAMPUAN PRAKTIKUM
A1: HOME
A3: NO | B3: NIM | C3: Nama | D3: Modul 1 | I3: Modul 2 | N3: Modul 3 | S3: Modul 4 | X3: Modul 5 | AC3: Modul 6 | AH3: Modul 7 | AM3: Modul 8
D4: K1 | E4: K2 | F4: K3 | G4: K4 | H4: Rerata | I4: K1 | J4: K2 | K4: K3 | L4: K4 | M4: Rerata | N4: K1 | O4: K2 | P4: K3 | Q4: K4 | R4: Rerata | S4: K1 | T4: K2 | U4: K3 | V4: K4 | W4: Rerata | X4: K1 | Y4: K2 | Z4: K3 | AA4: K4 | AB4: Rerata | AC4: K1 | AD4: K2 | AE4: K3 | AF4: K4 | AG4: Rerata | AH4: K1 | AI4: K2 | AJ4: K3 | AK4: K4 | AL4: Rerata | AM4: K1 | AN4: K2 | AO4: K3 | AP4: K4 | AQ4: Rerata
D5: 0.1 | E5: 0.2 | F5: 0.2 | G5: 0.5 | H5: 1 | I5: 0.1 | J5: 0.2 | K5: 0.2 | L5: 0.5 | M5: 1 | N5: 0.1 | O5: 0.2 | P5: 0.2 | Q5: 0.5 | R5: 1 | S5: 0.1 | T5: 0.2 | U5: 0.2 | V5: 0.5 | W5: 1 | X5: 0.1 | Y5: 0.2 | Z5: 0.2 | AA5: 0.5 | AB5: 1 | AC5: 0.1 | AD5: 0.2 | AE5: 0.2 | AF5: 0.5 | AG5: 1 | AH5: 0.1 | AI5: 0.2 | AJ5: 0.2 | AK5: 0.5 | AL5: 1 | AM5: 0.1 | AN5: 0.2 | AO5: 0.2 | AP5: 0.5 | AQ5: 1
A6: ='INPUT DAFTAR PESERTA'!A4 -> 1 | B6: ='INPUT DAFTAR PESERTA'!B4 -> 2309056046 | C6: ='INPUT DAFTAR PESERTA'!C4 -> Erwin | D6: 2 | E6: 3 | F6: 3 | G6: 1 | H6: =((D6*$D$5/3)+(E6*$E$5/3)+(F6*$F$5/3)+(G6*$G$5/3))*90 -> 57 | I6: 3 | J6: 3 | K6: 3 | L6: 1 | M6: =((I6*$D$5/3)+(J6*$E$5/3)+(K6*$F$5/3)+(L6*$G$5/3))*90 -> 60 | N6: 2 | O6: 3 | P6: 3 | Q6: 1 | R6: =((N6*$D$5/3)+(O6*$E$5/3)+(P6*$F$5/3)+(Q6*$G$5/3))*90 -> 57 | S6: 2 | T6: 3 | U6: 3 | V6: 1 | W6: =((S6*$D$5/3)+(T6*$E$5/3)+(U6*$F$5/3)+(V6*$G$5/3))*90 -> 57 | X6: 2 | Y6: 3 | Z6: 3 | AA6: 2 | AB6: =((X6*$D$5/3)+(Y6*$E$5/3)+(Z6*$F$5/3)+(AA6*$G$5/3))*90 -> 72 | AC6: 3 | AD6: 2 | AE6: 2 | AF6: 2 | AG6: =((AC6*$D$5/3)+(AD6*$E$5/3)+(AE6*$F$5/3)+(AF6*$G$5/3))*90 -> 63 | AH6: 2 | AI6: 3 | AJ6: 3 | AK6: 1 | AL6: =((AH6*$D$5/3)+(AI6*$E$5/3)+(AJ6*$F$5/3)+(AK6*$G$5/3))*90 -> 57 | AM6: 2 | AN6: 3 | AO6: 3 | AP6: 1 | AQ6: =((AM6*$D$5/3)+(AN6*$E$5/3)+(AO6*$F$5/3)+(AP6*$G$5/3))*90 -> 57
A7: ='INPUT DAFTAR PESERTA'!A5 -> 2 | B7: ='INPUT DAFTAR PESERTA'!B5 -> 2409056015 | C7: ='INPUT DAFTAR PESERTA'!C5 -> Denny Setiawan | H7: =((D7*$D$5/3)+(E7*$E$5/3)+(F7*$F$5/3)+(G7*$G$5/3))*90 -> 0 | I7: 1 | J7: 1 | K7: 1 | L7: 1 | M7: =((I7*$D$5/3)+(J7*$E$5/3)+(K7*$F$5/3)+(L7*$G$5/3))*90 -> 30 | R7: =((N7*$D$5/3)+(O7*$E$5/3)+(P7*$F$5/3)+(Q7*$G$5/3))*90 -> 0 | W7: =((S7*$D$5/3)+(T7*$E$5/3)+(U7*$F$5/3)+(V7*$G$5/3))*90 -> 0 | X7: 1 | Y7: 1 | Z7: 1 | AA7: 1 | AB7: =((X7*$D$5/3)+(Y7*$E$5/3)+(Z7*$F$5/3)+(AA7*$G$5/3))*90 -> 30 | AC7: 3 | AD7: 2 | AE7: 2 | AF7: 2 | AG7: =((AC7*$D$5/3)+(AD7*$E$5/3)+(AE7*$F$5/3)+(AF7*$G$5/3))*90 -> 63 | AL7: =((AH7*$D$5/3)+(AI7*$E$5/3)+(AJ7*$F$5/3)+(AK7*$G$5/3))*90 -> 0 | AQ7: =((AM7*$D$5/3)+(AN7*$E$5/3)+(AO7*$F$5/3)+(AP7*$G$5/3))*90 -> 0
A8: ='INPUT DAFTAR PESERTA'!A6 -> 3 | B8: ='INPUT DAFTAR PESERTA'!B6 -> 2409056031 | C8: ='INPUT DAFTAR PESERTA'!C6 -> Rahmad Oka Aufa Ramadan | H8: =((D8*$D$5/3)+(E8*$E$5/3)+(F8*$F$5/3)+(G8*$G$5/3))*90 -> 0 | I8: 1 | J8: 1 | K8: 1 | L8: 1 | M8: =((I8*$D$5/3)+(J8*$E$5/3)+(K8*$F$5/3)+(L8*$G$5/3))*90 -> 30 | R8: =((N8*$D$5/3)+(O8*$E$5/3)+(P8*$F$5/3)+(Q8*$G$5/3))*90 -> 0 | W8: =((S8*$D$5/3)+(T8*$E$5/3)+(U8*$F$5/3)+(V8*$G$5/3))*90 -> 0 | X8: 1 | Y8: 1 | Z8: 1 | AA8: 1 | AB8: =((X8*$D$5/3)+(Y8*$E$5/3)+(Z8*$F$5/3)+(AA8*$G$5/3))*90 -> 30 | AC8: 3 | AD8: 2 | AE8: 2 | AF8: 2 | AG8: =((AC8*$D$5/3)+(AD8*$E$5/3)+(AE8*$F$5/3)+(AF8*$G$5/3))*90 -> 63 | AL8: =((AH8*$D$5/3)+(AI8*$E$5/3)+(AJ8*$F$5/3)+(AK8*$G$5/3))*90 -> 0 | AQ8: =((AM8*$D$5/3)+(AN8*$E$5/3)+(AO8*$F$5/3)+(AP8*$G$5/3))*90 -> 0
A9: ='INPUT DAFTAR PESERTA'!A7 -> 4 | B9: ='INPUT DAFTAR PESERTA'!B7 -> 2409056032 | C9: ='INPUT DAFTAR PESERTA'!C7 -> Stewa Syaifa Bakhid | H9: =((D9*$D$5/3)+(E9*$E$5/3)+(F9*$F$5/3)+(G9*$G$5/3))*90 -> 0 | I9: 1 | J9: 1 | K9: 1 | L9: 1 | M9: =((I9*$D$5/3)+(J9*$E$5/3)+(K9*$F$5/3)+(L9*$G$5/3))*90 -> 30 | R9: =((N9*$D$5/3)+(O9*$E$5/3)+(P9*$F$5/3)+(Q9*$G$5/3))*90 -> 0 | W9: =((S9*$D$5/3)+(T9*$E$5/3)+(U9*$F$5/3)+(V9*$G$5/3))*90 -> 0 | X9: 1 | Y9: 1 | Z9: 1 | AA9: 1 | AB9: =((X9*$D$5/3)+(Y9*$E$5/3)+(Z9*$F$5/3)+(AA9*$G$5/3))*90 -> 30 | AC9: 3 | AD9: 2 | AE9: 2 | AF9: 2 | AG9: =((AC9*$D$5/3)+(AD9*$E$5/3)+(AE9*$F$5/3)+(AF9*$G$5/3))*90 -> 63 | AL9: =((AH9*$D$5/3)+(AI9*$E$5/3)+(AJ9*$F$5/3)+(AK9*$G$5/3))*90 -> 0 | AQ9: =((AM9*$D$5/3)+(AN9*$E$5/3)+(AO9*$F$5/3)+(AP9*$G$5/3))*90 -> 0
A10: ='INPUT DAFTAR PESERTA'!A8 -> 5 | B10: ='INPUT DAFTAR PESERTA'!B8 -> 2409056033 | C10: ='INPUT DAFTAR PESERTA'!C8 -> Adnan Fadil Annur | D10: 3 | E10: 3 | F10: 3 | G10: 3 | H10: =((D10*$D$5/3)+(E10*$E$5/3)+(F10*$F$5/3)+(G10*$G$5/3))*90 -> 90 | I10: 1 | J10: 1 | K10: 1 | L10: 1 | M10: =((I10*$D$5/3)+(J10*$E$5/3)+(K10*$F$5/3)+(L10*$G$5/3))*90 -> 30 | R10: =((N10*$D$5/3)+(O10*$E$5/3)+(P10*$F$5/3)+(Q10*$G$5/3))*90 -> 0 | W10: =((S10*$D$5/3)+(T10*$E$5/3)+(U10*$F$5/3)+(V10*$G$5/3))*90 -> 0 | X10: 1 | Y10: 1 | Z10: 1 | AA10: 1 | AB10: =((X10*$D$5/3)+(Y10*$E$5/3)+(Z10*$F$5/3)+(AA10*$G$5/3))*90 -> 30 | AC10: 3 | AD10: 2 | AE10: 2 | AF10: 2 | AG10: =((AC10*$D$5/3)+(AD10*$E$5/3)+(AE10*$F$5/3)+(AF10*$G$5/3))*90 -> 63 | AL10: =((AH10*$D$5/3)+(AI10*$E$5/3)+(AJ10*$F$5/3)+(AK10*$G$5/3))*90 -> 0 | AQ10: =((AM10*$D$5/3)+(AN10*$E$5/3)+(AO10*$F$5/3)+(AP10*$G$5/3))*90 -> 0
A11: ='INPUT DAFTAR PESERTA'!A9 -> 6 | B11: ='INPUT DAFTAR PESERTA'!B9 -> 2409056039 | C11: ='INPUT DAFTAR PESERTA'!C9 -> Muhammad Hasbi Ash Shiddieqy | H11: =((D11*$D$5/3)+(E11*$E$5/3)+(F11*$F$5/3)+(G11*$G$5/3))*90 -> 0 | I11: 1 | J11: 1 | K11: 1 | L11: 1 | M11: =((I11*$D$5/3)+(J11*$E$5/3)+(K11*$F$5/3)+(L11*$G$5/3))*90 -> 30 | R11: =((N11*$D$5/3)+(O11*$E$5/3)+(P11*$F$5/3)+(Q11*$G$5/3))*90 -> 0 | W11: =((S11*$D$5/3)+(T11*$E$5/3)+(U11*$F$5/3)+(V11*$G$5/3))*90 -> 0 | X11: 1 | Y11: 1 | Z11: 1 | AA11: 1 | AB11: =((X11*$D$5/3)+(Y11*$E$5/3)+(Z11*$F$5/3)+(AA11*$G$5/3))*90 -> 30 | AC11: 3 | AD11: 2 | AE11: 2 | AF11: 2 | AG11: =((AC11*$D$5/3)+(AD11*$E$5/3)+(AE11*$F$5/3)+(AF11*$G$5/3))*90 -> 63 | AL11: =((AH11*$D$5/3)+(AI11*$E$5/3)+(AJ11*$F$5/3)+(AK11*$G$5/3))*90 -> 0 | AQ11: =((AM11*$D$5/3)+(AN11*$E$5/3)+(AO11*$F$5/3)+(AP11*$G$5/3))*90 -> 0
A12: ='INPUT DAFTAR PESERTA'!A10 -> 7 | B12: ='INPUT DAFTAR PESERTA'!B10 -> 2409056044 | C12: ='INPUT DAFTAR PESERTA'!C10 -> Siti Aisyah Hasanah | H12: =((D12*$D$5/3)+(E12*$E$5/3)+(F12*$F$5/3)+(G12*$G$5/3))*90 -> 0 | I12: 1 | J12: 1 | K12: 1 | L12: 1 | M12: =((I12*$D$5/3)+(J12*$E$5/3)+(K12*$F$5/3)+(L12*$G$5/3))*90 -> 30 | R12: =((N12*$D$5/3)+(O12*$E$5/3)+(P12*$F$5/3)+(Q12*$G$5/3))*90 -> 0 | W12: =((S12*$D$5/3)+(T12*$E$5/3)+(U12*$F$5/3)+(V12*$G$5/3))*90 -> 0 | X12: 1 | Y12: 1 | Z12: 1 | AA12: 1 | AB12: =((X12*$D$5/3)+(Y12*$E$5/3)+(Z12*$F$5/3)+(AA12*$G$5/3))*90 -> 30 | AC12: 3 | AD12: 2 | AE12: 2 | AF12: 2 | AG12: =((AC12*$D$5/3)+(AD12*$E$5/3)+(AE12*$F$5/3)+(AF12*$G$5/3))*90 -> 63 | AL12: =((AH12*$D$5/3)+(AI12*$E$5/3)+(AJ12*$F$5/3)+(AK12*$G$5/3))*90 -> 0 | AQ12: =((AM12*$D$5/3)+(AN12*$E$5/3)+(AO12*$F$5/3)+(AP12*$G$5/3))*90 -> 0
A13: ='INPUT DAFTAR PESERTA'!A11 -> 8 | B13: ='INPUT DAFTAR PESERTA'!B11 -> 2409056047 | C13: ='INPUT DAFTAR PESERTA'!C11 -> D’arch Hweng Junior | H13: =((D13*$D$5/3)+(E13*$E$5/3)+(F13*$F$5/3)+(G13*$G$5/3))*90 -> 0 | I13: 1 | J13: 1 | K13: 1 | L13: 1 | M13: =((I13*$D$5/3)+(J13*$E$5/3)+(K13*$F$5/3)+(L13*$G$5/3))*90 -> 30 | R13: =((N13*$D$5/3)+(O13*$E$5/3)+(P13*$F$5/3)+(Q13*$G$5/3))*90 -> 0 | W13: =((S13*$D$5/3)+(T13*$E$5/3)+(U13*$F$5/3)+(V13*$G$5/3))*90 -> 0 | X13: 1 | Y13: 1 | Z13: 1 | AA13: 1 | AB13: =((X13*$D$5/3)+(Y13*$E$5/3)+(Z13*$F$5/3)+(AA13*$G$5/3))*90 -> 30 | AC13: 3 | AD13: 2 | AE13: 2 | AF13: 2 | AG13: =((AC13*$D$5/3)+(AD13*$E$5/3)+(AE13*$F$5/3)+(AF13*$G$5/3))*90 -> 63 | AL13: =((AH13*$D$5/3)+(AI13*$E$5/3)+(AJ13*$F$5/3)+(AK13*$G$5/3))*90 -> 0 | AQ13: =((AM13*$D$5/3)+(AN13*$E$5/3)+(AO13*$F$5/3)+(AP13*$G$5/3))*90 -> 0
A14: ='INPUT DAFTAR PESERTA'!A12 -> 9 | B14: ='INPUT DAFTAR PESERTA'!B12 -> 2409056052 | C14: ='INPUT DAFTAR PESERTA'!C12 -> Andi Syaifullah Al Maslulil Agri | H14: =((D14*$D$5/3)+(E14*$E$5/3)+(F14*$F$5/3)+(G14*$G$5/3))*90 -> 0 | I14: 1 | J14: 1 | K14: 1 | L14: 1 | M14: =((I14*$D$5/3)+(J14*$E$5/3)+(K14*$F$5/3)+(L14*$G$5/3))*90 -> 30 | R14: =((N14*$D$5/3)+(O14*$E$5/3)+(P14*$F$5/3)+(Q14*$G$5/3))*90 -> 0 | W14: =((S14*$D$5/3)+(T14*$E$5/3)+(U14*$F$5/3)+(V14*$G$5/3))*90 -> 0 | X14: 1 | Y14: 1 | Z14: 1 | AA14: 1 | AB14: =((X14*$D$5/3)+(Y14*$E$5/3)+(Z14*$F$5/3)+(AA14*$G$5/3))*90 -> 30 | AC14: 3 | AD14: 2 | AE14: 2 | AF14: 2 | AG14: =((AC14*$D$5/3)+(AD14*$E$5/3)+(AE14*$F$5/3)+(AF14*$G$5/3))*90 -> 63 | AL14: =((AH14*$D$5/3)+(AI14*$E$5/3)+(AJ14*$F$5/3)+(AK14*$G$5/3))*90 -> 0 | AQ14: =((AM14*$D$5/3)+(AN14*$E$5/3)+(AO14*$F$5/3)+(AP14*$G$5/3))*90 -> 0
A15: ='INPUT DAFTAR PESERTA'!A13 -> 10 | B15: ='INPUT DAFTAR PESERTA'!B13 -> 2409056058 | C15: ='INPUT DAFTAR PESERTA'!C13 -> Andre Pratama | H15: =((D15*$D$5/3)+(E15*$E$5/3)+(F15*$F$5/3)+(G15*$G$5/3))*90 -> 0 | I15: 1 | J15: 1 | K15: 1 | L15: 1 | M15: =((I15*$D$5/3)+(J15*$E$5/3)+(K15*$F$5/3)+(L15*$G$5/3))*90 -> 30 | R15: =((N15*$D$5/3)+(O15*$E$5/3)+(P15*$F$5/3)+(Q15*$G$5/3))*90 -> 0 | W15: =((S15*$D$5/3)+(T15*$E$5/3)+(U15*$F$5/3)+(V15*$G$5/3))*90 -> 0 | X15: 1 | Y15: 1 | Z15: 1 | AA15: 1 | AB15: =((X15*$D$5/3)+(Y15*$E$5/3)+(Z15*$F$5/3)+(AA15*$G$5/3))*90 -> 30 | AC15: 3 | AD15: 2 | AE15: 2 | AF15: 2 | AG15: =((AC15*$D$5/3)+(AD15*$E$5/3)+(AE15*$F$5/3)+(AF15*$G$5/3))*90 -> 63 | AL15: =((AH15*$D$5/3)+(AI15*$E$5/3)+(AJ15*$F$5/3)+(AK15*$G$5/3))*90 -> 0 | AQ15: =((AM15*$D$5/3)+(AN15*$E$5/3)+(AO15*$F$5/3)+(AP15*$G$5/3))*90 -> 0
A16: ='INPUT DAFTAR PESERTA'!A14 -> 11 | B16: ='INPUT DAFTAR PESERTA'!B14 -> 2409056067 | C16: ='INPUT DAFTAR PESERTA'!C14 -> Andi Afif Najib Abdillah | H16: =((D16*$D$5/3)+(E16*$E$5/3)+(F16*$F$5/3)+(G16*$G$5/3))*90 -> 0 | I16: 1 | J16: 1 | K16: 1 | L16: 1 | M16: =((I16*$D$5/3)+(J16*$E$5/3)+(K16*$F$5/3)+(L16*$G$5/3))*90 -> 30 | R16: =((N16*$D$5/3)+(O16*$E$5/3)+(P16*$F$5/3)+(Q16*$G$5/3))*90 -> 0 | W16: =((S16*$D$5/3)+(T16*$E$5/3)+(U16*$F$5/3)+(V16*$G$5/3))*90 -> 0 | X16: 1 | Y16: 1 | Z16: 1 | AA16: 1 | AB16: =((X16*$D$5/3)+(Y16*$E$5/3)+(Z16*$F$5/3)+(AA16*$G$5/3))*90 -> 30 | AC16: 3 | AD16: 2 | AE16: 2 | AF16: 2 | AG16: =((AC16*$D$5/3)+(AD16*$E$5/3)+(AE16*$F$5/3)+(AF16*$G$5/3))*90 -> 63 | AL16: =((AH16*$D$5/3)+(AI16*$E$5/3)+(AJ16*$F$5/3)+(AK16*$G$5/3))*90 -> 0 | AQ16: =((AM16*$D$5/3)+(AN16*$E$5/3)+(AO16*$F$5/3)+(AP16*$G$5/3))*90 -> 0
A17: ='INPUT DAFTAR PESERTA'!A15 -> 12 | B17: ='INPUT DAFTAR PESERTA'!B15 -> 2409056068 | C17: ='INPUT DAFTAR PESERTA'!C15 -> Christianus Gonzaga | H17: =((D17*$D$5/3)+(E17*$E$5/3)+(F17*$F$5/3)+(G17*$G$5/3))*90 -> 0 | I17: 1 | J17: 1 | K17: 1 | L17: 1 | M17: =((I17*$D$5/3)+(J17*$E$5/3)+(K17*$F$5/3)+(L17*$G$5/3))*90 -> 30 | R17: =((N17*$D$5/3)+(O17*$E$5/3)+(P17*$F$5/3)+(Q17*$G$5/3))*90 -> 0 | W17: =((S17*$D$5/3)+(T17*$E$5/3)+(U17*$F$5/3)+(V17*$G$5/3))*90 -> 0 | X17: 1 | Y17: 1 | Z17: 1 | AA17: 1 | AB17: =((X17*$D$5/3)+(Y17*$E$5/3)+(Z17*$F$5/3)+(AA17*$G$5/3))*90 -> 30 | AC17: 3 | AD17: 2 | AE17: 2 | AF17: 2 | AG17: =((AC17*$D$5/3)+(AD17*$E$5/3)+(AE17*$F$5/3)+(AF17*$G$5/3))*90 -> 63 | AL17: =((AH17*$D$5/3)+(AI17*$E$5/3)+(AJ17*$F$5/3)+(AK17*$G$5/3))*90 -> 0 | AQ17: =((AM17*$D$5/3)+(AN17*$E$5/3)+(AO17*$F$5/3)+(AP17*$G$5/3))*90 -> 0
A18: ='INPUT DAFTAR PESERTA'!A16 -> 13 | B18: ='INPUT DAFTAR PESERTA'!B16 -> 2509056001 | C18: ='INPUT DAFTAR PESERTA'!C16 -> Mutiara Suci Rahmadani | D18: 3 | E18: 3 | F18: 3 | G18: 2 | H18: =((D18*$D$5/3)+(E18*$E$5/3)+(F18*$F$5/3)+(G18*$G$5/3))*90 -> 75 | I18: 3 | J18: 3 | K18: 3 | L18: 1 | M18: =((I18*$D$5/3)+(J18*$E$5/3)+(K18*$F$5/3)+(L18*$G$5/3))*90 -> 60 | N18: 3 | O18: 3 | P18: 3 | Q18: 3 | R18: =((N18*$D$5/3)+(O18*$E$5/3)+(P18*$F$5/3)+(Q18*$G$5/3))*90 -> 90 | S18: 3 | T18: 3 | U18: 3 | V18: 3 | W18: =((S18*$D$5/3)+(T18*$E$5/3)+(U18*$F$5/3)+(V18*$G$5/3))*90 -> 90 | X18: 2 | Y18: 3 | Z18: 3 | AA18: 1 | AB18: =((X18*$D$5/3)+(Y18*$E$5/3)+(Z18*$F$5/3)+(AA18*$G$5/3))*90 -> 57 | AC18: 3 | AD18: 3 | AE18: 3 | AF18: 2 | AG18: =((AC18*$D$5/3)+(AD18*$E$5/3)+(AE18*$F$5/3)+(AF18*$G$5/3))*90 -> 75 | AH18: 2 | AI18: 3 | AJ18: 3 | AK18: 3 | AL18: =((AH18*$D$5/3)+(AI18*$E$5/3)+(AJ18*$F$5/3)+(AK18*$G$5/3))*90 -> 87 | AM18: 3 | AN18: 3 | AO18: 3 | AP18: 3 | AQ18: =((AM18*$D$5/3)+(AN18*$E$5/3)+(AO18*$F$5/3)+(AP18*$G$5/3))*90 -> 90
A19: ='INPUT DAFTAR PESERTA'!A17 -> 14 | B19: ='INPUT DAFTAR PESERTA'!B17 -> 2509056002 | C19: ='INPUT DAFTAR PESERTA'!C17 -> Adhwa Ghinna Febrianty | D19: 3 | E19: 3 | F19: 3 | G19: 2 | H19: =((D19*$D$5/3)+(E19*$E$5/3)+(F19*$F$5/3)+(G19*$G$5/3))*90 -> 75 | I19: 3 | J19: 3 | K19: 3 | L19: 1 | M19: =((I19*$D$5/3)+(J19*$E$5/3)+(K19*$F$5/3)+(L19*$G$5/3))*90 -> 60 | N19: 3 | O19: 3 | P19: 3 | Q19: 3 | R19: =((N19*$D$5/3)+(O19*$E$5/3)+(P19*$F$5/3)+(Q19*$G$5/3))*90 -> 90 | S19: 3 | T19: 3 | U19: 3 | V19: 2 | W19: =((S19*$D$5/3)+(T19*$E$5/3)+(U19*$F$5/3)+(V19*$G$5/3))*90 -> 75 | X19: 2 | Y19: 3 | Z19: 3 | AA19: 1 | AB19: =((X19*$D$5/3)+(Y19*$E$5/3)+(Z19*$F$5/3)+(AA19*$G$5/3))*90 -> 57 | AC19: 3 | AD19: 3 | AE19: 3 | AF19: 2 | AG19: =((AC19*$D$5/3)+(AD19*$E$5/3)+(AE19*$F$5/3)+(AF19*$G$5/3))*90 -> 75 | AH19: 2 | AI19: 3 | AJ19: 3 | AK19: 1 | AL19: =((AH19*$D$5/3)+(AI19*$E$5/3)+(AJ19*$F$5/3)+(AK19*$G$5/3))*90 -> 57 | AM19: 3 | AN19: 3 | AO19: 3 | AP19: 1 | AQ19: =((AM19*$D$5/3)+(AN19*$E$5/3)+(AO19*$F$5/3)+(AP19*$G$5/3))*90 -> 60
A20: ='INPUT DAFTAR PESERTA'!A18 -> 15 | B20: ='INPUT DAFTAR PESERTA'!B18 -> 2509056003 | C20: ='INPUT DAFTAR PESERTA'!C18 -> Muhammad Daffa Alifiansyah | D20: 3 | E20: 3 | F20: 3 | G20: 2 | H20: =((D20*$D$5/3)+(E20*$E$5/3)+(F20*$F$5/3)+(G20*$G$5/3))*90 -> 75 | I20: 3 | J20: 3 | K20: 3 | L20: 3 | M20: =((I20*$D$5/3)+(J20*$E$5/3)+(K20*$F$5/3)+(L20*$G$5/3))*90 -> 90 | N20: 3 | O20: 3 | P20: 3 | Q20: 3 | R20: =((N20*$D$5/3)+(O20*$E$5/3)+(P20*$F$5/3)+(Q20*$G$5/3))*90 -> 90 | S20: 3 | T20: 3 | U20: 3 | V20: 3 | W20: =((S20*$D$5/3)+(T20*$E$5/3)+(U20*$F$5/3)+(V20*$G$5/3))*90 -> 90 | X20: 1 | Y20: 1 | Z20: 1 | AA20: 1 | AB20: =((X20*$D$5/3)+(Y20*$E$5/3)+(Z20*$F$5/3)+(AA20*$G$5/3))*90 -> 30 | AC20: 3 | AD20: 3 | AE20: 3 | AF20: 2 | AG20: =((AC20*$D$5/3)+(AD20*$E$5/3)+(AE20*$F$5/3)+(AF20*$G$5/3))*90 -> 75 | AH20: 2 | AI20: 3 | AJ20: 3 | AK20: 3 | AL20: =((AH20*$D$5/3)+(AI20*$E$5/3)+(AJ20*$F$5/3)+(AK20*$G$5/3))*90 -> 87 | AM20: 3 | AN20: 3 | AO20: 3 | AP20: 1 | AQ20: =((AM20*$D$5/3)+(AN20*$E$5/3)+(AO20*$F$5/3)+(AP20*$G$5/3))*90 -> 60
A21: ='INPUT DAFTAR PESERTA'!A19 -> 16 | B21: ='INPUT DAFTAR PESERTA'!B19 -> 2509056004 | C21: ='INPUT DAFTAR PESERTA'!C19 -> Adya Nur Adzhuriva | H21: =((D21*$D$5/3)+(E21*$E$5/3)+(F21*$F$5/3)+(G21*$G$5/3))*90 -> 0 | M21: =((I21*$D$5/3)+(J21*$E$5/3)+(K21*$F$5/3)+(L21*$G$5/3))*90 -> 0 | R21: =((N21*$D$5/3)+(O21*$E$5/3)+(P21*$F$5/3)+(Q21*$G$5/3))*90 -> 0 | W21: =((S21*$D$5/3)+(T21*$E$5/3)+(U21*$F$5/3)+(V21*$G$5/3))*90 -> 0 | X21: 1 | Y21: 1 | Z21: 1 | AA21: 1 | AB21: =((X21*$D$5/3)+(Y21*$E$5/3)+(Z21*$F$5/3)+(AA21*$G$5/3))*90 -> 30 | AC21: 3 | AD21: 3 | AE21: 3 | AF21: 2 | AG21: =((AC21*$D$5/3)+(AD21*$E$5/3)+(AE21*$F$5/3)+(AF21*$G$5/3))*90 -> 75 | AL21: =((AH21*$D$5/3)+(AI21*$E$5/3)+(AJ21*$F$5/3)+(AK21*$G$5/3))*90 -> 0 | AQ21: =((AM21*$D$5/3)+(AN21*$E$5/3)+(AO21*$F$5/3)+(AP21*$G$5/3))*90 -> 0
A22: ='INPUT DAFTAR PESERTA'!A20 -> 17 | B22: ='INPUT DAFTAR PESERTA'!B20 -> 2509056005 | C22: ='INPUT DAFTAR PESERTA'!C20 -> Cheva Fasha Prathama | H22: =((D22*$D$5/3)+(E22*$E$5/3)+(F22*$F$5/3)+(G22*$G$5/3))*90 -> 0 | M22: =((I22*$D$5/3)+(J22*$E$5/3)+(K22*$F$5/3)+(L22*$G$5/3))*90 -> 0 | R22: =((N22*$D$5/3)+(O22*$E$5/3)+(P22*$F$5/3)+(Q22*$G$5/3))*90 -> 0 | W22: =((S22*$D$5/3)+(T22*$E$5/3)+(U22*$F$5/3)+(V22*$G$5/3))*90 -> 0 | X22: 1 | Y22: 1 | Z22: 1 | AA22: 1 | AB22: =((X22*$D$5/3)+(Y22*$E$5/3)+(Z22*$F$5/3)+(AA22*$G$5/3))*90 -> 30 | AG22: =((AC22*$D$5/3)+(AD22*$E$5/3)+(AE22*$F$5/3)+(AF22*$G$5/3))*90 -> 0 | AL22: =((AH22*$D$5/3)+(AI22*$E$5/3)+(AJ22*$F$5/3)+(AK22*$G$5/3))*90 -> 0 | AQ22: =((AM22*$D$5/3)+(AN22*$E$5/3)+(AO22*$F$5/3)+(AP22*$G$5/3))*90 -> 0
A23: ='INPUT DAFTAR PESERTA'!A21 -> 18 | B23: ='INPUT DAFTAR PESERTA'!B21 -> 2509056006 | C23: ='INPUT DAFTAR PESERTA'!C21 -> Muhammad Zaki Fadillah | H23: =((D23*$D$5/3)+(E23*$E$5/3)+(F23*$F$5/3)+(G23*$G$5/3))*90 -> 0 | M23: =((I23*$D$5/3)+(J23*$E$5/3)+(K23*$F$5/3)+(L23*$G$5/3))*90 -> 0 | R23: =((N23*$D$5/3)+(O23*$E$5/3)+(P23*$F$5/3)+(Q23*$G$5/3))*90 -> 0 | W23: =((S23*$D$5/3)+(T23*$E$5/3)+(U23*$F$5/3)+(V23*$G$5/3))*90 -> 0 | X23: 1 | Y23: 1 | Z23: 1 | AA23: 1 | AB23: =((X23*$D$5/3)+(Y23*$E$5/3)+(Z23*$F$5/3)+(AA23*$G$5/3))*90 -> 30 | AG23: =((AC23*$D$5/3)+(AD23*$E$5/3)+(AE23*$F$5/3)+(AF23*$G$5/3))*90 -> 0 | AL23: =((AH23*$D$5/3)+(AI23*$E$5/3)+(AJ23*$F$5/3)+(AK23*$G$5/3))*90 -> 0 | AQ23: =((AM23*$D$5/3)+(AN23*$E$5/3)+(AO23*$F$5/3)+(AP23*$G$5/3))*90 -> 0
A24: ='INPUT DAFTAR PESERTA'!A22 -> 19 | B24: ='INPUT DAFTAR PESERTA'!B22 -> 2509056007 | C24: ='INPUT DAFTAR PESERTA'!C22 -> Widdyanti Fetrina Sefriany | H24: =((D24*$D$5/3)+(E24*$E$5/3)+(F24*$F$5/3)+(G24*$G$5/3))*90 -> 0 | M24: =((I24*$D$5/3)+(J24*$E$5/3)+(K24*$F$5/3)+(L24*$G$5/3))*90 -> 0 | R24: =((N24*$D$5/3)+(O24*$E$5/3)+(P24*$F$5/3)+(Q24*$G$5/3))*90 -> 0 | W24: =((S24*$D$5/3)+(T24*$E$5/3)+(U24*$F$5/3)+(V24*$G$5/3))*90 -> 0 | X24: 1 | Y24: 1 | Z24: 1 | AA24: 1 | AB24: =((X24*$D$5/3)+(Y24*$E$5/3)+(Z24*$F$5/3)+(AA24*$G$5/3))*90 -> 30 | AG24: =((AC24*$D$5/3)+(AD24*$E$5/3)+(AE24*$F$5/3)+(AF24*$G$5/3))*90 -> 0 | AL24: =((AH24*$D$5/3)+(AI24*$E$5/3)+(AJ24*$F$5/3)+(AK24*$G$5/3))*90 -> 0 | AQ24: =((AM24*$D$5/3)+(AN24*$E$5/3)+(AO24*$F$5/3)+(AP24*$G$5/3))*90 -> 0
A25: ='INPUT DAFTAR PESERTA'!A23 -> 20 | B25: ='INPUT DAFTAR PESERTA'!B23 -> 2509056008 | C25: ='INPUT DAFTAR PESERTA'!C23 -> Gita Mufidatuzahrah | D25: 3 | E25: 3 | F25: 3 | G25: 1 | H25: =((D25*$D$5/3)+(E25*$E$5/3)+(F25*$F$5/3)+(G25*$G$5/3))*90 -> 60 | M25: =((I25*$D$5/3)+(J25*$E$5/3)+(K25*$F$5/3)+(L25*$G$5/3))*90 -> 0 | R25: =((N25*$D$5/3)+(O25*$E$5/3)+(P25*$F$5/3)+(Q25*$G$5/3))*90 -> 0 | W25: =((S25*$D$5/3)+(T25*$E$5/3)+(U25*$F$5/3)+(V25*$G$5/3))*90 -> 0 | X25: 1 | Y25: 1 | Z25: 1 | AA25: 1 | AB25: =((X25*$D$5/3)+(Y25*$E$5/3)+(Z25*$F$5/3)+(AA25*$G$5/3))*90 -> 30 | AG25: =((AC25*$D$5/3)+(AD25*$E$5/3)+(AE25*$F$5/3)+(AF25*$G$5/3))*90 -> 0 | AH25: 2 | AI25: 3 | AJ25: 3 | AK25: 1 | AL25: =((AH25*$D$5/3)+(AI25*$E$5/3)+(AJ25*$F$5/3)+(AK25*$G$5/3))*90 -> 57 | AQ25: =((AM25*$D$5/3)+(AN25*$E$5/3)+(AO25*$F$5/3)+(AP25*$G$5/3))*90 -> 0
A26: ='INPUT DAFTAR PESERTA'!A24 -> 21 | B26: ='INPUT DAFTAR PESERTA'!B24 -> 2509056009 | C26: ='INPUT DAFTAR PESERTA'!C24 -> Muhammad Hersal Ramadhan | D26: 2 | E26: 3 | F26: 2 | G26: 2 | H26: =((D26*$D$5/3)+(E26*$E$5/3)+(F26*$F$5/3)+(G26*$G$5/3))*90 -> 66 | I26: 3 | J26: 3 | K26: 3 | L26: 1 | M26: =((I26*$D$5/3)+(J26*$E$5/3)+(K26*$F$5/3)+(L26*$G$5/3))*90 -> 60 | N26: 3 | O26: 3 | P26: 3 | Q26: 3 | R26: =((N26*$D$5/3)+(O26*$E$5/3)+(P26*$F$5/3)+(Q26*$G$5/3))*90 -> 90 | S26: 2 | T26: 3 | U26: 3 | V26: 3 | W26: =((S26*$D$5/3)+(T26*$E$5/3)+(U26*$F$5/3)+(V26*$G$5/3))*90 -> 87 | X26: 2 | Y26: 2 | Z26: 2 | AA26: 3 | AB26: =((X26*$D$5/3)+(Y26*$E$5/3)+(Z26*$F$5/3)+(AA26*$G$5/3))*90 -> 75 | AC26: 3 | AD26: 2 | AE26: 3 | AF26: 2 | AG26: =((AC26*$D$5/3)+(AD26*$E$5/3)+(AE26*$F$5/3)+(AF26*$G$5/3))*90 -> 69 | AH26: 2 | AI26: 3 | AJ26: 3 | AK26: 1 | AL26: =((AH26*$D$5/3)+(AI26*$E$5/3)+(AJ26*$F$5/3)+(AK26*$G$5/3))*90 -> 57 | AM26: 3 | AN26: 3 | AO26: 3 | AP26: 1 | AQ26: =((AM26*$D$5/3)+(AN26*$E$5/3)+(AO26*$F$5/3)+(AP26*$G$5/3))*90 -> 60
A27: ='INPUT DAFTAR PESERTA'!A25 -> 22 | B27: ='INPUT DAFTAR PESERTA'!B25 -> 2509056010 | C27: ='INPUT DAFTAR PESERTA'!C25 -> Chikal Fattiya Putri | H27: =((D27*$D$5/3)+(E27*$E$5/3)+(F27*$F$5/3)+(G27*$G$5/3))*90 -> 0 | M27: =((I27*$D$5/3)+(J27*$E$5/3)+(K27*$F$5/3)+(L27*$G$5/3))*90 -> 0 | R27: =((N27*$D$5/3)+(O27*$E$5/3)+(P27*$F$5/3)+(Q27*$G$5/3))*90 -> 0 | W27: =((S27*$D$5/3)+(T27*$E$5/3)+(U27*$F$5/3)+(V27*$G$5/3))*90 -> 0 | X27: 3 | Y27: 3 | Z27: 3 | AA27: 1 | AB27: =((X27*$D$5/3)+(Y27*$E$5/3)+(Z27*$F$5/3)+(AA27*$G$5/3))*90 -> 60 | AC27: 3 | AD27: 2 | AE27: 3 | AF27: 2 | AG27: =((AC27*$D$5/3)+(AD27*$E$5/3)+(AE27*$F$5/3)+(AF27*$G$5/3))*90 -> 69 | AH27: 2 | AI27: 3 | AJ27: 3 | AK27: 1 | AL27: =((AH27*$D$5/3)+(AI27*$E$5/3)+(AJ27*$F$5/3)+(AK27*$G$5/3))*90 -> 57 | AQ27: =((AM27*$D$5/3)+(AN27*$E$5/3)+(AO27*$F$5/3)+(AP27*$G$5/3))*90 -> 0
A28: ='INPUT DAFTAR PESERTA'!A26 -> 23 | B28: ='INPUT DAFTAR PESERTA'!B26 -> 2509056011 | C28: ='INPUT DAFTAR PESERTA'!C26 -> Muhammad Daffa Lailitama Sinaga | D28: 3 | E28: 3 | F28: 3 | G28: 2 | H28: =((D28*$D$5/3)+(E28*$E$5/3)+(F28*$F$5/3)+(G28*$G$5/3))*90 -> 75 | I28: 3 | J28: 3 | K28: 3 | L28: 1 | M28: =((I28*$D$5/3)+(J28*$E$5/3)+(K28*$F$5/3)+(L28*$G$5/3))*90 -> 60 | N28: 2 | O28: 3 | P28: 3 | Q28: 3 | R28: =((N28*$D$5/3)+(O28*$E$5/3)+(P28*$F$5/3)+(Q28*$G$5/3))*90 -> 87 | S28: 2 | T28: 3 | U28: 3 | V28: 3 | W28: =((S28*$D$5/3)+(T28*$E$5/3)+(U28*$F$5/3)+(V28*$G$5/3))*90 -> 87 | X28: 3 | Y28: 3 | Z28: 3 | AA28: 3 | AB28: =((X28*$D$5/3)+(Y28*$E$5/3)+(Z28*$F$5/3)+(AA28*$G$5/3))*90 -> 90 | AC28: 3 | AD28: 2 | AE28: 3 | AF28: 2 | AG28: =((AC28*$D$5/3)+(AD28*$E$5/3)+(AE28*$F$5/3)+(AF28*$G$5/3))*90 -> 69 | AH28: 2 | AI28: 3 | AJ28: 3 | AK28: 3 | AL28: =((AH28*$D$5/3)+(AI28*$E$5/3)+(AJ28*$F$5/3)+(AK28*$G$5/3))*90 -> 87 | AM28: 3 | AN28: 3 | AO28: 3 | AP28: 1 | AQ28: =((AM28*$D$5/3)+(AN28*$E$5/3)+(AO28*$F$5/3)+(AP28*$G$5/3))*90 -> 60
A29: ='INPUT DAFTAR PESERTA'!A27 -> 24 | B29: ='INPUT DAFTAR PESERTA'!B27 -> 2509056012 | C29: ='INPUT DAFTAR PESERTA'!C27 -> Sera Ayu Ningsih | D29: 3 | E29: 3 | F29: 3 | G29: 1 | H29: =((D29*$D$5/3)+(E29*$E$5/3)+(F29*$F$5/3)+(G29*$G$5/3))*90 -> 60 | I29: 3 | J29: 3 | K29: 3 | L29: 1 | M29: =((I29*$D$5/3)+(J29*$E$5/3)+(K29*$F$5/3)+(L29*$G$5/3))*90 -> 60 | N29: 2 | O29: 3 | P29: 3 | Q29: 1 | R29: =((N29*$D$5/3)+(O29*$E$5/3)+(P29*$F$5/3)+(Q29*$G$5/3))*90 -> 57 | S29: 2 | T29: 3 | U29: 3 | V29: 3 | W29: =((S29*$D$5/3)+(T29*$E$5/3)+(U29*$F$5/3)+(V29*$G$5/3))*90 -> 87 | X29: 3 | Y29: 3 | Z29: 3 | AA29: 1 | AB29: =((X29*$D$5/3)+(Y29*$E$5/3)+(Z29*$F$5/3)+(AA29*$G$5/3))*90 -> 60 | AC29: 3 | AD29: 2 | AE29: 3 | AF29: 2 | AG29: =((AC29*$D$5/3)+(AD29*$E$5/3)+(AE29*$F$5/3)+(AF29*$G$5/3))*90 -> 69 | AH29: 2 | AI29: 3 | AJ29: 3 | AK29: 2 | AL29: =((AH29*$D$5/3)+(AI29*$E$5/3)+(AJ29*$F$5/3)+(AK29*$G$5/3))*90 -> 72 | AM29: 3 | AN29: 3 | AO29: 3 | AP29: 1 | AQ29: =((AM29*$D$5/3)+(AN29*$E$5/3)+(AO29*$F$5/3)+(AP29*$G$5/3))*90 -> 60
A30: ='INPUT DAFTAR PESERTA'!A28 -> 25 | B30: ='INPUT DAFTAR PESERTA'!B28 -> 2509056013 | C30: ='INPUT DAFTAR PESERTA'!C28 -> Naufal Firdaus Syauqi | D30: 3 | E30: 3 | F30: 3 | G30: 2 | H30: =((D30*$D$5/3)+(E30*$E$5/3)+(F30*$F$5/3)+(G30*$G$5/3))*90 -> 75 | M30: =((I30*$D$5/3)+(J30*$E$5/3)+(K30*$F$5/3)+(L30*$G$5/3))*90 -> 0 | N30: 2 | O30: 3 | P30: 3 | Q30: 1 | R30: =((N30*$D$5/3)+(O30*$E$5/3)+(P30*$F$5/3)+(Q30*$G$5/3))*90 -> 57 | S30: 2 | T30: 3 | U30: 3 | V30: 2 | W30: =((S30*$D$5/3)+(T30*$E$5/3)+(U30*$F$5/3)+(V30*$G$5/3))*90 -> 72 | X30: 3 | Y30: 3 | Z30: 3 | AA30: 1 | AB30: =((X30*$D$5/3)+(Y30*$E$5/3)+(Z30*$F$5/3)+(AA30*$G$5/3))*90 -> 60 | AC30: 3 | AD30: 2 | AE30: 2 | AF30: 2 | AG30: =((AC30*$D$5/3)+(AD30*$E$5/3)+(AE30*$F$5/3)+(AF30*$G$5/3))*90 -> 63 | AH30: 2 | AI30: 3 | AJ30: 3 | AK30: 2 | AL30: =((AH30*$D$5/3)+(AI30*$E$5/3)+(AJ30*$F$5/3)+(AK30*$G$5/3))*90 -> 72 | AM30: 3 | AN30: 3 | AO30: 3 | AP30: 2 | AQ30: =((AM30*$D$5/3)+(AN30*$E$5/3)+(AO30*$F$5/3)+(AP30*$G$5/3))*90 -> 75
A31: ='INPUT DAFTAR PESERTA'!A29 -> 26 | B31: ='INPUT DAFTAR PESERTA'!B29 -> 2509056014 | C31: ='INPUT DAFTAR PESERTA'!C29 -> Alexander Radja Roben Saragih | D31: 3 | E31: 3 | F31: 3 | G31: 3 | H31: =((D31*$D$5/3)+(E31*$E$5/3)+(F31*$F$5/3)+(G31*$G$5/3))*90 -> 90 | I31: 3 | J31: 3 | K31: 3 | L31: 1 | M31: =((I31*$D$5/3)+(J31*$E$5/3)+(K31*$F$5/3)+(L31*$G$5/3))*90 -> 60 | N31: 2 | O31: 3 | P31: 3 | Q31: 3 | R31: =((N31*$D$5/3)+(O31*$E$5/3)+(P31*$F$5/3)+(Q31*$G$5/3))*90 -> 87 | S31: 2 | T31: 3 | U31: 3 | V31: 3 | W31: =((S31*$D$5/3)+(T31*$E$5/3)+(U31*$F$5/3)+(V31*$G$5/3))*90 -> 87 | X31: 3 | Y31: 3 | Z31: 3 | AA31: 3 | AB31: =((X31*$D$5/3)+(Y31*$E$5/3)+(Z31*$F$5/3)+(AA31*$G$5/3))*90 -> 90 | AC31: 3 | AD31: 2 | AE31: 2 | AF31: 2 | AG31: =((AC31*$D$5/3)+(AD31*$E$5/3)+(AE31*$F$5/3)+(AF31*$G$5/3))*90 -> 63 | AH31: 2 | AI31: 3 | AJ31: 3 | AK31: 3 | AL31: =((AH31*$D$5/3)+(AI31*$E$5/3)+(AJ31*$F$5/3)+(AK31*$G$5/3))*90 -> 87 | AM31: 3 | AN31: 3 | AO31: 3 | AP31: 3 | AQ31: =((AM31*$D$5/3)+(AN31*$E$5/3)+(AO31*$F$5/3)+(AP31*$G$5/3))*90 -> 90
A32: ='INPUT DAFTAR PESERTA'!A30 -> 27 | B32: ='INPUT DAFTAR PESERTA'!B30 -> 2509056015 | C32: ='INPUT DAFTAR PESERTA'!C30 -> Tiara Aqila Azzahra | D32: 3 | E32: 3 | F32: 3 | G32: 1 | H32: =((D32*$D$5/3)+(E32*$E$5/3)+(F32*$F$5/3)+(G32*$G$5/3))*90 -> 60 | I32: 3 | J32: 3 | K32: 3 | L32: 2 | M32: =((I32*$D$5/3)+(J32*$E$5/3)+(K32*$F$5/3)+(L32*$G$5/3))*90 -> 75 | N32: 2 | O32: 3 | P32: 3 | Q32: 2 | R32: =((N32*$D$5/3)+(O32*$E$5/3)+(P32*$F$5/3)+(Q32*$G$5/3))*90 -> 72 | S32: 2 | T32: 3 | U32: 3 | V32: 3 | W32: =((S32*$D$5/3)+(T32*$E$5/3)+(U32*$F$5/3)+(V32*$G$5/3))*90 -> 87 | X32: 3 | Y32: 3 | Z32: 3 | AA32: 3 | AB32: =((X32*$D$5/3)+(Y32*$E$5/3)+(Z32*$F$5/3)+(AA32*$G$5/3))*90 -> 90 | AC32: 3 | AD32: 2 | AE32: 2 | AF32: 2 | AG32: =((AC32*$D$5/3)+(AD32*$E$5/3)+(AE32*$F$5/3)+(AF32*$G$5/3))*90 -> 63 | AH32: 2 | AI32: 3 | AJ32: 3 | AK32: 3 | AL32: =((AH32*$D$5/3)+(AI32*$E$5/3)+(AJ32*$F$5/3)+(AK32*$G$5/3))*90 -> 87 | AM32: 3 | AN32: 3 | AO32: 3 | AP32: 2 | AQ32: =((AM32*$D$5/3)+(AN32*$E$5/3)+(AO32*$F$5/3)+(AP32*$G$5/3))*90 -> 75
A33: ='INPUT DAFTAR PESERTA'!A31 -> 28 | B33: ='INPUT DAFTAR PESERTA'!B31 -> 2509056016 | C33: ='INPUT DAFTAR PESERTA'!C31 -> Muhammad Haikal Islamy Saputra | D33: 2 | E33: 2 | F33: 3 | G33: 1 | H33: =((D33*$D$5/3)+(E33*$E$5/3)+(F33*$F$5/3)+(G33*$G$5/3))*90 -> 51 | I33: 3 | J33: 3 | K33: 3 | L33: 1 | M33: =((I33*$D$5/3)+(J33*$E$5/3)+(K33*$F$5/3)+(L33*$G$5/3))*90 -> 60 | N33: 3 | O33: 3 | P33: 3 | Q33: 1 | R33: =((N33*$D$5/3)+(O33*$E$5/3)+(P33*$F$5/3)+(Q33*$G$5/3))*90 -> 60 | S33: 2 | T33: 3 | U33: 3 | V33: 2 | W33: =((S33*$D$5/3)+(T33*$E$5/3)+(U33*$F$5/3)+(V33*$G$5/3))*90 -> 72 | X33: 3 | Y33: 2 | Z33: 2 | AA33: 3 | AB33: =((X33*$D$5/3)+(Y33*$E$5/3)+(Z33*$F$5/3)+(AA33*$G$5/3))*90 -> 78 | AC33: 3 | AD33: 2 | AE33: 2 | AF33: 2 | AG33: =((AC33*$D$5/3)+(AD33*$E$5/3)+(AE33*$F$5/3)+(AF33*$G$5/3))*90 -> 63 | AH33: 2 | AI33: 3 | AJ33: 3 | AK33: 3 | AL33: =((AH33*$D$5/3)+(AI33*$E$5/3)+(AJ33*$F$5/3)+(AK33*$G$5/3))*90 -> 87 | AM33: 3 | AN33: 3 | AO33: 3 | AP33: 2 | AQ33: =((AM33*$D$5/3)+(AN33*$E$5/3)+(AO33*$F$5/3)+(AP33*$G$5/3))*90 -> 75
A34: ='INPUT DAFTAR PESERTA'!A32 -> 29 | B34: ='INPUT DAFTAR PESERTA'!B32 -> 2509056017 | C34: ='INPUT DAFTAR PESERTA'!C32 -> Faatihur Rizki | D34: 2 | E34: 2 | F34: 3 | G34: 1 | H34: =((D34*$D$5/3)+(E34*$E$5/3)+(F34*$F$5/3)+(G34*$G$5/3))*90 -> 51 | I34: 3 | J34: 3 | K34: 3 | L34: 1 | M34: =((I34*$D$5/3)+(J34*$E$5/3)+(K34*$F$5/3)+(L34*$G$5/3))*90 -> 60 | N34: 3 | O34: 3 | P34: 3 | Q34: 1 | R34: =((N34*$D$5/3)+(O34*$E$5/3)+(P34*$F$5/3)+(Q34*$G$5/3))*90 -> 60 | S34: 2 | T34: 3 | U34: 3 | V34: 1 | W34: =((S34*$D$5/3)+(T34*$E$5/3)+(U34*$F$5/3)+(V34*$G$5/3))*90 -> 57 | X34: 3 | Y34: 3 | Z34: 3 | AA34: 1 | AB34: =((X34*$D$5/3)+(Y34*$E$5/3)+(Z34*$F$5/3)+(AA34*$G$5/3))*90 -> 60 | AC34: 3 | AD34: 2 | AE34: 2 | AF34: 2 | AG34: =((AC34*$D$5/3)+(AD34*$E$5/3)+(AE34*$F$5/3)+(AF34*$G$5/3))*90 -> 63 | AH34: 2 | AI34: 3 | AJ34: 3 | AK34: 2 | AL34: =((AH34*$D$5/3)+(AI34*$E$5/3)+(AJ34*$F$5/3)+(AK34*$G$5/3))*90 -> 72 | AM34: 3 | AN34: 3 | AO34: 3 | AP34: 2 | AQ34: =((AM34*$D$5/3)+(AN34*$E$5/3)+(AO34*$F$5/3)+(AP34*$G$5/3))*90 -> 75
A35: ='INPUT DAFTAR PESERTA'!A33 -> 30 | B35: ='INPUT DAFTAR PESERTA'!B33 -> 2509056018 | C35: ='INPUT DAFTAR PESERTA'!C33 -> Rashya Annara Salsabilla Tomasoa | D35: 2 | E35: 2 | F35: 3 | G35: 2 | H35: =((D35*$D$5/3)+(E35*$E$5/3)+(F35*$F$5/3)+(G35*$G$5/3))*90 -> 66 | I35: 3 | J35: 3 | K35: 3 | L35: 3 | M35: =((I35*$D$5/3)+(J35*$E$5/3)+(K35*$F$5/3)+(L35*$G$5/3))*90 -> 90 | N35: 3 | O35: 3 | P35: 3 | Q35: 3 | R35: =((N35*$D$5/3)+(O35*$E$5/3)+(P35*$F$5/3)+(Q35*$G$5/3))*90 -> 90 | S35: 2 | T35: 3 | U35: 3 | V35: 3 | W35: =((S35*$D$5/3)+(T35*$E$5/3)+(U35*$F$5/3)+(V35*$G$5/3))*90 -> 87 | X35: 2 | Y35: 2 | Z35: 2 | AA35: 3 | AB35: =((X35*$D$5/3)+(Y35*$E$5/3)+(Z35*$F$5/3)+(AA35*$G$5/3))*90 -> 75 | AC35: 3 | AD35: 2 | AE35: 2 | AF35: 2 | AG35: =((AC35*$D$5/3)+(AD35*$E$5/3)+(AE35*$F$5/3)+(AF35*$G$5/3))*90 -> 63 | AH35: 2 | AI35: 3 | AJ35: 3 | AK35: 3 | AL35: =((AH35*$D$5/3)+(AI35*$E$5/3)+(AJ35*$F$5/3)+(AK35*$G$5/3))*90 -> 87 | AM35: 3 | AN35: 3 | AO35: 3 | AP35: 1 | AQ35: =((AM35*$D$5/3)+(AN35*$E$5/3)+(AO35*$F$5/3)+(AP35*$G$5/3))*90 -> 60
A36: ='INPUT DAFTAR PESERTA'!A34 -> 31 | B36: ='INPUT DAFTAR PESERTA'!B34 -> 2509056019 | C36: ='INPUT DAFTAR PESERTA'!C34 -> Desta Novie Sulfianie | H36: =((D36*$D$5/3)+(E36*$E$5/3)+(F36*$F$5/3)+(G36*$G$5/3))*90 -> 0 | I36: 3 | J36: 3 | K36: 3 | L36: 1 | M36: =((I36*$D$5/3)+(J36*$E$5/3)+(K36*$F$5/3)+(L36*$G$5/3))*90 -> 60 | R36: =((N36*$D$5/3)+(O36*$E$5/3)+(P36*$F$5/3)+(Q36*$G$5/3))*90 -> 0 | W36: =((S36*$D$5/3)+(T36*$E$5/3)+(U36*$F$5/3)+(V36*$G$5/3))*90 -> 0 | X36: 3 | Y36: 3 | Z36: 3 | AA36: 1 | AB36: =((X36*$D$5/3)+(Y36*$E$5/3)+(Z36*$F$5/3)+(AA36*$G$5/3))*90 -> 60 | AC36: 2 | AD36: 2 | AE36: 2 | AF36: 2 | AG36: =((AC36*$D$5/3)+(AD36*$E$5/3)+(AE36*$F$5/3)+(AF36*$G$5/3))*90 -> 60 | AL36: =((AH36*$D$5/3)+(AI36*$E$5/3)+(AJ36*$F$5/3)+(AK36*$G$5/3))*90 -> 0 | AQ36: =((AM36*$D$5/3)+(AN36*$E$5/3)+(AO36*$F$5/3)+(AP36*$G$5/3))*90 -> 0
A37: ='INPUT DAFTAR PESERTA'!A35 -> 32 | B37: ='INPUT DAFTAR PESERTA'!B35 -> 2509056020 | C37: ='INPUT DAFTAR PESERTA'!C35 -> Chandra Ahmad Dwinata | D37: 3 | E37: 3 | F37: 3 | G37: 1 | H37: =((D37*$D$5/3)+(E37*$E$5/3)+(F37*$F$5/3)+(G37*$G$5/3))*90 -> 60 | M37: =((I37*$D$5/3)+(J37*$E$5/3)+(K37*$F$5/3)+(L37*$G$5/3))*90 -> 0 | N37: 3 | O37: 3 | P37: 3 | Q37: 1 | R37: =((N37*$D$5/3)+(O37*$E$5/3)+(P37*$F$5/3)+(Q37*$G$5/3))*90 -> 60 | S37: 3 | T37: 3 | U37: 3 | V37: 1 | W37: =((S37*$D$5/3)+(T37*$E$5/3)+(U37*$F$5/3)+(V37*$G$5/3))*90 -> 60 | X37: 2 | Y37: 2 | Z37: 3 | AA37: 3 | AB37: =((X37*$D$5/3)+(Y37*$E$5/3)+(Z37*$F$5/3)+(AA37*$G$5/3))*90 -> 81 | AC37: 2 | AD37: 2 | AE37: 2 | AF37: 2 | AG37: =((AC37*$D$5/3)+(AD37*$E$5/3)+(AE37*$F$5/3)+(AF37*$G$5/3))*90 -> 60 | AH37: 3 | AI37: 3 | AJ37: 3 | AK37: 1 | AL37: =((AH37*$D$5/3)+(AI37*$E$5/3)+(AJ37*$F$5/3)+(AK37*$G$5/3))*90 -> 60 | AM37: 3 | AN37: 3 | AO37: 3 | AP37: 1 | AQ37: =((AM37*$D$5/3)+(AN37*$E$5/3)+(AO37*$F$5/3)+(AP37*$G$5/3))*90 -> 60
A38: ='INPUT DAFTAR PESERTA'!A36 -> 33 | B38: ='INPUT DAFTAR PESERTA'!B36 -> 2509056021 | C38: ='INPUT DAFTAR PESERTA'!C36 -> Sopando Imanuel Sipayung | D38: 2 | E38: 3 | F38: 3 | G38: 2 | H38: =((D38*$D$5/3)+(E38*$E$5/3)+(F38*$F$5/3)+(G38*$G$5/3))*90 -> 72 | I38: 3 | J38: 3 | K38: 3 | L38: 3 | M38: =((I38*$D$5/3)+(J38*$E$5/3)+(K38*$F$5/3)+(L38*$G$5/3))*90 -> 90 | N38: 3 | O38: 3 | P38: 3 | Q38: 2 | R38: =((N38*$D$5/3)+(O38*$E$5/3)+(P38*$F$5/3)+(Q38*$G$5/3))*90 -> 75 | S38: 3 | T38: 3 | U38: 3 | V38: 1 | W38: =((S38*$D$5/3)+(T38*$E$5/3)+(U38*$F$5/3)+(V38*$G$5/3))*90 -> 60 | X38: 3 | Y38: 2 | Z38: 3 | AA38: 3 | AB38: =((X38*$D$5/3)+(Y38*$E$5/3)+(Z38*$F$5/3)+(AA38*$G$5/3))*90 -> 84 | AC38: 2 | AD38: 2 | AE38: 2 | AF38: 2 | AG38: =((AC38*$D$5/3)+(AD38*$E$5/3)+(AE38*$F$5/3)+(AF38*$G$5/3))*90 -> 60 | AH38: 2 | AI38: 3 | AJ38: 3 | AK38: 3 | AL38: =((AH38*$D$5/3)+(AI38*$E$5/3)+(AJ38*$F$5/3)+(AK38*$G$5/3))*90 -> 87 | AM38: 3 | AN38: 3 | AO38: 3 | AP38: 1 | AQ38: =((AM38*$D$5/3)+(AN38*$E$5/3)+(AO38*$F$5/3)+(AP38*$G$5/3))*90 -> 60
A39: ='INPUT DAFTAR PESERTA'!A37 -> 34 | B39: ='INPUT DAFTAR PESERTA'!B37 -> 2509056022 | C39: ='INPUT DAFTAR PESERTA'!C37 -> Rayhan Winata Prabowo | D39: 3 | E39: 3 | F39: 3 | G39: 1 | H39: =((D39*$D$5/3)+(E39*$E$5/3)+(F39*$F$5/3)+(G39*$G$5/3))*90 -> 60 | I39: 3 | J39: 3 | K39: 3 | L39: 1 | M39: =((I39*$D$5/3)+(J39*$E$5/3)+(K39*$F$5/3)+(L39*$G$5/3))*90 -> 60 | N39: 3 | O39: 3 | P39: 3 | Q39: 2 | R39: =((N39*$D$5/3)+(O39*$E$5/3)+(P39*$F$5/3)+(Q39*$G$5/3))*90 -> 75 | S39: 3 | T39: 3 | U39: 3 | V39: 3 | W39: =((S39*$D$5/3)+(T39*$E$5/3)+(U39*$F$5/3)+(V39*$G$5/3))*90 -> 90 | X39: 2 | Y39: 3 | Z39: 3 | AA39: 1 | AB39: =((X39*$D$5/3)+(Y39*$E$5/3)+(Z39*$F$5/3)+(AA39*$G$5/3))*90 -> 57 | AC39: 2 | AD39: 2 | AE39: 2 | AF39: 2 | AG39: =((AC39*$D$5/3)+(AD39*$E$5/3)+(AE39*$F$5/3)+(AF39*$G$5/3))*90 -> 60 | AH39: 2 | AI39: 3 | AJ39: 3 | AK39: 1 | AL39: =((AH39*$D$5/3)+(AI39*$E$5/3)+(AJ39*$F$5/3)+(AK39*$G$5/3))*90 -> 57 | AM39: 3 | AN39: 3 | AO39: 3 | AP39: 2 | AQ39: =((AM39*$D$5/3)+(AN39*$E$5/3)+(AO39*$F$5/3)+(AP39*$G$5/3))*90 -> 75
A40: ='INPUT DAFTAR PESERTA'!A38 -> 35 | B40: ='INPUT DAFTAR PESERTA'!B38 -> 2509056023 | C40: ='INPUT DAFTAR PESERTA'!C38 -> Ahmad Din Nejad | D40: 3 | E40: 3 | F40: 3 | G40: 3 | H40: =((D40*$D$5/3)+(E40*$E$5/3)+(F40*$F$5/3)+(G40*$G$5/3))*90 -> 90 | I40: 3 | J40: 3 | K40: 3 | L40: 1 | M40: =((I40*$D$5/3)+(J40*$E$5/3)+(K40*$F$5/3)+(L40*$G$5/3))*90 -> 60 | R40: =((N40*$D$5/3)+(O40*$E$5/3)+(P40*$F$5/3)+(Q40*$G$5/3))*90 -> 0 | W40: =((S40*$D$5/3)+(T40*$E$5/3)+(U40*$F$5/3)+(V40*$G$5/3))*90 -> 0 | X40: 1 | Y40: 1 | Z40: 1 | AA40: 1 | AB40: =((X40*$D$5/3)+(Y40*$E$5/3)+(Z40*$F$5/3)+(AA40*$G$5/3))*90 -> 30 | AC40: 2 | AD40: 2 | AE40: 2 | AF40: 2 | AG40: =((AC40*$D$5/3)+(AD40*$E$5/3)+(AE40*$F$5/3)+(AF40*$G$5/3))*90 -> 60 | AL40: =((AH40*$D$5/3)+(AI40*$E$5/3)+(AJ40*$F$5/3)+(AK40*$G$5/3))*90 -> 0 | AQ40: =((AM40*$D$5/3)+(AN40*$E$5/3)+(AO40*$F$5/3)+(AP40*$G$5/3))*90 -> 0
A41: ='INPUT DAFTAR PESERTA'!A39 -> 36 | B41: ='INPUT DAFTAR PESERTA'!B39 -> 2509056024 | C41: ='INPUT DAFTAR PESERTA'!C39 -> Nabil Candra Hartanto | D41: 3 | E41: 3 | F41: 3 | G41: 3 | H41: =((D41*$D$5/3)+(E41*$E$5/3)+(F41*$F$5/3)+(G41*$G$5/3))*90 -> 90 | I41: 1 | J41: 1 | K41: 1 | L41: 1 | M41: =((I41*$D$5/3)+(J41*$E$5/3)+(K41*$F$5/3)+(L41*$G$5/3))*90 -> 30 | N41: 3 | O41: 3 | P41: 3 | Q41: 3 | R41: =((N41*$D$5/3)+(O41*$E$5/3)+(P41*$F$5/3)+(Q41*$G$5/3))*90 -> 90 | S41: 3 | T41: 3 | U41: 3 | V41: 1 | W41: =((S41*$D$5/3)+(T41*$E$5/3)+(U41*$F$5/3)+(V41*$G$5/3))*90 -> 60 | X41: 2 | Y41: 3 | Z41: 3 | AA41: 0 | AB41: =((X41*$D$5/3)+(Y41*$E$5/3)+(Z41*$F$5/3)+(AA41*$G$5/3))*90 -> 42 | AC41: 2 | AD41: 2 | AE41: 2 | AF41: 2 | AG41: =((AC41*$D$5/3)+(AD41*$E$5/3)+(AE41*$F$5/3)+(AF41*$G$5/3))*90 -> 60 | AH41: 2 | AI41: 3 | AJ41: 3 | AK41: 1 | AL41: =((AH41*$D$5/3)+(AI41*$E$5/3)+(AJ41*$F$5/3)+(AK41*$G$5/3))*90 -> 57 | AM41: 3 | AN41: 3 | AO41: 3 | AP41: 2 | AQ41: =((AM41*$D$5/3)+(AN41*$E$5/3)+(AO41*$F$5/3)+(AP41*$G$5/3))*90 -> 75
A42: ='INPUT DAFTAR PESERTA'!A40 -> 37 | B42: ='INPUT DAFTAR PESERTA'!B40 -> 2509056025 | C42: ='INPUT DAFTAR PESERTA'!C40 -> Muhammad Rifqi Ibnu Malik | D42: 3 | E42: 3 | F42: 3 | G42: 1 | H42: =((D42*$D$5/3)+(E42*$E$5/3)+(F42*$F$5/3)+(G42*$G$5/3))*90 -> 60 | M42: =((I42*$D$5/3)+(J42*$E$5/3)+(K42*$F$5/3)+(L42*$G$5/3))*90 -> 0 | R42: =((N42*$D$5/3)+(O42*$E$5/3)+(P42*$F$5/3)+(Q42*$G$5/3))*90 -> 0 | W42: =((S42*$D$5/3)+(T42*$E$5/3)+(U42*$F$5/3)+(V42*$G$5/3))*90 -> 0 | X42: 2 | Y42: 3 | Z42: 3 | AA42: 1 | AB42: =((X42*$D$5/3)+(Y42*$E$5/3)+(Z42*$F$5/3)+(AA42*$G$5/3))*90 -> 57 | AC42: 2 | AD42: 2 | AE42: 2 | AF42: 2 | AG42: =((AC42*$D$5/3)+(AD42*$E$5/3)+(AE42*$F$5/3)+(AF42*$G$5/3))*90 -> 60 | AH42: 2 | AI42: 3 | AJ42: 3 | AK42: 1 | AL42: =((AH42*$D$5/3)+(AI42*$E$5/3)+(AJ42*$F$5/3)+(AK42*$G$5/3))*90 -> 57 | AQ42: =((AM42*$D$5/3)+(AN42*$E$5/3)+(AO42*$F$5/3)+(AP42*$G$5/3))*90 -> 0
A43: ='INPUT DAFTAR PESERTA'!A41 -> 38 | B43: ='INPUT DAFTAR PESERTA'!B41 -> 2509056026 | C43: ='INPUT DAFTAR PESERTA'!C41 -> Aditya Alfiansyah | D43: 3 | E43: 3 | F43: 3 | G43: 3 | H43: =((D43*$D$5/3)+(E43*$E$5/3)+(F43*$F$5/3)+(G43*$G$5/3))*90 -> 90 | M43: =((I43*$D$5/3)+(J43*$E$5/3)+(K43*$F$5/3)+(L43*$G$5/3))*90 -> 0 | R43: =((N43*$D$5/3)+(O43*$E$5/3)+(P43*$F$5/3)+(Q43*$G$5/3))*90 -> 0 | W43: =((S43*$D$5/3)+(T43*$E$5/3)+(U43*$F$5/3)+(V43*$G$5/3))*90 -> 0 | X43: 1 | Y43: 1 | Z43: 1 | AA43: 1 | AB43: =((X43*$D$5/3)+(Y43*$E$5/3)+(Z43*$F$5/3)+(AA43*$G$5/3))*90 -> 30 | AG43: =((AC43*$D$5/3)+(AD43*$E$5/3)+(AE43*$F$5/3)+(AF43*$G$5/3))*90 -> 0 | AL43: =((AH43*$D$5/3)+(AI43*$E$5/3)+(AJ43*$F$5/3)+(AK43*$G$5/3))*90 -> 0 | AQ43: =((AM43*$D$5/3)+(AN43*$E$5/3)+(AO43*$F$5/3)+(AP43*$G$5/3))*90 -> 0
A44: ='INPUT DAFTAR PESERTA'!A42 -> 39 | B44: ='INPUT DAFTAR PESERTA'!B42 -> 2509056027 | C44: ='INPUT DAFTAR PESERTA'!C42 -> Muhammad Syauqi Nail | D44: 3 | E44: 3 | F44: 3 | G44: 1 | H44: =((D44*$D$5/3)+(E44*$E$5/3)+(F44*$F$5/3)+(G44*$G$5/3))*90 -> 60 | I44: 3 | J44: 3 | K44: 3 | L44: 3 | M44: =((I44*$D$5/3)+(J44*$E$5/3)+(K44*$F$5/3)+(L44*$G$5/3))*90 -> 90 | N44: 3 | O44: 3 | P44: 3 | Q44: 3 | R44: =((N44*$D$5/3)+(O44*$E$5/3)+(P44*$F$5/3)+(Q44*$G$5/3))*90 -> 90 | S44: 3 | T44: 3 | U44: 3 | V44: 3 | W44: =((S44*$D$5/3)+(T44*$E$5/3)+(U44*$F$5/3)+(V44*$G$5/3))*90 -> 90 | X44: 2 | Y44: 3 | Z44: 3 | AA44: 1 | AB44: =((X44*$D$5/3)+(Y44*$E$5/3)+(Z44*$F$5/3)+(AA44*$G$5/3))*90 -> 57 | AC44: 3 | AD44: 3 | AE44: 3 | AF44: 2 | AG44: =((AC44*$D$5/3)+(AD44*$E$5/3)+(AE44*$F$5/3)+(AF44*$G$5/3))*90 -> 75 | AH44: 2 | AI44: 3 | AJ44: 3 | AK44: 3 | AL44: =((AH44*$D$5/3)+(AI44*$E$5/3)+(AJ44*$F$5/3)+(AK44*$G$5/3))*90 -> 87 | AM44: 2 | AN44: 3 | AO44: 3 | AP44: 3 | AQ44: =((AM44*$D$5/3)+(AN44*$E$5/3)+(AO44*$F$5/3)+(AP44*$G$5/3))*90 -> 87
A45: ='INPUT DAFTAR PESERTA'!A43 -> 40 | B45: ='INPUT DAFTAR PESERTA'!B43 -> 2509056028 | C45: ='INPUT DAFTAR PESERTA'!C43 -> Muhammad Rizky Nugraha | D45: 3 | E45: 3 | F45: 3 | G45: 1 | H45: =((D45*$D$5/3)+(E45*$E$5/3)+(F45*$F$5/3)+(G45*$G$5/3))*90 -> 60 | I45: 3 | J45: 3 | K45: 3 | L45: 2 | M45: =((I45*$D$5/3)+(J45*$E$5/3)+(K45*$F$5/3)+(L45*$G$5/3))*90 -> 75 | N45: 3 | O45: 3 | P45: 3 | Q45: 1 | R45: =((N45*$D$5/3)+(O45*$E$5/3)+(P45*$F$5/3)+(Q45*$G$5/3))*90 -> 60 | S45: 3 | T45: 3 | U45: 3 | V45: 3 | W45: =((S45*$D$5/3)+(T45*$E$5/3)+(U45*$F$5/3)+(V45*$G$5/3))*90 -> 90 | X45: 2 | Y45: 3 | Z45: 3 | AA45: 1 | AB45: =((X45*$D$5/3)+(Y45*$E$5/3)+(Z45*$F$5/3)+(AA45*$G$5/3))*90 -> 57 | AC45: 3 | AD45: 3 | AE45: 3 | AF45: 2 | AG45: =((AC45*$D$5/3)+(AD45*$E$5/3)+(AE45*$F$5/3)+(AF45*$G$5/3))*90 -> 75 | AH45: 2 | AI45: 3 | AJ45: 3 | AK45: 1 | AL45: =((AH45*$D$5/3)+(AI45*$E$5/3)+(AJ45*$F$5/3)+(AK45*$G$5/3))*90 -> 57 | AM45: 2 | AN45: 2 | AO45: 2 | AP45: 1 | AQ45: =((AM45*$D$5/3)+(AN45*$E$5/3)+(AO45*$F$5/3)+(AP45*$G$5/3))*90 -> 45
A46: ='INPUT DAFTAR PESERTA'!A44 -> 41 | B46: ='INPUT DAFTAR PESERTA'!B44 -> 2509056029 | C46: ='INPUT DAFTAR PESERTA'!C44 -> Reyska Bintang Afdillah | D46: 3 | E46: 3 | F46: 3 | G46: 3 | H46: =((D46*$D$5/3)+(E46*$E$5/3)+(F46*$F$5/3)+(G46*$G$5/3))*90 -> 90 | M46: =((I46*$D$5/3)+(J46*$E$5/3)+(K46*$F$5/3)+(L46*$G$5/3))*90 -> 0 | R46: =((N46*$D$5/3)+(O46*$E$5/3)+(P46*$F$5/3)+(Q46*$G$5/3))*90 -> 0 | W46: =((S46*$D$5/3)+(T46*$E$5/3)+(U46*$F$5/3)+(V46*$G$5/3))*90 -> 0 | X46: 1 | Y46: 1 | Z46: 1 | AA46: 1 | AB46: =((X46*$D$5/3)+(Y46*$E$5/3)+(Z46*$F$5/3)+(AA46*$G$5/3))*90 -> 30 | AC46: 3 | AD46: 3 | AE46: 3 | AF46: 2 | AG46: =((AC46*$D$5/3)+(AD46*$E$5/3)+(AE46*$F$5/3)+(AF46*$G$5/3))*90 -> 75 | AH46: 2 | AI46: 3 | AJ46: 3 | AK46: 1 | AL46: =((AH46*$D$5/3)+(AI46*$E$5/3)+(AJ46*$F$5/3)+(AK46*$G$5/3))*90 -> 57 | AM46: 2 | AN46: 2 | AO46: 2 | AP46: 1 | AQ46: =((AM46*$D$5/3)+(AN46*$E$5/3)+(AO46*$F$5/3)+(AP46*$G$5/3))*90 -> 45
A47: ='INPUT DAFTAR PESERTA'!A45 -> 42 | B47: ='INPUT DAFTAR PESERTA'!B45 -> 2509056030 | C47: ='INPUT DAFTAR PESERTA'!C45 -> Muhammad Elo | D47: 3 | E47: 3 | F47: 3 | G47: 3 | H47: =((D47*$D$5/3)+(E47*$E$5/3)+(F47*$F$5/3)+(G47*$G$5/3))*90 -> 90 | I47: 3 | J47: 3 | K47: 3 | L47: 3 | M47: =((I47*$D$5/3)+(J47*$E$5/3)+(K47*$F$5/3)+(L47*$G$5/3))*90 -> 90 | N47: 2 | O47: 3 | P47: 3 | Q47: 3 | R47: =((N47*$D$5/3)+(O47*$E$5/3)+(P47*$F$5/3)+(Q47*$G$5/3))*90 -> 87 | S47: 3 | T47: 3 | U47: 3 | V47: 3 | W47: =((S47*$D$5/3)+(T47*$E$5/3)+(U47*$F$5/3)+(V47*$G$5/3))*90 -> 90 | X47: 2 | Y47: 2 | Z47: 2 | AA47: 3 | AB47: =((X47*$D$5/3)+(Y47*$E$5/3)+(Z47*$F$5/3)+(AA47*$G$5/3))*90 -> 75 | AC47: 3 | AD47: 3 | AE47: 3 | AF47: 2 | AG47: =((AC47*$D$5/3)+(AD47*$E$5/3)+(AE47*$F$5/3)+(AF47*$G$5/3))*90 -> 75 | AH47: 2 | AI47: 3 | AJ47: 3 | AK47: 1 | AL47: =((AH47*$D$5/3)+(AI47*$E$5/3)+(AJ47*$F$5/3)+(AK47*$G$5/3))*90 -> 57 | AM47: 2 | AN47: 2 | AO47: 2 | AP47: 1 | AQ47: =((AM47*$D$5/3)+(AN47*$E$5/3)+(AO47*$F$5/3)+(AP47*$G$5/3))*90 -> 45
A48: ='INPUT DAFTAR PESERTA'!A46 -> 43 | B48: ='INPUT DAFTAR PESERTA'!B46 -> 2509056031 | C48: ='INPUT DAFTAR PESERTA'!C46 -> Naufal Herdizza Akbar Ps | D48: 3 | E48: 3 | F48: 3 | G48: 3 | H48: =((D48*$D$5/3)+(E48*$E$5/3)+(F48*$F$5/3)+(G48*$G$5/3))*90 -> 90 | I48: 3 | J48: 3 | K48: 3 | L48: 3 | M48: =((I48*$D$5/3)+(J48*$E$5/3)+(K48*$F$5/3)+(L48*$G$5/3))*90 -> 90 | N48: 3 | O48: 3 | P48: 3 | Q48: 3 | R48: =((N48*$D$5/3)+(O48*$E$5/3)+(P48*$F$5/3)+(Q48*$G$5/3))*90 -> 90 | S48: 3 | T48: 3 | U48: 3 | V48: 3 | W48: =((S48*$D$5/3)+(T48*$E$5/3)+(U48*$F$5/3)+(V48*$G$5/3))*90 -> 90 | X48: 2 | Y48: 2 | Z48: 2 | AA48: 3 | AB48: =((X48*$D$5/3)+(Y48*$E$5/3)+(Z48*$F$5/3)+(AA48*$G$5/3))*90 -> 75 | AC48: 3 | AD48: 3 | AE48: 3 | AF48: 2 | AG48: =((AC48*$D$5/3)+(AD48*$E$5/3)+(AE48*$F$5/3)+(AF48*$G$5/3))*90 -> 75 | AH48: 2 | AI48: 3 | AJ48: 3 | AK48: 1 | AL48: =((AH48*$D$5/3)+(AI48*$E$5/3)+(AJ48*$F$5/3)+(AK48*$G$5/3))*90 -> 57 | AM48: 2 | AN48: 3 | AO48: 2 | AP48: 1 | AQ48: =((AM48*$D$5/3)+(AN48*$E$5/3)+(AO48*$F$5/3)+(AP48*$G$5/3))*90 -> 51
A49: ='INPUT DAFTAR PESERTA'!A47 -> 44 | B49: ='INPUT DAFTAR PESERTA'!B47 -> 2509056032 | C49: ='INPUT DAFTAR PESERTA'!C47 -> Dea Mila Marsela | D49: 3 | E49: 3 | F49: 3 | G49: 3 | H49: =((D49*$D$5/3)+(E49*$E$5/3)+(F49*$F$5/3)+(G49*$G$5/3))*90 -> 90 | I49: 3 | J49: 3 | K49: 3 | L49: 1 | M49: =((I49*$D$5/3)+(J49*$E$5/3)+(K49*$F$5/3)+(L49*$G$5/3))*90 -> 60 | N49: 2 | O49: 3 | P49: 3 | Q49: 3 | R49: =((N49*$D$5/3)+(O49*$E$5/3)+(P49*$F$5/3)+(Q49*$G$5/3))*90 -> 87 | S49: 3 | T49: 3 | U49: 3 | V49: 1 | W49: =((S49*$D$5/3)+(T49*$E$5/3)+(U49*$F$5/3)+(V49*$G$5/3))*90 -> 60 | X49: 2 | Y49: 2 | Z49: 2 | AA49: 3 | AB49: =((X49*$D$5/3)+(Y49*$E$5/3)+(Z49*$F$5/3)+(AA49*$G$5/3))*90 -> 75 | AC49: 3 | AD49: 3 | AE49: 3 | AF49: 1 | AG49: =((AC49*$D$5/3)+(AD49*$E$5/3)+(AE49*$F$5/3)+(AF49*$G$5/3))*90 -> 60 | AH49: 2 | AI49: 3 | AJ49: 3 | AK49: 1 | AL49: =((AH49*$D$5/3)+(AI49*$E$5/3)+(AJ49*$F$5/3)+(AK49*$G$5/3))*90 -> 57 | AM49: 2 | AN49: 2 | AO49: 2 | AP49: 1 | AQ49: =((AM49*$D$5/3)+(AN49*$E$5/3)+(AO49*$F$5/3)+(AP49*$G$5/3))*90 -> 45
A50: ='INPUT DAFTAR PESERTA'!A48 -> 45 | B50: ='INPUT DAFTAR PESERTA'!B48 -> 2509056033 | C50: ='INPUT DAFTAR PESERTA'!C48 -> Ahmad Salman Nur | D50: 3 | E50: 3 | F50: 3 | G50: 2 | H50: =((D50*$D$5/3)+(E50*$E$5/3)+(F50*$F$5/3)+(G50*$G$5/3))*90 -> 75 | I50: 3 | J50: 3 | K50: 3 | L50: 3 | M50: =((I50*$D$5/3)+(J50*$E$5/3)+(K50*$F$5/3)+(L50*$G$5/3))*90 -> 90 | N50: 2 | O50: 3 | P50: 3 | Q50: 1 | R50: =((N50*$D$5/3)+(O50*$E$5/3)+(P50*$F$5/3)+(Q50*$G$5/3))*90 -> 57 | S50: 3 | T50: 3 | U50: 3 | V50: 2 | W50: =((S50*$D$5/3)+(T50*$E$5/3)+(U50*$F$5/3)+(V50*$G$5/3))*90 -> 75 | X50: 2 | Y50: 2 | Z50: 2 | AA50: 1 | AB50: =((X50*$D$5/3)+(Y50*$E$5/3)+(Z50*$F$5/3)+(AA50*$G$5/3))*90 -> 45 | AC50: 3 | AD50: 3 | AE50: 3 | AF50: 2 | AG50: =((AC50*$D$5/3)+(AD50*$E$5/3)+(AE50*$F$5/3)+(AF50*$G$5/3))*90 -> 75 | AH50: 2 | AI50: 3 | AJ50: 3 | AK50: 1 | AL50: =((AH50*$D$5/3)+(AI50*$E$5/3)+(AJ50*$F$5/3)+(AK50*$G$5/3))*90 -> 57 | AM50: 2 | AN50: 3 | AO50: 3 | AP50: 1 | AQ50: =((AM50*$D$5/3)+(AN50*$E$5/3)+(AO50*$F$5/3)+(AP50*$G$5/3))*90 -> 57
A51: ='INPUT DAFTAR PESERTA'!A49 -> 46 | B51: ='INPUT DAFTAR PESERTA'!B49 -> 2509056035 | C51: ='INPUT DAFTAR PESERTA'!C49 -> Syahputra Lumbantoruan | H51: =((D51*$D$5/3)+(E51*$E$5/3)+(F51*$F$5/3)+(G51*$G$5/3))*90 -> 0 | M51: =((I51*$D$5/3)+(J51*$E$5/3)+(K51*$F$5/3)+(L51*$G$5/3))*90 -> 0 | R51: =((N51*$D$5/3)+(O51*$E$5/3)+(P51*$F$5/3)+(Q51*$G$5/3))*90 -> 0 | W51: =((S51*$D$5/3)+(T51*$E$5/3)+(U51*$F$5/3)+(V51*$G$5/3))*90 -> 0 | X51: 1 | Y51: 1 | Z51: 1 | AA51: 1 | AB51: =((X51*$D$5/3)+(Y51*$E$5/3)+(Z51*$F$5/3)+(AA51*$G$5/3))*90 -> 30 | AC51: 3 | AD51: 2 | AE51: 2 | AF51: 2 | AG51: =((AC51*$D$5/3)+(AD51*$E$5/3)+(AE51*$F$5/3)+(AF51*$G$5/3))*90 -> 63 | AL51: =((AH51*$D$5/3)+(AI51*$E$5/3)+(AJ51*$F$5/3)+(AK51*$G$5/3))*90 -> 0 | AQ51: =((AM51*$D$5/3)+(AN51*$E$5/3)+(AO51*$F$5/3)+(AP51*$G$5/3))*90 -> 0
A52: ='INPUT DAFTAR PESERTA'!A50 -> 47 | B52: ='INPUT DAFTAR PESERTA'!B50 -> 2509056036 | C52: ='INPUT DAFTAR PESERTA'!C50 -> Furqan Ahmad | D52: 1 | E52: 1 | F52: 1 | G52: 1 | H52: =((D52*$D$5/3)+(E52*$E$5/3)+(F52*$F$5/3)+(G52*$G$5/3))*90 -> 30 | M52: =((I52*$D$5/3)+(J52*$E$5/3)+(K52*$F$5/3)+(L52*$G$5/3))*90 -> 0 | R52: =((N52*$D$5/3)+(O52*$E$5/3)+(P52*$F$5/3)+(Q52*$G$5/3))*90 -> 0 | S52: 3 | T52: 3 | U52: 3 | V52: 1 | W52: =((S52*$D$5/3)+(T52*$E$5/3)+(U52*$F$5/3)+(V52*$G$5/3))*90 -> 60 | X52: 1 | Y52: 1 | Z52: 1 | AA52: 1 | AB52: =((X52*$D$5/3)+(Y52*$E$5/3)+(Z52*$F$5/3)+(AA52*$G$5/3))*90 -> 30 | AC52: 3 | AD52: 2 | AE52: 2 | AF52: 2 | AG52: =((AC52*$D$5/3)+(AD52*$E$5/3)+(AE52*$F$5/3)+(AF52*$G$5/3))*90 -> 63 | AL52: =((AH52*$D$5/3)+(AI52*$E$5/3)+(AJ52*$F$5/3)+(AK52*$G$5/3))*90 -> 0 | AQ52: =((AM52*$D$5/3)+(AN52*$E$5/3)+(AO52*$F$5/3)+(AP52*$G$5/3))*90 -> 0
A53: ='INPUT DAFTAR PESERTA'!A51 -> 48 | B53: ='INPUT DAFTAR PESERTA'!B51 -> 2509056037 | C53: ='INPUT DAFTAR PESERTA'!C51 -> Muhammad An Naafi Zaini | D53: 3 | E53: 3 | F53: 3 | G53: 2 | H53: =((D53*$D$5/3)+(E53*$E$5/3)+(F53*$F$5/3)+(G53*$G$5/3))*90 -> 75 | I53: 3 | J53: 3 | K53: 3 | L53: 1 | M53: =((I53*$D$5/3)+(J53*$E$5/3)+(K53*$F$5/3)+(L53*$G$5/3))*90 -> 60 | R53: =((N53*$D$5/3)+(O53*$E$5/3)+(P53*$F$5/3)+(Q53*$G$5/3))*90 -> 0 | S53: 3 | T53: 3 | U53: 3 | V53: 1 | W53: =((S53*$D$5/3)+(T53*$E$5/3)+(U53*$F$5/3)+(V53*$G$5/3))*90 -> 60 | X53: 2 | Y53: 2 | Z53: 2 | AA53: 3 | AB53: =((X53*$D$5/3)+(Y53*$E$5/3)+(Z53*$F$5/3)+(AA53*$G$5/3))*90 -> 75 | AC53: 3 | AD53: 2 | AE53: 2 | AF53: 2 | AG53: =((AC53*$D$5/3)+(AD53*$E$5/3)+(AE53*$F$5/3)+(AF53*$G$5/3))*90 -> 63 | AL53: =((AH53*$D$5/3)+(AI53*$E$5/3)+(AJ53*$F$5/3)+(AK53*$G$5/3))*90 -> 0 | AQ53: =((AM53*$D$5/3)+(AN53*$E$5/3)+(AO53*$F$5/3)+(AP53*$G$5/3))*90 -> 0
A54: ='INPUT DAFTAR PESERTA'!A52 -> 49 | B54: ='INPUT DAFTAR PESERTA'!B52 -> 2509056038 | C54: ='INPUT DAFTAR PESERTA'!C52 -> Muh. Afriansyah Syafani | H54: =((D54*$D$5/3)+(E54*$E$5/3)+(F54*$F$5/3)+(G54*$G$5/3))*90 -> 0 | M54: =((I54*$D$5/3)+(J54*$E$5/3)+(K54*$F$5/3)+(L54*$G$5/3))*90 -> 0 | R54: =((N54*$D$5/3)+(O54*$E$5/3)+(P54*$F$5/3)+(Q54*$G$5/3))*90 -> 0 | W54: =((S54*$D$5/3)+(T54*$E$5/3)+(U54*$F$5/3)+(V54*$G$5/3))*90 -> 0 | X54: 2 | Y54: 2 | Z54: 2 | AA54: 1 | AB54: =((X54*$D$5/3)+(Y54*$E$5/3)+(Z54*$F$5/3)+(AA54*$G$5/3))*90 -> 45 | AC54: 3 | AD54: 2 | AE54: 2 | AF54: 2 | AG54: =((AC54*$D$5/3)+(AD54*$E$5/3)+(AE54*$F$5/3)+(AF54*$G$5/3))*90 -> 63 | AL54: =((AH54*$D$5/3)+(AI54*$E$5/3)+(AJ54*$F$5/3)+(AK54*$G$5/3))*90 -> 0 | AQ54: =((AM54*$D$5/3)+(AN54*$E$5/3)+(AO54*$F$5/3)+(AP54*$G$5/3))*90 -> 0
A55: ='INPUT DAFTAR PESERTA'!A53 -> 50 | B55: ='INPUT DAFTAR PESERTA'!B53 -> 2509056039 | C55: ='INPUT DAFTAR PESERTA'!C53 -> Evan Hizky Edward Juliano Sahata Manihuruk | H55: =((D55*$D$5/3)+(E55*$E$5/3)+(F55*$F$5/3)+(G55*$G$5/3))*90 -> 0 | M55: =((I55*$D$5/3)+(J55*$E$5/3)+(K55*$F$5/3)+(L55*$G$5/3))*90 -> 0 | R55: =((N55*$D$5/3)+(O55*$E$5/3)+(P55*$F$5/3)+(Q55*$G$5/3))*90 -> 0 | W55: =((S55*$D$5/3)+(T55*$E$5/3)+(U55*$F$5/3)+(V55*$G$5/3))*90 -> 0 | X55: 1 | Y55: 1 | Z55: 1 | AA55: 1 | AB55: =((X55*$D$5/3)+(Y55*$E$5/3)+(Z55*$F$5/3)+(AA55*$G$5/3))*90 -> 30 | AG55: =((AC55*$D$5/3)+(AD55*$E$5/3)+(AE55*$F$5/3)+(AF55*$G$5/3))*90 -> 0 | AL55: =((AH55*$D$5/3)+(AI55*$E$5/3)+(AJ55*$F$5/3)+(AK55*$G$5/3))*90 -> 0 | AQ55: =((AM55*$D$5/3)+(AN55*$E$5/3)+(AO55*$F$5/3)+(AP55*$G$5/3))*90 -> 0
A56: ='INPUT DAFTAR PESERTA'!A54 -> 51 | B56: ='INPUT DAFTAR PESERTA'!B54 -> 2509056040 | C56: ='INPUT DAFTAR PESERTA'!C54 -> Rasya Ataullah Arnata | H56: =((D56*$D$5/3)+(E56*$E$5/3)+(F56*$F$5/3)+(G56*$G$5/3))*90 -> 0 | M56: =((I56*$D$5/3)+(J56*$E$5/3)+(K56*$F$5/3)+(L56*$G$5/3))*90 -> 0 | R56: =((N56*$D$5/3)+(O56*$E$5/3)+(P56*$F$5/3)+(Q56*$G$5/3))*90 -> 0 | W56: =((S56*$D$5/3)+(T56*$E$5/3)+(U56*$F$5/3)+(V56*$G$5/3))*90 -> 0 | X56: 1 | Y56: 1 | Z56: 1 | AA56: 1 | AB56: =((X56*$D$5/3)+(Y56*$E$5/3)+(Z56*$F$5/3)+(AA56*$G$5/3))*90 -> 30 | AG56: =((AC56*$D$5/3)+(AD56*$E$5/3)+(AE56*$F$5/3)+(AF56*$G$5/3))*90 -> 0 | AL56: =((AH56*$D$5/3)+(AI56*$E$5/3)+(AJ56*$F$5/3)+(AK56*$G$5/3))*90 -> 0 | AQ56: =((AM56*$D$5/3)+(AN56*$E$5/3)+(AO56*$F$5/3)+(AP56*$G$5/3))*90 -> 0
A57: ='INPUT DAFTAR PESERTA'!A55 -> 52 | B57: ='INPUT DAFTAR PESERTA'!B55 -> 2509056041 | C57: ='INPUT DAFTAR PESERTA'!C55 -> Yadi Ramadani | D57: 2 | E57: 3 | F57: 3 | G57: 1 | H57: =((D57*$D$5/3)+(E57*$E$5/3)+(F57*$F$5/3)+(G57*$G$5/3))*90 -> 57 | I57: 2 | J57: 3 | K57: 3 | L57: 1 | M57: =((I57*$D$5/3)+(J57*$E$5/3)+(K57*$F$5/3)+(L57*$G$5/3))*90 -> 57 | N57: 2 | O57: 3 | P57: 3 | Q57: 2 | R57: =((N57*$D$5/3)+(O57*$E$5/3)+(P57*$F$5/3)+(Q57*$G$5/3))*90 -> 72 | S57: 3 | T57: 3 | U57: 3 | V57: 3 | W57: =((S57*$D$5/3)+(T57*$E$5/3)+(U57*$F$5/3)+(V57*$G$5/3))*90 -> 90 | X57: 2 | Y57: 2 | Z57: 2 | AA57: 3 | AB57: =((X57*$D$5/3)+(Y57*$E$5/3)+(Z57*$F$5/3)+(AA57*$G$5/3))*90 -> 75 | AC57: 3 | AD57: 2 | AE57: 2 | AF57: 2 | AG57: =((AC57*$D$5/3)+(AD57*$E$5/3)+(AE57*$F$5/3)+(AF57*$G$5/3))*90 -> 63 | AH57: 2 | AI57: 3 | AJ57: 3 | AK57: 1 | AL57: =((AH57*$D$5/3)+(AI57*$E$5/3)+(AJ57*$F$5/3)+(AK57*$G$5/3))*90 -> 57 | AM57: 2 | AN57: 3 | AO57: 3 | AP57: 1 | AQ57: =((AM57*$D$5/3)+(AN57*$E$5/3)+(AO57*$F$5/3)+(AP57*$G$5/3))*90 -> 57
A58: ='INPUT DAFTAR PESERTA'!A56 -> 53 | B58: ='INPUT DAFTAR PESERTA'!B56 -> 2509056042 | C58: ='INPUT DAFTAR PESERTA'!C56 -> Muhammad Alief Adz Dzikry Abdillah | H58: =((D58*$D$5/3)+(E58*$E$5/3)+(F58*$F$5/3)+(G58*$G$5/3))*90 -> 0 | M58: =((I58*$D$5/3)+(J58*$E$5/3)+(K58*$F$5/3)+(L58*$G$5/3))*90 -> 0 | R58: =((N58*$D$5/3)+(O58*$E$5/3)+(P58*$F$5/3)+(Q58*$G$5/3))*90 -> 0 | W58: =((S58*$D$5/3)+(T58*$E$5/3)+(U58*$F$5/3)+(V58*$G$5/3))*90 -> 0 | X58: 1 | Y58: 1 | Z58: 1 | AA58: 1 | AB58: =((X58*$D$5/3)+(Y58*$E$5/3)+(Z58*$F$5/3)+(AA58*$G$5/3))*90 -> 30 | AG58: =((AC58*$D$5/3)+(AD58*$E$5/3)+(AE58*$F$5/3)+(AF58*$G$5/3))*90 -> 0 | AL58: =((AH58*$D$5/3)+(AI58*$E$5/3)+(AJ58*$F$5/3)+(AK58*$G$5/3))*90 -> 0 | AQ58: =((AM58*$D$5/3)+(AN58*$E$5/3)+(AO58*$F$5/3)+(AP58*$G$5/3))*90 -> 0
A59: ='INPUT DAFTAR PESERTA'!A57 -> 54 | B59: ='INPUT DAFTAR PESERTA'!B57 -> 2509056043 | C59: ='INPUT DAFTAR PESERTA'!C57 -> Hubert Abraham Pranoto Sirait | H59: =((D59*$D$5/3)+(E59*$E$5/3)+(F59*$F$5/3)+(G59*$G$5/3))*90 -> 0 | I59: 2 | J59: 2 | K59: 2 | L59: 1 | M59: =((I59*$D$5/3)+(J59*$E$5/3)+(K59*$F$5/3)+(L59*$G$5/3))*90 -> 45 | N59: 2 | O59: 3 | P59: 3 | Q59: 2 | R59: =((N59*$D$5/3)+(O59*$E$5/3)+(P59*$F$5/3)+(Q59*$G$5/3))*90 -> 72 | S59: 2 | T59: 3 | U59: 3 | V59: 1 | W59: =((S59*$D$5/3)+(T59*$E$5/3)+(U59*$F$5/3)+(V59*$G$5/3))*90 -> 57 | X59: 2 | Y59: 2 | Z59: 2 | AA59: 1 | AB59: =((X59*$D$5/3)+(Y59*$E$5/3)+(Z59*$F$5/3)+(AA59*$G$5/3))*90 -> 45 | AC59: 3 | AD59: 2 | AE59: 2 | AF59: 2 | AG59: =((AC59*$D$5/3)+(AD59*$E$5/3)+(AE59*$F$5/3)+(AF59*$G$5/3))*90 -> 63 | AH59: 2 | AI59: 3 | AJ59: 3 | AK59: 3 | AL59: =((AH59*$D$5/3)+(AI59*$E$5/3)+(AJ59*$F$5/3)+(AK59*$G$5/3))*90 -> 87 | AM59: 2 | AN59: 3 | AO59: 3 | AP59: 1 | AQ59: =((AM59*$D$5/3)+(AN59*$E$5/3)+(AO59*$F$5/3)+(AP59*$G$5/3))*90 -> 57
A60: ='INPUT DAFTAR PESERTA'!A58 -> 55 | B60: ='INPUT DAFTAR PESERTA'!B58 -> 2509056044 | C60: ='INPUT DAFTAR PESERTA'!C58 -> Indah Tessalonica | H60: =((D60*$D$5/3)+(E60*$E$5/3)+(F60*$F$5/3)+(G60*$G$5/3))*90 -> 0 | M60: =((I60*$D$5/3)+(J60*$E$5/3)+(K60*$F$5/3)+(L60*$G$5/3))*90 -> 0 | R60: =((N60*$D$5/3)+(O60*$E$5/3)+(P60*$F$5/3)+(Q60*$G$5/3))*90 -> 0 | W60: =((S60*$D$5/3)+(T60*$E$5/3)+(U60*$F$5/3)+(V60*$G$5/3))*90 -> 0 | X60: 1 | Y60: 1 | Z60: 1 | AA60: 1 | AB60: =((X60*$D$5/3)+(Y60*$E$5/3)+(Z60*$F$5/3)+(AA60*$G$5/3))*90 -> 30 | AG60: =((AC60*$D$5/3)+(AD60*$E$5/3)+(AE60*$F$5/3)+(AF60*$G$5/3))*90 -> 0 | AL60: =((AH60*$D$5/3)+(AI60*$E$5/3)+(AJ60*$F$5/3)+(AK60*$G$5/3))*90 -> 0 | AQ60: =((AM60*$D$5/3)+(AN60*$E$5/3)+(AO60*$F$5/3)+(AP60*$G$5/3))*90 -> 0
A61: ='INPUT DAFTAR PESERTA'!A59 -> 56 | B61: ='INPUT DAFTAR PESERTA'!B59 -> 2509056045 | C61: ='INPUT DAFTAR PESERTA'!C59 -> Fahrizi Al Rosid | H61: =((D61*$D$5/3)+(E61*$E$5/3)+(F61*$F$5/3)+(G61*$G$5/3))*90 -> 0 | M61: =((I61*$D$5/3)+(J61*$E$5/3)+(K61*$F$5/3)+(L61*$G$5/3))*90 -> 0 | R61: =((N61*$D$5/3)+(O61*$E$5/3)+(P61*$F$5/3)+(Q61*$G$5/3))*90 -> 0 | W61: =((S61*$D$5/3)+(T61*$E$5/3)+(U61*$F$5/3)+(V61*$G$5/3))*90 -> 0 | X61: 1 | Y61: 1 | Z61: 1 | AA61: 1 | AB61: =((X61*$D$5/3)+(Y61*$E$5/3)+(Z61*$F$5/3)+(AA61*$G$5/3))*90 -> 30 | AG61: =((AC61*$D$5/3)+(AD61*$E$5/3)+(AE61*$F$5/3)+(AF61*$G$5/3))*90 -> 0 | AL61: =((AH61*$D$5/3)+(AI61*$E$5/3)+(AJ61*$F$5/3)+(AK61*$G$5/3))*90 -> 0 | AQ61: =((AM61*$D$5/3)+(AN61*$E$5/3)+(AO61*$F$5/3)+(AP61*$G$5/3))*90 -> 0
A62: ='INPUT DAFTAR PESERTA'!A60 -> 57 | B62: ='INPUT DAFTAR PESERTA'!B60 -> 2509056046 | C62: ='INPUT DAFTAR PESERTA'!C60 -> Syadid Musoffa | H62: =((D62*$D$5/3)+(E62*$E$5/3)+(F62*$F$5/3)+(G62*$G$5/3))*90 -> 0 | M62: =((I62*$D$5/3)+(J62*$E$5/3)+(K62*$F$5/3)+(L62*$G$5/3))*90 -> 0 | R62: =((N62*$D$5/3)+(O62*$E$5/3)+(P62*$F$5/3)+(Q62*$G$5/3))*90 -> 0 | W62: =((S62*$D$5/3)+(T62*$E$5/3)+(U62*$F$5/3)+(V62*$G$5/3))*90 -> 0 | X62: 1 | Y62: 1 | Z62: 1 | AA62: 1 | AB62: =((X62*$D$5/3)+(Y62*$E$5/3)+(Z62*$F$5/3)+(AA62*$G$5/3))*90 -> 30 | AG62: =((AC62*$D$5/3)+(AD62*$E$5/3)+(AE62*$F$5/3)+(AF62*$G$5/3))*90 -> 0 | AL62: =((AH62*$D$5/3)+(AI62*$E$5/3)+(AJ62*$F$5/3)+(AK62*$G$5/3))*90 -> 0 | AQ62: =((AM62*$D$5/3)+(AN62*$E$5/3)+(AO62*$F$5/3)+(AP62*$G$5/3))*90 -> 0
A63: ='INPUT DAFTAR PESERTA'!A61 -> 58 | B63: ='INPUT DAFTAR PESERTA'!B61 -> 2509056047 | C63: ='INPUT DAFTAR PESERTA'!C61 -> Oktovianus Sirante | D63: 2 | E63: 3 | F63: 3 | G63: 1 | H63: =((D63*$D$5/3)+(E63*$E$5/3)+(F63*$F$5/3)+(G63*$G$5/3))*90 -> 57 | I63: 3 | J63: 3 | K63: 3 | L63: 1 | M63: =((I63*$D$5/3)+(J63*$E$5/3)+(K63*$F$5/3)+(L63*$G$5/3))*90 -> 60 | N63: 3 | O63: 3 | P63: 3 | Q63: 2 | R63: =((N63*$D$5/3)+(O63*$E$5/3)+(P63*$F$5/3)+(Q63*$G$5/3))*90 -> 75 | S63: 3 | T63: 3 | U63: 3 | V63: 3 | W63: =((S63*$D$5/3)+(T63*$E$5/3)+(U63*$F$5/3)+(V63*$G$5/3))*90 -> 90 | X63: 3 | Y63: 3 | Z63: 3 | AA63: 3 | AB63: =((X63*$D$5/3)+(Y63*$E$5/3)+(Z63*$F$5/3)+(AA63*$G$5/3))*90 -> 90 | AC63: 3 | AD63: 2 | AE63: 2 | AF63: 2 | AG63: =((AC63*$D$5/3)+(AD63*$E$5/3)+(AE63*$F$5/3)+(AF63*$G$5/3))*90 -> 63 | AH63: 2 | AI63: 3 | AJ63: 3 | AK63: 3 | AL63: =((AH63*$D$5/3)+(AI63*$E$5/3)+(AJ63*$F$5/3)+(AK63*$G$5/3))*90 -> 87 | AM63: 3 | AN63: 3 | AO63: 3 | AP63: 1 | AQ63: =((AM63*$D$5/3)+(AN63*$E$5/3)+(AO63*$F$5/3)+(AP63*$G$5/3))*90 -> 60
A64: ='INPUT DAFTAR PESERTA'!A62 -> 59 | B64: ='INPUT DAFTAR PESERTA'!B62 -> 2509056048 | C64: ='INPUT DAFTAR PESERTA'!C62 -> Cristover Rafael Milang | H64: =((D64*$D$5/3)+(E64*$E$5/3)+(F64*$F$5/3)+(G64*$G$5/3))*90 -> 0 | M64: =((I64*$D$5/3)+(J64*$E$5/3)+(K64*$F$5/3)+(L64*$G$5/3))*90 -> 0 | R64: =((N64*$D$5/3)+(O64*$E$5/3)+(P64*$F$5/3)+(Q64*$G$5/3))*90 -> 0 | W64: =((S64*$D$5/3)+(T64*$E$5/3)+(U64*$F$5/3)+(V64*$G$5/3))*90 -> 0 | X64: 1 | Y64: 1 | Z64: 1 | AA64: 1 | AB64: =((X64*$D$5/3)+(Y64*$E$5/3)+(Z64*$F$5/3)+(AA64*$G$5/3))*90 -> 30 | AG64: =((AC64*$D$5/3)+(AD64*$E$5/3)+(AE64*$F$5/3)+(AF64*$G$5/3))*90 -> 0 | AL64: =((AH64*$D$5/3)+(AI64*$E$5/3)+(AJ64*$F$5/3)+(AK64*$G$5/3))*90 -> 0 | AQ64: =((AM64*$D$5/3)+(AN64*$E$5/3)+(AO64*$F$5/3)+(AP64*$G$5/3))*90 -> 0
A65: ='INPUT DAFTAR PESERTA'!A63 -> 60 | B65: ='INPUT DAFTAR PESERTA'!B63 -> 2509056049 | C65: ='INPUT DAFTAR PESERTA'!C63 -> Kevin Angeliano Jonathan | D65: 1 | E65: 3 | F65: 3 | G65: 1 | H65: =((D65*$D$5/3)+(E65*$E$5/3)+(F65*$F$5/3)+(G65*$G$5/3))*90 -> 54 | I65: 3 | J65: 3 | K65: 3 | L65: 1 | M65: =((I65*$D$5/3)+(J65*$E$5/3)+(K65*$F$5/3)+(L65*$G$5/3))*90 -> 60 | N65: 3 | O65: 3 | P65: 3 | Q65: 1 | R65: =((N65*$D$5/3)+(O65*$E$5/3)+(P65*$F$5/3)+(Q65*$G$5/3))*90 -> 60 | S65: 3 | T65: 3 | U65: 3 | V65: 3 | W65: =((S65*$D$5/3)+(T65*$E$5/3)+(U65*$F$5/3)+(V65*$G$5/3))*90 -> 90 | X65: 3 | Y65: 2 | Z65: 2 | AA65: 3 | AB65: =((X65*$D$5/3)+(Y65*$E$5/3)+(Z65*$F$5/3)+(AA65*$G$5/3))*90 -> 78 | AC65: 3 | AD65: 2 | AE65: 2 | AF65: 2 | AG65: =((AC65*$D$5/3)+(AD65*$E$5/3)+(AE65*$F$5/3)+(AF65*$G$5/3))*90 -> 63 | AH65: 2 | AI65: 3 | AJ65: 3 | AK65: 2 | AL65: =((AH65*$D$5/3)+(AI65*$E$5/3)+(AJ65*$F$5/3)+(AK65*$G$5/3))*90 -> 72 | AM65: 2 | AN65: 3 | AO65: 3 | AP65: 1 | AQ65: =((AM65*$D$5/3)+(AN65*$E$5/3)+(AO65*$F$5/3)+(AP65*$G$5/3))*90 -> 57
A66: ='INPUT DAFTAR PESERTA'!A64 -> 61 | B66: ='INPUT DAFTAR PESERTA'!B64 -> 2509056050 | C66: ='INPUT DAFTAR PESERTA'!C64 -> Fajar Arif Suyanto | D66: 1 | E66: 3 | F66: 3 | G66: 1 | H66: =((D66*$D$5/3)+(E66*$E$5/3)+(F66*$F$5/3)+(G66*$G$5/3))*90 -> 54 | M66: =((I66*$D$5/3)+(J66*$E$5/3)+(K66*$F$5/3)+(L66*$G$5/3))*90 -> 0 | R66: =((N66*$D$5/3)+(O66*$E$5/3)+(P66*$F$5/3)+(Q66*$G$5/3))*90 -> 0 | W66: =((S66*$D$5/3)+(T66*$E$5/3)+(U66*$F$5/3)+(V66*$G$5/3))*90 -> 0 | X66: 3 | Y66: 2 | Z66: 3 | AA66: 3 | AB66: =((X66*$D$5/3)+(Y66*$E$5/3)+(Z66*$F$5/3)+(AA66*$G$5/3))*90 -> 84 | AC66: 3 | AD66: 2 | AE66: 2 | AF66: 2 | AG66: =((AC66*$D$5/3)+(AD66*$E$5/3)+(AE66*$F$5/3)+(AF66*$G$5/3))*90 -> 63 | AH66: 2 | AI66: 3 | AJ66: 3 | AK66: 2 | AL66: =((AH66*$D$5/3)+(AI66*$E$5/3)+(AJ66*$F$5/3)+(AK66*$G$5/3))*90 -> 72 | AQ66: =((AM66*$D$5/3)+(AN66*$E$5/3)+(AO66*$F$5/3)+(AP66*$G$5/3))*90 -> 0
A67: ='INPUT DAFTAR PESERTA'!A65 -> 62 | B67: ='INPUT DAFTAR PESERTA'!B65 -> 2509056051 | C67: ='INPUT DAFTAR PESERTA'!C65 -> Satria Rizla Marlanata | D67: 1 | E67: 3 | F67: 2 | G67: 3 | H67: =((D67*$D$5/3)+(E67*$E$5/3)+(F67*$F$5/3)+(G67*$G$5/3))*90 -> 78 | I67: 3 | J67: 3 | K67: 3 | L67: 3 | M67: =((I67*$D$5/3)+(J67*$E$5/3)+(K67*$F$5/3)+(L67*$G$5/3))*90 -> 90 | N67: 3 | O67: 3 | P67: 3 | Q67: 3 | R67: =((N67*$D$5/3)+(O67*$E$5/3)+(P67*$F$5/3)+(Q67*$G$5/3))*90 -> 90 | S67: 2 | T67: 2 | U67: 3 | V67: 2 | W67: =((S67*$D$5/3)+(T67*$E$5/3)+(U67*$F$5/3)+(V67*$G$5/3))*90 -> 66 | X67: 3 | Y67: 3 | Z67: 3 | AA67: 2 | AB67: =((X67*$D$5/3)+(Y67*$E$5/3)+(Z67*$F$5/3)+(AA67*$G$5/3))*90 -> 75 | AC67: 3 | AD67: 2 | AE67: 2 | AF67: 2 | AG67: =((AC67*$D$5/3)+(AD67*$E$5/3)+(AE67*$F$5/3)+(AF67*$G$5/3))*90 -> 63 | AH67: 2 | AI67: 3 | AJ67: 3 | AK67: 3 | AL67: =((AH67*$D$5/3)+(AI67*$E$5/3)+(AJ67*$F$5/3)+(AK67*$G$5/3))*90 -> 87 | AM67: 2 | AN67: 3 | AO67: 3 | AP67: 1 | AQ67: =((AM67*$D$5/3)+(AN67*$E$5/3)+(AO67*$F$5/3)+(AP67*$G$5/3))*90 -> 57
A68: ='INPUT DAFTAR PESERTA'!A66 -> 63 | B68: ='INPUT DAFTAR PESERTA'!B66 -> 2509056052 | C68: ='INPUT DAFTAR PESERTA'!C66 -> Aulya Azhari | H68: =((D68*$D$5/3)+(E68*$E$5/3)+(F68*$F$5/3)+(G68*$G$5/3))*90 -> 0 | M68: =((I68*$D$5/3)+(J68*$E$5/3)+(K68*$F$5/3)+(L68*$G$5/3))*90 -> 0 | R68: =((N68*$D$5/3)+(O68*$E$5/3)+(P68*$F$5/3)+(Q68*$G$5/3))*90 -> 0 | W68: =((S68*$D$5/3)+(T68*$E$5/3)+(U68*$F$5/3)+(V68*$G$5/3))*90 -> 0 | X68: 2 | Y68: 2 | Z68: 2 | AA68: 3 | AB68: =((X68*$D$5/3)+(Y68*$E$5/3)+(Z68*$F$5/3)+(AA68*$G$5/3))*90 -> 75 | AC68: 3 | AD68: 2 | AE68: 2 | AF68: 2 | AG68: =((AC68*$D$5/3)+(AD68*$E$5/3)+(AE68*$F$5/3)+(AF68*$G$5/3))*90 -> 63 | AH68: 2 | AI68: 3 | AJ68: 3 | AK68: 3 | AL68: =((AH68*$D$5/3)+(AI68*$E$5/3)+(AJ68*$F$5/3)+(AK68*$G$5/3))*90 -> 87 | AQ68: =((AM68*$D$5/3)+(AN68*$E$5/3)+(AO68*$F$5/3)+(AP68*$G$5/3))*90 -> 0
A69: ='INPUT DAFTAR PESERTA'!A67 -> 64 | B69: ='INPUT DAFTAR PESERTA'!B67 -> 2509056053 | C69: ='INPUT DAFTAR PESERTA'!C67 -> Muhammad Farrel Ardiano | D69: 2 | E69: 3 | F69: 3 | G69: 1 | H69: =((D69*$D$5/3)+(E69*$E$5/3)+(F69*$F$5/3)+(G69*$G$5/3))*90 -> 57 | I69: 3 | J69: 3 | K69: 3 | L69: 1 | M69: =((I69*$D$5/3)+(J69*$E$5/3)+(K69*$F$5/3)+(L69*$G$5/3))*90 -> 60 | N69: 2 | O69: 3 | P69: 3 | Q69: 2 | R69: =((N69*$D$5/3)+(O69*$E$5/3)+(P69*$F$5/3)+(Q69*$G$5/3))*90 -> 72 | S69: 2 | T69: 2 | U69: 3 | V69: 1 | W69: =((S69*$D$5/3)+(T69*$E$5/3)+(U69*$F$5/3)+(V69*$G$5/3))*90 -> 51 | X69: 3 | Y69: 3 | Z69: 3 | AA69: 3 | AB69: =((X69*$D$5/3)+(Y69*$E$5/3)+(Z69*$F$5/3)+(AA69*$G$5/3))*90 -> 90 | AC69: 3 | AD69: 2 | AE69: 2 | AF69: 2 | AG69: =((AC69*$D$5/3)+(AD69*$E$5/3)+(AE69*$F$5/3)+(AF69*$G$5/3))*90 -> 63 | AH69: 2 | AI69: 3 | AJ69: 3 | AK69: 3 | AL69: =((AH69*$D$5/3)+(AI69*$E$5/3)+(AJ69*$F$5/3)+(AK69*$G$5/3))*90 -> 87 | AM69: 3 | AN69: 3 | AO69: 3 | AP69: 2 | AQ69: =((AM69*$D$5/3)+(AN69*$E$5/3)+(AO69*$F$5/3)+(AP69*$G$5/3))*90 -> 75
A70: ='INPUT DAFTAR PESERTA'!A68 -> 65 | B70: ='INPUT DAFTAR PESERTA'!B68 -> 2509056054 | C70: ='INPUT DAFTAR PESERTA'!C68 -> Arlan Candra Antholyn | D70: 1 | E70: 2 | F70: 2 | G70: 2 | H70: =((D70*$D$5/3)+(E70*$E$5/3)+(F70*$F$5/3)+(G70*$G$5/3))*90 -> 57 | I70: 3 | J70: 3 | K70: 3 | L70: 1 | M70: =((I70*$D$5/3)+(J70*$E$5/3)+(K70*$F$5/3)+(L70*$G$5/3))*90 -> 60 | N70: 2 | O70: 3 | P70: 3 | Q70: 2 | R70: =((N70*$D$5/3)+(O70*$E$5/3)+(P70*$F$5/3)+(Q70*$G$5/3))*90 -> 72 | S70: 3 | T70: 3 | U70: 3 | V70: 1 | W70: =((S70*$D$5/3)+(T70*$E$5/3)+(U70*$F$5/3)+(V70*$G$5/3))*90 -> 60 | X70: 2 | Y70: 2 | Z70: 2 | AA70: 3 | AB70: =((X70*$D$5/3)+(Y70*$E$5/3)+(Z70*$F$5/3)+(AA70*$G$5/3))*90 -> 75 | AC70: 3 | AD70: 2 | AE70: 2 | AF70: 2 | AG70: =((AC70*$D$5/3)+(AD70*$E$5/3)+(AE70*$F$5/3)+(AF70*$G$5/3))*90 -> 63 | AH70: 2 | AI70: 3 | AJ70: 3 | AK70: 3 | AL70: =((AH70*$D$5/3)+(AI70*$E$5/3)+(AJ70*$F$5/3)+(AK70*$G$5/3))*90 -> 87 | AM70: 2 | AN70: 3 | AO70: 3 | AP70: 1 | AQ70: =((AM70*$D$5/3)+(AN70*$E$5/3)+(AO70*$F$5/3)+(AP70*$G$5/3))*90 -> 57
A71: ='INPUT DAFTAR PESERTA'!A69 -> 66 | B71: ='INPUT DAFTAR PESERTA'!B69 -> 2509056055 | C71: ='INPUT DAFTAR PESERTA'!C69 -> Taufan Akbar Bunawan | D71: 3 | E71: 3 | F71: 3 | G71: 1 | H71: =((D71*$D$5/3)+(E71*$E$5/3)+(F71*$F$5/3)+(G71*$G$5/3))*90 -> 60 | I71: 2 | J71: 3 | K71: 3 | L71: 1 | M71: =((I71*$D$5/3)+(J71*$E$5/3)+(K71*$F$5/3)+(L71*$G$5/3))*90 -> 57 | N71: 2 | O71: 3 | P71: 3 | Q71: 2 | R71: =((N71*$D$5/3)+(O71*$E$5/3)+(P71*$F$5/3)+(Q71*$G$5/3))*90 -> 72 | S71: 3 | T71: 3 | U71: 3 | V71: 0 | W71: =((S71*$D$5/3)+(T71*$E$5/3)+(U71*$F$5/3)+(V71*$G$5/3))*90 -> 45 | X71: 2 | Y71: 3 | Z71: 3 | AA71: 1 | AB71: =((X71*$D$5/3)+(Y71*$E$5/3)+(Z71*$F$5/3)+(AA71*$G$5/3))*90 -> 57 | AC71: 3 | AD71: 2 | AE71: 2 | AF71: 2 | AG71: =((AC71*$D$5/3)+(AD71*$E$5/3)+(AE71*$F$5/3)+(AF71*$G$5/3))*90 -> 63 | AH71: 2 | AI71: 2 | AJ71: 3 | AK71: 1 | AL71: =((AH71*$D$5/3)+(AI71*$E$5/3)+(AJ71*$F$5/3)+(AK71*$G$5/3))*90 -> 51 | AM71: 2 | AN71: 3 | AO71: 3 | AP71: 2 | AQ71: =((AM71*$D$5/3)+(AN71*$E$5/3)+(AO71*$F$5/3)+(AP71*$G$5/3))*90 -> 72
A72: ='INPUT DAFTAR PESERTA'!A70 -> 67 | B72: ='INPUT DAFTAR PESERTA'!B70 -> 2509056056 | C72: ='INPUT DAFTAR PESERTA'!C70 -> Mario Wildhan Wibisono | H72: =((D72*$D$5/3)+(E72*$E$5/3)+(F72*$F$5/3)+(G72*$G$5/3))*90 -> 0 | M72: =((I72*$D$5/3)+(J72*$E$5/3)+(K72*$F$5/3)+(L72*$G$5/3))*90 -> 0 | R72: =((N72*$D$5/3)+(O72*$E$5/3)+(P72*$F$5/3)+(Q72*$G$5/3))*90 -> 0 | W72: =((S72*$D$5/3)+(T72*$E$5/3)+(U72*$F$5/3)+(V72*$G$5/3))*90 -> 0 | X72: 1 | Y72: 1 | Z72: 1 | AA72: 1 | AB72: =((X72*$D$5/3)+(Y72*$E$5/3)+(Z72*$F$5/3)+(AA72*$G$5/3))*90 -> 30 | AG72: =((AC72*$D$5/3)+(AD72*$E$5/3)+(AE72*$F$5/3)+(AF72*$G$5/3))*90 -> 0 | AL72: =((AH72*$D$5/3)+(AI72*$E$5/3)+(AJ72*$F$5/3)+(AK72*$G$5/3))*90 -> 0 | AQ72: =((AM72*$D$5/3)+(AN72*$E$5/3)+(AO72*$F$5/3)+(AP72*$G$5/3))*90 -> 0
A73: ='INPUT DAFTAR PESERTA'!A71 -> 68 | B73: ='INPUT DAFTAR PESERTA'!B71 -> 2509056057 | C73: ='INPUT DAFTAR PESERTA'!C71 -> Immanuel Wisnu Siahaan | D73: 3 | E73: 3 | F73: 3 | G73: 3 | H73: =((D73*$D$5/3)+(E73*$E$5/3)+(F73*$F$5/3)+(G73*$G$5/3))*90 -> 90 | I73: 3 | J73: 3 | K73: 3 | L73: 3 | M73: =((I73*$D$5/3)+(J73*$E$5/3)+(K73*$F$5/3)+(L73*$G$5/3))*90 -> 90 | N73: 3 | O73: 3 | P73: 3 | Q73: 3 | R73: =((N73*$D$5/3)+(O73*$E$5/3)+(P73*$F$5/3)+(Q73*$G$5/3))*90 -> 90 | S73: 3 | T73: 3 | U73: 3 | V73: 2 | W73: =((S73*$D$5/3)+(T73*$E$5/3)+(U73*$F$5/3)+(V73*$G$5/3))*90 -> 75 | X73: 2 | Y73: 3 | Z73: 3 | AA73: 3 | AB73: =((X73*$D$5/3)+(Y73*$E$5/3)+(Z73*$F$5/3)+(AA73*$G$5/3))*90 -> 87 | AC73: 3 | AD73: 2 | AE73: 2 | AF73: 3 | AG73: =((AC73*$D$5/3)+(AD73*$E$5/3)+(AE73*$F$5/3)+(AF73*$G$5/3))*90 -> 78 | AH73: 2 | AI73: 3 | AJ73: 3 | AK73: 3 | AL73: =((AH73*$D$5/3)+(AI73*$E$5/3)+(AJ73*$F$5/3)+(AK73*$G$5/3))*90 -> 87 | AM73: 3 | AN73: 3 | AO73: 3 | AP73: 3 | AQ73: =((AM73*$D$5/3)+(AN73*$E$5/3)+(AO73*$F$5/3)+(AP73*$G$5/3))*90 -> 90
A74: ='INPUT DAFTAR PESERTA'!A72 -> 69 | B74: ='INPUT DAFTAR PESERTA'!B72 -> 2509056058 | C74: ='INPUT DAFTAR PESERTA'!C72 -> Hebron Ketter Pagalla' | D74: 3 | E74: 3 | F74: 3 | G74: 0 | H74: =((D74*$D$5/3)+(E74*$E$5/3)+(F74*$F$5/3)+(G74*$G$5/3))*90 -> 45 | I74: 2 | J74: 2 | K74: 3 | L74: 1 | M74: =((I74*$D$5/3)+(J74*$E$5/3)+(K74*$F$5/3)+(L74*$G$5/3))*90 -> 51 | N74: 2 | O74: 2 | P74: 3 | Q74: 1 | R74: =((N74*$D$5/3)+(O74*$E$5/3)+(P74*$F$5/3)+(Q74*$G$5/3))*90 -> 51 | S74: 3 | T74: 3 | U74: 3 | V74: 1 | W74: =((S74*$D$5/3)+(T74*$E$5/3)+(U74*$F$5/3)+(V74*$G$5/3))*90 -> 60 | X74: 3 | Y74: 3 | Z74: 3 | AA74: 1 | AB74: =((X74*$D$5/3)+(Y74*$E$5/3)+(Z74*$F$5/3)+(AA74*$G$5/3))*90 -> 60 | AG74: =((AC74*$D$5/3)+(AD74*$E$5/3)+(AE74*$F$5/3)+(AF74*$G$5/3))*90 -> 0 | AH74: 2 | AI74: 3 | AJ74: 3 | AK74: 1 | AL74: =((AH74*$D$5/3)+(AI74*$E$5/3)+(AJ74*$F$5/3)+(AK74*$G$5/3))*90 -> 57 | AM74: 3 | AN74: 3 | AO74: 3 | AP74: 2 | AQ74: =((AM74*$D$5/3)+(AN74*$E$5/3)+(AO74*$F$5/3)+(AP74*$G$5/3))*90 -> 75
A75: ='INPUT DAFTAR PESERTA'!A73 -> 70 | B75: ='INPUT DAFTAR PESERTA'!B73 -> 2509056059 | C75: ='INPUT DAFTAR PESERTA'!C73 -> Wildan Akmal Zaky | D75: 3 | E75: 3 | F75: 3 | G75: 3 | H75: =((D75*$D$5/3)+(E75*$E$5/3)+(F75*$F$5/3)+(G75*$G$5/3))*90 -> 90 | I75: 3 | J75: 3 | K75: 3 | L75: 2 | M75: =((I75*$D$5/3)+(J75*$E$5/3)+(K75*$F$5/3)+(L75*$G$5/3))*90 -> 75 | N75: 2 | O75: 3 | P75: 3 | Q75: 1 | R75: =((N75*$D$5/3)+(O75*$E$5/3)+(P75*$F$5/3)+(Q75*$G$5/3))*90 -> 57 | S75: 2 | T75: 3 | U75: 3 | V75: 2 | W75: =((S75*$D$5/3)+(T75*$E$5/3)+(U75*$F$5/3)+(V75*$G$5/3))*90 -> 72 | X75: 2 | Y75: 2 | Z75: 2 | AA75: 1 | AB75: =((X75*$D$5/3)+(Y75*$E$5/3)+(Z75*$F$5/3)+(AA75*$G$5/3))*90 -> 45 | AC75: 3 | AD75: 3 | AE75: 3 | AF75: 2 | AG75: =((AC75*$D$5/3)+(AD75*$E$5/3)+(AE75*$F$5/3)+(AF75*$G$5/3))*90 -> 75 | AH75: 2 | AI75: 3 | AJ75: 3 | AK75: 1 | AL75: =((AH75*$D$5/3)+(AI75*$E$5/3)+(AJ75*$F$5/3)+(AK75*$G$5/3))*90 -> 57 | AM75: 2 | AN75: 3 | AO75: 3 | AP75: 1 | AQ75: =((AM75*$D$5/3)+(AN75*$E$5/3)+(AO75*$F$5/3)+(AP75*$G$5/3))*90 -> 57
A76: ='INPUT DAFTAR PESERTA'!A74 -> 71 | B76: ='INPUT DAFTAR PESERTA'!B74 -> 2509056060 | C76: ='INPUT DAFTAR PESERTA'!C74 -> Daglish Santos Peke Deku | H76: =((D76*$D$5/3)+(E76*$E$5/3)+(F76*$F$5/3)+(G76*$G$5/3))*90 -> 0 | M76: =((I76*$D$5/3)+(J76*$E$5/3)+(K76*$F$5/3)+(L76*$G$5/3))*90 -> 0 | R76: =((N76*$D$5/3)+(O76*$E$5/3)+(P76*$F$5/3)+(Q76*$G$5/3))*90 -> 0 | W76: =((S76*$D$5/3)+(T76*$E$5/3)+(U76*$F$5/3)+(V76*$G$5/3))*90 -> 0 | X76: 1 | Y76: 1 | Z76: 1 | AA76: 1 | AB76: =((X76*$D$5/3)+(Y76*$E$5/3)+(Z76*$F$5/3)+(AA76*$G$5/3))*90 -> 30 | AG76: =((AC76*$D$5/3)+(AD76*$E$5/3)+(AE76*$F$5/3)+(AF76*$G$5/3))*90 -> 0 | AL76: =((AH76*$D$5/3)+(AI76*$E$5/3)+(AJ76*$F$5/3)+(AK76*$G$5/3))*90 -> 0 | AQ76: =((AM76*$D$5/3)+(AN76*$E$5/3)+(AO76*$F$5/3)+(AP76*$G$5/3))*90 -> 0
A77: ='INPUT DAFTAR PESERTA'!A75 -> 72 | B77: ='INPUT DAFTAR PESERTA'!B75 -> 2509056061 | C77: ='INPUT DAFTAR PESERTA'!C75 -> Muhammad Yazid Ilmani | D77: 3 | E77: 3 | F77: 3 | G77: 1 | H77: =((D77*$D$5/3)+(E77*$E$5/3)+(F77*$F$5/3)+(G77*$G$5/3))*90 -> 60 | I77: 3 | J77: 3 | K77: 3 | L77: 1 | M77: =((I77*$D$5/3)+(J77*$E$5/3)+(K77*$F$5/3)+(L77*$G$5/3))*90 -> 60 | N77: 2 | O77: 2 | P77: 3 | Q77: 1 | R77: =((N77*$D$5/3)+(O77*$E$5/3)+(P77*$F$5/3)+(Q77*$G$5/3))*90 -> 51 | S77: 2 | T77: 3 | U77: 3 | V77: 2 | W77: =((S77*$D$5/3)+(T77*$E$5/3)+(U77*$F$5/3)+(V77*$G$5/3))*90 -> 72 | X77: 2 | Y77: 3 | Z77: 3 | AA77: 1 | AB77: =((X77*$D$5/3)+(Y77*$E$5/3)+(Z77*$F$5/3)+(AA77*$G$5/3))*90 -> 57 | AC77: 3 | AD77: 3 | AE77: 3 | AF77: 2 | AG77: =((AC77*$D$5/3)+(AD77*$E$5/3)+(AE77*$F$5/3)+(AF77*$G$5/3))*90 -> 75 | AH77: 2 | AI77: 3 | AJ77: 3 | AK77: 3 | AL77: =((AH77*$D$5/3)+(AI77*$E$5/3)+(AJ77*$F$5/3)+(AK77*$G$5/3))*90 -> 87 | AM77: 2 | AN77: 3 | AO77: 3 | AP77: 2 | AQ77: =((AM77*$D$5/3)+(AN77*$E$5/3)+(AO77*$F$5/3)+(AP77*$G$5/3))*90 -> 72
A78: ='INPUT DAFTAR PESERTA'!A76 -> 73 | B78: ='INPUT DAFTAR PESERTA'!B76 -> 2509056062 | C78: ='INPUT DAFTAR PESERTA'!C76 -> Reyhan Feryand Tandililing | D78: 3 | E78: 3 | F78: 3 | G78: 2 | H78: =((D78*$D$5/3)+(E78*$E$5/3)+(F78*$F$5/3)+(G78*$G$5/3))*90 -> 75 | I78: 3 | J78: 3 | K78: 3 | L78: 2 | M78: =((I78*$D$5/3)+(J78*$E$5/3)+(K78*$F$5/3)+(L78*$G$5/3))*90 -> 75 | N78: 2 | O78: 3 | P78: 3 | Q78: 1 | R78: =((N78*$D$5/3)+(O78*$E$5/3)+(P78*$F$5/3)+(Q78*$G$5/3))*90 -> 57 | S78: 2 | T78: 3 | U78: 3 | V78: 3 | W78: =((S78*$D$5/3)+(T78*$E$5/3)+(U78*$F$5/3)+(V78*$G$5/3))*90 -> 87 | X78: 2 | Y78: 2 | Z78: 2 | AA78: 1 | AB78: =((X78*$D$5/3)+(Y78*$E$5/3)+(Z78*$F$5/3)+(AA78*$G$5/3))*90 -> 45 | AC78: 3 | AD78: 3 | AE78: 3 | AF78: 2 | AG78: =((AC78*$D$5/3)+(AD78*$E$5/3)+(AE78*$F$5/3)+(AF78*$G$5/3))*90 -> 75 | AH78: 2 | AI78: 3 | AJ78: 3 | AK78: 2 | AL78: =((AH78*$D$5/3)+(AI78*$E$5/3)+(AJ78*$F$5/3)+(AK78*$G$5/3))*90 -> 72 | AM78: 2 | AN78: 3 | AO78: 3 | AP78: 3 | AQ78: =((AM78*$D$5/3)+(AN78*$E$5/3)+(AO78*$F$5/3)+(AP78*$G$5/3))*90 -> 87
A79: ='INPUT DAFTAR PESERTA'!A77 -> 74 | B79: ='INPUT DAFTAR PESERTA'!B77 -> 2509056063 | C79: ='INPUT DAFTAR PESERTA'!C77 -> Riski Apryanto | H79: =((D79*$D$5/3)+(E79*$E$5/3)+(F79*$F$5/3)+(G79*$G$5/3))*90 -> 0 | M79: =((I79*$D$5/3)+(J79*$E$5/3)+(K79*$F$5/3)+(L79*$G$5/3))*90 -> 0 | R79: =((N79*$D$5/3)+(O79*$E$5/3)+(P79*$F$5/3)+(Q79*$G$5/3))*90 -> 0 | W79: =((S79*$D$5/3)+(T79*$E$5/3)+(U79*$F$5/3)+(V79*$G$5/3))*90 -> 0 | X79: 1 | Y79: 1 | Z79: 1 | AA79: 1 | AB79: =((X79*$D$5/3)+(Y79*$E$5/3)+(Z79*$F$5/3)+(AA79*$G$5/3))*90 -> 30 | AC79: 3 | AD79: 3 | AE79: 3 | AF79: 2 | AG79: =((AC79*$D$5/3)+(AD79*$E$5/3)+(AE79*$F$5/3)+(AF79*$G$5/3))*90 -> 75 | AL79: =((AH79*$D$5/3)+(AI79*$E$5/3)+(AJ79*$F$5/3)+(AK79*$G$5/3))*90 -> 0 | AQ79: =((AM79*$D$5/3)+(AN79*$E$5/3)+(AO79*$F$5/3)+(AP79*$G$5/3))*90 -> 0
A80: ='INPUT DAFTAR PESERTA'!A78 -> 75 | B80: ='INPUT DAFTAR PESERTA'!B78 -> 2509056064 | C80: ='INPUT DAFTAR PESERTA'!C78 -> Dina Molitha Dwi Manggarani | D80: 1 | E80: 2 | F80: 2 | G80: 2 | H80: =((D80*$D$5/3)+(E80*$E$5/3)+(F80*$F$5/3)+(G80*$G$5/3))*90 -> 57 | I80: 3 | J80: 3 | K80: 3 | L80: 3 | M80: =((I80*$D$5/3)+(J80*$E$5/3)+(K80*$F$5/3)+(L80*$G$5/3))*90 -> 90 | N80: 3 | O80: 3 | P80: 3 | Q80: 3 | R80: =((N80*$D$5/3)+(O80*$E$5/3)+(P80*$F$5/3)+(Q80*$G$5/3))*90 -> 90 | S80: 2 | T80: 3 | U80: 3 | V80: 3 | W80: =((S80*$D$5/3)+(T80*$E$5/3)+(U80*$F$5/3)+(V80*$G$5/3))*90 -> 87 | X80: 2 | Y80: 2 | Z80: 2 | AA80: 3 | AB80: =((X80*$D$5/3)+(Y80*$E$5/3)+(Z80*$F$5/3)+(AA80*$G$5/3))*90 -> 75 | AC80: 3 | AD80: 3 | AE80: 3 | AF80: 2 | AG80: =((AC80*$D$5/3)+(AD80*$E$5/3)+(AE80*$F$5/3)+(AF80*$G$5/3))*90 -> 75 | AH80: 2 | AI80: 3 | AJ80: 3 | AK80: 1 | AL80: =((AH80*$D$5/3)+(AI80*$E$5/3)+(AJ80*$F$5/3)+(AK80*$G$5/3))*90 -> 57 | AM80: 2 | AN80: 3 | AO80: 3 | AP80: 3 | AQ80: =((AM80*$D$5/3)+(AN80*$E$5/3)+(AO80*$F$5/3)+(AP80*$G$5/3))*90 -> 87
A81: ='INPUT DAFTAR PESERTA'!A79 -> 76 | B81: ='INPUT DAFTAR PESERTA'!B79 -> 2509056065 | C81: ='INPUT DAFTAR PESERTA'!C79 -> Ahmad Dival Halim | H81: =((D81*$D$5/3)+(E81*$E$5/3)+(F81*$F$5/3)+(G81*$G$5/3))*90 -> 0 | I81: 3 | J81: 3 | K81: 3 | L81: 3 | M81: =((I81*$D$5/3)+(J81*$E$5/3)+(K81*$F$5/3)+(L81*$G$5/3))*90 -> 90 | N81: 2 | O81: 2 | P81: 3 | Q81: 2 | R81: =((N81*$D$5/3)+(O81*$E$5/3)+(P81*$F$5/3)+(Q81*$G$5/3))*90 -> 66 | S81: 2 | T81: 3 | U81: 3 | V81: 1 | W81: =((S81*$D$5/3)+(T81*$E$5/3)+(U81*$F$5/3)+(V81*$G$5/3))*90 -> 57 | X81: 2 | Y81: 2 | Z81: 2 | AA81: 1 | AB81: =((X81*$D$5/3)+(Y81*$E$5/3)+(Z81*$F$5/3)+(AA81*$G$5/3))*90 -> 45 | AC81: 3 | AD81: 3 | AE81: 3 | AF81: 2 | AG81: =((AC81*$D$5/3)+(AD81*$E$5/3)+(AE81*$F$5/3)+(AF81*$G$5/3))*90 -> 75 | AH81: 2 | AI81: 3 | AJ81: 3 | AK81: 1 | AL81: =((AH81*$D$5/3)+(AI81*$E$5/3)+(AJ81*$F$5/3)+(AK81*$G$5/3))*90 -> 57 | AM81: 2 | AN81: 3 | AO81: 3 | AP81: 1 | AQ81: =((AM81*$D$5/3)+(AN81*$E$5/3)+(AO81*$F$5/3)+(AP81*$G$5/3))*90 -> 57
A82: ='INPUT DAFTAR PESERTA'!A80 -> 77 | B82: ='INPUT DAFTAR PESERTA'!B80 -> 2509056066 | C82: ='INPUT DAFTAR PESERTA'!C80 -> Sultan Islamy Pasha | D82: 3 | E82: 3 | F82: 3 | G82: 2 | H82: =((D82*$D$5/3)+(E82*$E$5/3)+(F82*$F$5/3)+(G82*$G$5/3))*90 -> 75 | I82: 3 | J82: 3 | K82: 3 | L82: 2 | M82: =((I82*$D$5/3)+(J82*$E$5/3)+(K82*$F$5/3)+(L82*$G$5/3))*90 -> 75 | N82: 2 | O82: 3 | P82: 3 | Q82: 1 | R82: =((N82*$D$5/3)+(O82*$E$5/3)+(P82*$F$5/3)+(Q82*$G$5/3))*90 -> 57 | S82: 2 | T82: 3 | U82: 3 | V82: 1 | W82: =((S82*$D$5/3)+(T82*$E$5/3)+(U82*$F$5/3)+(V82*$G$5/3))*90 -> 57 | X82: 2 | Y82: 2 | Z82: 2 | AA82: 3 | AB82: =((X82*$D$5/3)+(Y82*$E$5/3)+(Z82*$F$5/3)+(AA82*$G$5/3))*90 -> 75 | AC82: 3 | AD82: 3 | AE82: 3 | AF82: 2 | AG82: =((AC82*$D$5/3)+(AD82*$E$5/3)+(AE82*$F$5/3)+(AF82*$G$5/3))*90 -> 75 | AL82: =((AH82*$D$5/3)+(AI82*$E$5/3)+(AJ82*$F$5/3)+(AK82*$G$5/3))*90 -> 0 | AM82: 2 | AN82: 3 | AO82: 3 | AP82: 1 | AQ82: =((AM82*$D$5/3)+(AN82*$E$5/3)+(AO82*$F$5/3)+(AP82*$G$5/3))*90 -> 57
A83: ='INPUT DAFTAR PESERTA'!A81 -> 78 | B83: ='INPUT DAFTAR PESERTA'!B81 -> 2509056069 | C83: ='INPUT DAFTAR PESERTA'!C81 -> Reyhan Resqy Pratama | H83: =((D83*$D$5/3)+(E83*$E$5/3)+(F83*$F$5/3)+(G83*$G$5/3))*90 -> 0 | M83: =((I83*$D$5/3)+(J83*$E$5/3)+(K83*$F$5/3)+(L83*$G$5/3))*90 -> 0 | R83: =((N83*$D$5/3)+(O83*$E$5/3)+(P83*$F$5/3)+(Q83*$G$5/3))*90 -> 0 | W83: =((S83*$D$5/3)+(T83*$E$5/3)+(U83*$F$5/3)+(V83*$G$5/3))*90 -> 0 | X83: 1 | Y83: 1 | Z83: 1 | AA83: 1 | AB83: =((X83*$D$5/3)+(Y83*$E$5/3)+(Z83*$F$5/3)+(AA83*$G$5/3))*90 -> 30 | AC83: 3 | AD83: 3 | AE83: 3 | AF83: 2 | AG83: =((AC83*$D$5/3)+(AD83*$E$5/3)+(AE83*$F$5/3)+(AF83*$G$5/3))*90 -> 75 | AL83: =((AH83*$D$5/3)+(AI83*$E$5/3)+(AJ83*$F$5/3)+(AK83*$G$5/3))*90 -> 0 | AM83: 2 | AN83: 3 | AO83: 3 | AP83: 3 | AQ83: =((AM83*$D$5/3)+(AN83*$E$5/3)+(AO83*$F$5/3)+(AP83*$G$5/3))*90 -> 87
A84: ='INPUT DAFTAR PESERTA'!A82 -> 79 | B84: ='INPUT DAFTAR PESERTA'!B82 -> 2509056070 | C84: ='INPUT DAFTAR PESERTA'!C82 -> Riendri Novtrianto Luden | H84: =((D84*$D$5/3)+(E84*$E$5/3)+(F84*$F$5/3)+(G84*$G$5/3))*90 -> 0 | M84: =((I84*$D$5/3)+(J84*$E$5/3)+(K84*$F$5/3)+(L84*$G$5/3))*90 -> 0 | R84: =((N84*$D$5/3)+(O84*$E$5/3)+(P84*$F$5/3)+(Q84*$G$5/3))*90 -> 0 | W84: =((S84*$D$5/3)+(T84*$E$5/3)+(U84*$F$5/3)+(V84*$G$5/3))*90 -> 0 | X84: 1 | Y84: 1 | Z84: 1 | AA84: 1 | AB84: =((X84*$D$5/3)+(Y84*$E$5/3)+(Z84*$F$5/3)+(AA84*$G$5/3))*90 -> 30 | AG84: =((AC84*$D$5/3)+(AD84*$E$5/3)+(AE84*$F$5/3)+(AF84*$G$5/3))*90 -> 0 | AL84: =((AH84*$D$5/3)+(AI84*$E$5/3)+(AJ84*$F$5/3)+(AK84*$G$5/3))*90 -> 0 | AQ84: =((AM84*$D$5/3)+(AN84*$E$5/3)+(AO84*$F$5/3)+(AP84*$G$5/3))*90 -> 0
A85: ='INPUT DAFTAR PESERTA'!A83 -> 80 | B85: ='INPUT DAFTAR PESERTA'!B83 -> 2509056071 | C85: ='INPUT DAFTAR PESERTA'!C83 -> Ergie Yehezkiel Simanjuntak | H85: =((D85*$D$5/3)+(E85*$E$5/3)+(F85*$F$5/3)+(G85*$G$5/3))*90 -> 0 | M85: =((I85*$D$5/3)+(J85*$E$5/3)+(K85*$F$5/3)+(L85*$G$5/3))*90 -> 0 | R85: =((N85*$D$5/3)+(O85*$E$5/3)+(P85*$F$5/3)+(Q85*$G$5/3))*90 -> 0 | W85: =((S85*$D$5/3)+(T85*$E$5/3)+(U85*$F$5/3)+(V85*$G$5/3))*90 -> 0 | X85: 1 | Y85: 1 | Z85: 1 | AA85: 1 | AB85: =((X85*$D$5/3)+(Y85*$E$5/3)+(Z85*$F$5/3)+(AA85*$G$5/3))*90 -> 30 | AG85: =((AC85*$D$5/3)+(AD85*$E$5/3)+(AE85*$F$5/3)+(AF85*$G$5/3))*90 -> 0 | AL85: =((AH85*$D$5/3)+(AI85*$E$5/3)+(AJ85*$F$5/3)+(AK85*$G$5/3))*90 -> 0 | AQ85: =((AM85*$D$5/3)+(AN85*$E$5/3)+(AO85*$F$5/3)+(AP85*$G$5/3))*90 -> 0
A86: ='INPUT DAFTAR PESERTA'!A84 -> 81 | B86: ='INPUT DAFTAR PESERTA'!B84 -> 2509056072 | C86: ='INPUT DAFTAR PESERTA'!C84 -> Nobergotardo .A | H86: =((D86*$D$5/3)+(E86*$E$5/3)+(F86*$F$5/3)+(G86*$G$5/3))*90 -> 0 | M86: =((I86*$D$5/3)+(J86*$E$5/3)+(K86*$F$5/3)+(L86*$G$5/3))*90 -> 0 | R86: =((N86*$D$5/3)+(O86*$E$5/3)+(P86*$F$5/3)+(Q86*$G$5/3))*90 -> 0 | W86: =((S86*$D$5/3)+(T86*$E$5/3)+(U86*$F$5/3)+(V86*$G$5/3))*90 -> 0 | X86: 1 | Y86: 1 | Z86: 1 | AA86: 1 | AB86: =((X86*$D$5/3)+(Y86*$E$5/3)+(Z86*$F$5/3)+(AA86*$G$5/3))*90 -> 30 | AG86: =((AC86*$D$5/3)+(AD86*$E$5/3)+(AE86*$F$5/3)+(AF86*$G$5/3))*90 -> 0 | AL86: =((AH86*$D$5/3)+(AI86*$E$5/3)+(AJ86*$F$5/3)+(AK86*$G$5/3))*90 -> 0 | AQ86: =((AM86*$D$5/3)+(AN86*$E$5/3)+(AO86*$F$5/3)+(AP86*$G$5/3))*90 -> 0
A87: ='INPUT DAFTAR PESERTA'!A85 -> 82 | B87: ='INPUT DAFTAR PESERTA'!B85 -> 2509056073 | C87: ='INPUT DAFTAR PESERTA'!C85 -> Rasikhah Fitri | H87: =((D87*$D$5/3)+(E87*$E$5/3)+(F87*$F$5/3)+(G87*$G$5/3))*90 -> 0 | M87: =((I87*$D$5/3)+(J87*$E$5/3)+(K87*$F$5/3)+(L87*$G$5/3))*90 -> 0 | R87: =((N87*$D$5/3)+(O87*$E$5/3)+(P87*$F$5/3)+(Q87*$G$5/3))*90 -> 0 | W87: =((S87*$D$5/3)+(T87*$E$5/3)+(U87*$F$5/3)+(V87*$G$5/3))*90 -> 0 | X87: 1 | Y87: 1 | Z87: 1 | AA87: 1 | AB87: =((X87*$D$5/3)+(Y87*$E$5/3)+(Z87*$F$5/3)+(AA87*$G$5/3))*90 -> 30 | AG87: =((AC87*$D$5/3)+(AD87*$E$5/3)+(AE87*$F$5/3)+(AF87*$G$5/3))*90 -> 0 | AL87: =((AH87*$D$5/3)+(AI87*$E$5/3)+(AJ87*$F$5/3)+(AK87*$G$5/3))*90 -> 0 | AQ87: =((AM87*$D$5/3)+(AN87*$E$5/3)+(AO87*$F$5/3)+(AP87*$G$5/3))*90 -> 0
A88: ='INPUT DAFTAR PESERTA'!A86 -> 83 | B88: ='INPUT DAFTAR PESERTA'!B86 -> 2509056075 | C88: ='INPUT DAFTAR PESERTA'!C86 -> Cantika Salwa Hanifa | H88: =((D88*$D$5/3)+(E88*$E$5/3)+(F88*$F$5/3)+(G88*$G$5/3))*90 -> 0 | M88: =((I88*$D$5/3)+(J88*$E$5/3)+(K88*$F$5/3)+(L88*$G$5/3))*90 -> 0 | R88: =((N88*$D$5/3)+(O88*$E$5/3)+(P88*$F$5/3)+(Q88*$G$5/3))*90 -> 0 | S88: 3 | T88: 3 | U88: 3 | V88: 1 | W88: =((S88*$D$5/3)+(T88*$E$5/3)+(U88*$F$5/3)+(V88*$G$5/3))*90 -> 60 | X88: 2 | Y88: 3 | Z88: 3 | AA88: 3 | AB88: =((X88*$D$5/3)+(Y88*$E$5/3)+(Z88*$F$5/3)+(AA88*$G$5/3))*90 -> 87 | AC88: 3 | AD88: 3 | AE88: 3 | AF88: 2 | AG88: =((AC88*$D$5/3)+(AD88*$E$5/3)+(AE88*$F$5/3)+(AF88*$G$5/3))*90 -> 75 | AH88: 2 | AI88: 3 | AJ88: 3 | AK88: 1 | AL88: =((AH88*$D$5/3)+(AI88*$E$5/3)+(AJ88*$F$5/3)+(AK88*$G$5/3))*90 -> 57 | AQ88: =((AM88*$D$5/3)+(AN88*$E$5/3)+(AO88*$F$5/3)+(AP88*$G$5/3))*90 -> 0
A89: ='INPUT DAFTAR PESERTA'!A87 -> 84 | B89: ='INPUT DAFTAR PESERTA'!B87 -> 2509056076 | C89: ='INPUT DAFTAR PESERTA'!C87 -> Andi Arief Bintang | D89: 3 | E89: 3 | F89: 3 | G89: 1 | H89: =((D89*$D$5/3)+(E89*$E$5/3)+(F89*$F$5/3)+(G89*$G$5/3))*90 -> 60 | I89: 3 | J89: 3 | K89: 3 | L89: 1 | M89: =((I89*$D$5/3)+(J89*$E$5/3)+(K89*$F$5/3)+(L89*$G$5/3))*90 -> 60 | N89: 3 | O89: 3 | P89: 3 | Q89: 1 | R89: =((N89*$D$5/3)+(O89*$E$5/3)+(P89*$F$5/3)+(Q89*$G$5/3))*90 -> 60 | S89: 3 | T89: 3 | U89: 3 | V89: 1 | W89: =((S89*$D$5/3)+(T89*$E$5/3)+(U89*$F$5/3)+(V89*$G$5/3))*90 -> 60 | X89: 2 | Y89: 3 | Z89: 3 | AA89: 3 | AB89: =((X89*$D$5/3)+(Y89*$E$5/3)+(Z89*$F$5/3)+(AA89*$G$5/3))*90 -> 87 | AC89: 3 | AD89: 3 | AE89: 3 | AF89: 2 | AG89: =((AC89*$D$5/3)+(AD89*$E$5/3)+(AE89*$F$5/3)+(AF89*$G$5/3))*90 -> 75 | AH89: 2 | AI89: 3 | AJ89: 3 | AK89: 1 | AL89: =((AH89*$D$5/3)+(AI89*$E$5/3)+(AJ89*$F$5/3)+(AK89*$G$5/3))*90 -> 57 | AM89: 3 | AN89: 3 | AO89: 3 | AP89: 3 | AQ89: =((AM89*$D$5/3)+(AN89*$E$5/3)+(AO89*$F$5/3)+(AP89*$G$5/3))*90 -> 90
A90: ='INPUT DAFTAR PESERTA'!A88 -> 85 | B90: ='INPUT DAFTAR PESERTA'!B88 -> 2509056077 | C90: ='INPUT DAFTAR PESERTA'!C88 -> Al Hamdan | H90: =((D90*$D$5/3)+(E90*$E$5/3)+(F90*$F$5/3)+(G90*$G$5/3))*90 -> 0 | M90: =((I90*$D$5/3)+(J90*$E$5/3)+(K90*$F$5/3)+(L90*$G$5/3))*90 -> 0 | R90: =((N90*$D$5/3)+(O90*$E$5/3)+(P90*$F$5/3)+(Q90*$G$5/3))*90 -> 0 | W90: =((S90*$D$5/3)+(T90*$E$5/3)+(U90*$F$5/3)+(V90*$G$5/3))*90 -> 0 | X90: 1 | Y90: 1 | Z90: 1 | AA90: 1 | AB90: =((X90*$D$5/3)+(Y90*$E$5/3)+(Z90*$F$5/3)+(AA90*$G$5/3))*90 -> 30 | AC90: 3 | AD90: 3 | AE90: 3 | AF90: 2 | AG90: =((AC90*$D$5/3)+(AD90*$E$5/3)+(AE90*$F$5/3)+(AF90*$G$5/3))*90 -> 75 | AL90: =((AH90*$D$5/3)+(AI90*$E$5/3)+(AJ90*$F$5/3)+(AK90*$G$5/3))*90 -> 0 | AQ90: =((AM90*$D$5/3)+(AN90*$E$5/3)+(AO90*$F$5/3)+(AP90*$G$5/3))*90 -> 0
A91: ='INPUT DAFTAR PESERTA'!A89 -> 86 | B91: ='INPUT DAFTAR PESERTA'!B89 -> 2509056074 | C91: ='INPUT DAFTAR PESERTA'!C89 -> Andi Muhammad Caeril Irfan | H91: =((D91*$D$5/3)+(E91*$E$5/3)+(F91*$F$5/3)+(G91*$G$5/3))*90 -> 0 | M91: =((I91*$D$5/3)+(J91*$E$5/3)+(K91*$F$5/3)+(L91*$G$5/3))*90 -> 0 | R91: =((N91*$D$5/3)+(O91*$E$5/3)+(P91*$F$5/3)+(Q91*$G$5/3))*90 -> 0 | W91: =((S91*$D$5/3)+(T91*$E$5/3)+(U91*$F$5/3)+(V91*$G$5/3))*90 -> 0 | X91: 1 | Y91: 1 | Z91: 1 | AA91: 1 | AB91: =((X91*$D$5/3)+(Y91*$E$5/3)+(Z91*$F$5/3)+(AA91*$G$5/3))*90 -> 30 | AG91: =((AC91*$D$5/3)+(AD91*$E$5/3)+(AE91*$F$5/3)+(AF91*$G$5/3))*90 -> 0 | AH91: 2 | AI91: 3 | AJ91: 3 | AK91: 1 | AL91: =((AH91*$D$5/3)+(AI91*$E$5/3)+(AJ91*$F$5/3)+(AK91*$G$5/3))*90 -> 57 | AQ91: =((AM91*$D$5/3)+(AN91*$E$5/3)+(AO91*$F$5/3)+(AP91*$G$5/3))*90 -> 0
B100: ='INPUT DAFTAR PESERTA'!A98 | C100: ='INPUT DAFTAR PESERTA'!C98
A101: ='INPUT DAFTAR PESERTA'!A99 | B101: ='INPUT DAFTAR PESERTA'!B99
A102: ='INPUT DAFTAR PESERTA'!A100

Sheet NILAI HARIAN
A3: No | B3: NIM | C3: Nama | D3: Afektif | N3: Kognitif | AF3: Psikomotorik
D4: Kehadiran | M4: Laporan | N4: Responsi | W4: Proses Asistensi | AF4: Kemampuan Praktek
D5: 1 | E5: 2 | F5: 3 | G5: 4 | H5: 5 | I5: 6 | J5: 7 | K5: 8 | L5: Rata-rata | M5: Rata-rata | N5: 1 | O5: 2 | P5: 3 | Q5: 4 | R5: 5 | S5: 6 | T5: 7 | U5: 8 | V5: Rata-rata | W5: 1 | X5: 2 | Y5: 3 | Z5: 4 | AA5: 5 | AB5: 6 | AC5: 7 | AD5: 8 | AE5: Rata-rata | AF5: 1 | AG5: 2 | AH5: 3 | AI5: 4 | AJ5: 5 | AK5: 6 | AL5: 7 | AM5: 8 | AN5: Rata-rata
A6: ='INPUT DAFTAR PESERTA'!A4 -> 1 | B6: ='INPUT DAFTAR PESERTA'!B4 -> 2309056046 | C6: ='INPUT DAFTAR PESERTA'!C4 -> Erwin | D6: 100 | E6: 100 | F6: 100 | G6: 100 | H6: 100 | I6: 100 | J6: 100 | K6: 100 | L6: =(D6+E6+F6+G6+H6+I6+J6+K6)/8 -> 100 | M6: ='PENULISAN LAPORAN'!N5 -> 27.1875 | N6: 0 | O6: 0 | P6: 0 | Q6: 0 | R6: 0 | S6: 0 | T6: 0 | U6: 0 | V6: =(N6+O6+P6+Q6+R6+S6+T6+U6)/8 -> 0 | W6: 30 | X6: 30 | Y6: 30 | Z6: 30 | AA6: 30 | AB6: 30 | AC6: 30 | AD6: 30 | AE6: =(W6+X6+Y6+Z6+AA6+AB6+AC6+AD6)/8 -> 30 | AF6: ='KEMAMPUAN PRAKTIKUM'!H6 -> 57 | AG6: ='KEMAMPUAN PRAKTIKUM'!M6 -> 60 | AH6: ='KEMAMPUAN PRAKTIKUM'!R6 -> 57 | AI6: ='KEMAMPUAN PRAKTIKUM'!W6 -> 57 | AJ6: ='KEMAMPUAN PRAKTIKUM'!AB6 -> 72 | AK6: ='KEMAMPUAN PRAKTIKUM'!AG6 -> 63 | AL6: ='KEMAMPUAN PRAKTIKUM'!AL6 -> 57 | AM6: ='KEMAMPUAN PRAKTIKUM'!AQ6 -> 57 | AN6: =AVERAGE(AF6:AM6) -> 60
A7: ='INPUT DAFTAR PESERTA'!A5 -> 2 | B7: ='INPUT DAFTAR PESERTA'!B5 -> 2409056015 | C7: ='INPUT DAFTAR PESERTA'!C5 -> Denny Setiawan | E7: 0 | H7: 100 | I7: 100 | L7: =(D7+E7+F7+G7+H7+I7+J7+K7)/8 -> 25 | M7: ='PENULISAN LAPORAN'!N6 -> 0 | N7: 0 | O7: 0 | P7: 0 | Q7: 0 | R7: 0 | S7: 0 | T7: 0 | U7: 0 | V7: =(N7+O7+P7+Q7+R7+S7+T7+U7)/8 -> 0 | X7: 0 | AA7: 0 | AB7: 0 | AE7: =(W7+X7+Y7+Z7+AA7+AB7+AC7+AD7)/8 -> 0 | AF7: ='KEMAMPUAN PRAKTIKUM'!H7 -> 0 | AG7: ='KEMAMPUAN PRAKTIKUM'!M7 -> 30 | AH7: ='KEMAMPUAN PRAKTIKUM'!R7 -> 0 | AI7: ='KEMAMPUAN PRAKTIKUM'!W7 -> 0 | AJ7: ='KEMAMPUAN PRAKTIKUM'!AB7 -> 30 | AK7: ='KEMAMPUAN PRAKTIKUM'!AG7 -> 63 | AL7: ='KEMAMPUAN PRAKTIKUM'!AL7 -> 0 | AM7: ='KEMAMPUAN PRAKTIKUM'!AQ7 -> 0 | AN7: =AVERAGE(AF7:AM7) -> 15.375
A8: ='INPUT DAFTAR PESERTA'!A6 -> 3 | B8: ='INPUT DAFTAR PESERTA'!B6 -> 2409056031 | C8: ='INPUT DAFTAR PESERTA'!C6 -> Rahmad Oka Aufa Ramadan | E8: 0 | H8: 100 | I8: 100 | L8: =(D8+E8+F8+G8+H8+I8+J8+K8)/8 -> 25 | M8: ='PENULISAN LAPORAN'!N7 -> 0 | N8: 0 | O8: 0 | P8: 0 | Q8: 0 | R8: 0 | S8: 0 | T8: 0 | U8: 0 | V8: =(N8+O8+P8+Q8+R8+S8+T8+U8)/8 -> 0 | X8: 0 | AA8: 0 | AE8: =(W8+X8+Y8+Z8+AA8+AB8+AC8+AD8)/8 -> 0 | AF8: ='KEMAMPUAN PRAKTIKUM'!H8 -> 0 | AG8: ='KEMAMPUAN PRAKTIKUM'!M8 -> 30 | AH8: ='KEMAMPUAN PRAKTIKUM'!R8 -> 0 | AI8: ='KEMAMPUAN PRAKTIKUM'!W8 -> 0 | AJ8: ='KEMAMPUAN PRAKTIKUM'!AB8 -> 30 | AK8: ='KEMAMPUAN PRAKTIKUM'!AG8 -> 63 | AL8: ='KEMAMPUAN PRAKTIKUM'!AL8 -> 0 | AM8: ='KEMAMPUAN PRAKTIKUM'!AQ8 -> 0 | AN8: =AVERAGE(AF8:AM8) -> 15.375
A9: ='INPUT DAFTAR PESERTA'!A7 -> 4 | B9: ='INPUT DAFTAR PESERTA'!B7 -> 2409056032 | C9: ='INPUT DAFTAR PESERTA'!C7 -> Stewa Syaifa Bakhid | E9: 0 | H9: 100 | I9: 100 | L9: =(D9+E9+F9+G9+H9+I9+J9+K9)/8 -> 25 | M9: ='PENULISAN LAPORAN'!N8 -> 0 | N9: 0 | O9: 0 | P9: 0 | Q9: 0 | R9: 0 | S9: 0 | T9: 0 | U9: 0 | V9: =(N9+O9+P9+Q9+R9+S9+T9+U9)/8 -> 0 | X9: 0 | AA9: 0 | AE9: =(W9+X9+Y9+Z9+AA9+AB9+AC9+AD9)/8 -> 0 | AF9: ='KEMAMPUAN PRAKTIKUM'!H9 -> 0 | AG9: ='KEMAMPUAN PRAKTIKUM'!M9 -> 30 | AH9: ='KEMAMPUAN PRAKTIKUM'!R9 -> 0 | AI9: ='KEMAMPUAN PRAKTIKUM'!W9 -> 0 | AJ9: ='KEMAMPUAN PRAKTIKUM'!AB9 -> 30 | AK9: ='KEMAMPUAN PRAKTIKUM'!AG9 -> 63 | AL9: ='KEMAMPUAN PRAKTIKUM'!AL9 -> 0 | AM9: ='KEMAMPUAN PRAKTIKUM'!AQ9 -> 0 | AN9: =AVERAGE(AF9:AM9) -> 15.375
A10: ='INPUT DAFTAR PESERTA'!A8 -> 5 | B10: ='INPUT DAFTAR PESERTA'!B8 -> 2409056033 | C10: ='INPUT DAFTAR PESERTA'!C8 -> Adnan Fadil Annur | D10: 100 | E10: 0 | H10: 100 | I10: 100 | L10: =(D10+E10+F10+G10+H10+I10+J10+K10)/8 -> 37.5 | M10: ='PENULISAN LAPORAN'!N9 -> 5.3125 | N10: 0 | O10: 0 | P10: 0 | Q10: 0 | R10: 0 | S10: 0 | T10: 0 | U10: 0 | V10: =(N10+O10+P10+Q10+R10+S10+T10+U10)/8 -> 0 | X10: 0 | AA10: 0 | AE10: =(W10+X10+Y10+Z10+AA10+AB10+AC10+AD10)/8 -> 0 | AF10: ='KEMAMPUAN PRAKTIKUM'!H10 -> 90 | AG10: ='KEMAMPUAN PRAKTIKUM'!M10 -> 30 | AH10: ='KEMAMPUAN PRAKTIKUM'!R10 -> 0 | AI10: ='KEMAMPUAN PRAKTIKUM'!W10 -> 0 | AJ10: ='KEMAMPUAN PRAKTIKUM'!AB10 -> 30 | AK10: ='KEMAMPUAN PRAKTIKUM'!AG10 -> 63 | AL10: ='KEMAMPUAN PRAKTIKUM'!AL10 -> 0 | AM10: ='KEMAMPUAN PRAKTIKUM'!AQ10 -> 0 | AN10: =AVERAGE(AF10:AM10) -> 26.625
A11: ='INPUT DAFTAR PESERTA'!A9 -> 6 | B11: ='INPUT DAFTAR PESERTA'!B9 -> 2409056039 | C11: ='INPUT DAFTAR PESERTA'!C9 -> Muhammad Hasbi Ash Shiddieqy | E11: 0 | H11: 100 | I11: 100 | L11: =(D11+E11+F11+G11+H11+I11+J11+K11)/8 -> 25 | M11: ='PENULISAN LAPORAN'!N10 -> 0 | N11: 0 | O11: 0 | P11: 0 | Q11: 0 | R11: 0 | S11: 0 | T11: 0 | U11: 0 | V11: =(N11+O11+P11+Q11+R11+S11+T11+U11)/8 -> 0 | X11: 0 | AA11: 0 | AE11: =(W11+X11+Y11+Z11+AA11+AB11+AC11+AD11)/8 -> 0 | AF11: ='KEMAMPUAN PRAKTIKUM'!H11 -> 0 | AG11: ='KEMAMPUAN PRAKTIKUM'!M11 -> 30 | AH11: ='KEMAMPUAN PRAKTIKUM'!R11 -> 0 | AI11: ='KEMAMPUAN PRAKTIKUM'!W11 -> 0 | AJ11: ='KEMAMPUAN PRAKTIKUM'!AB11 -> 30 | AK11: ='KEMAMPUAN PRAKTIKUM'!AG11 -> 63 | AL11: ='KEMAMPUAN PRAKTIKUM'!AL11 -> 0 | AM11: ='KEMAMPUAN PRAKTIKUM'!AQ11 -> 0 | AN11: =AVERAGE(AF11:AM11) -> 15.375
A12: ='INPUT DAFTAR PESERTA'!A10 -> 7 | B12: ='INPUT DAFTAR PESERTA'!B10 -> 2409056044 | C12: ='INPUT DAFTAR PESERTA'!C10 -> Siti Aisyah Hasanah | E12: 0 | H12: 100 | I12: 100 | L12: =(D12+E12+F12+G12+H12+I12+J12+K12)/8 -> 25 | M12: ='PENULISAN LAPORAN'!N11 -> 0 | N12: 0 | O12: 0 | P12: 0 | Q12: 0 | R12: 0 | S12: 0 | T12: 0 | U12: 0 | V12: =(N12+O12+P12+Q12+R12+S12+T12+U12)/8 -> 0 | X12: 0 | AA12: 0 | AE12: =(W12+X12+Y12+Z12+AA12+AB12+AC12+AD12)/8 -> 0 | AF12: ='KEMAMPUAN PRAKTIKUM'!H12 -> 0 | AG12: ='KEMAMPUAN PRAKTIKUM'!M12 -> 30 | AH12: ='KEMAMPUAN PRAKTIKUM'!R12 -> 0 | AI12: ='KEMAMPUAN PRAKTIKUM'!W12 -> 0 | AJ12: ='KEMAMPUAN PRAKTIKUM'!AB12 -> 30 | AK12: ='KEMAMPUAN PRAKTIKUM'!AG12 -> 63 | AL12: ='KEMAMPUAN PRAKTIKUM'!AL12 -> 0 | AM12: ='KEMAMPUAN PRAKTIKUM'!AQ12 -> 0 | AN12: =AVERAGE(AF12:AM12) -> 15.375
A13: ='INPUT DAFTAR PESERTA'!A11 -> 8 | B13: ='INPUT DAFTAR PESERTA'!B11 -> 2409056047 | C13: ='INPUT DAFTAR PESERTA'!C11 -> D’arch Hweng Junior | E13: 0 | H13: 100 | I13: 100 | L13: =(D13+E13+F13+G13+H13+I13+J13+K13)/8 -> 25 | M13: ='PENULISAN LAPORAN'!N12 -> 0 | N13: 0 | O13: 0 | P13: 0 | Q13: 0 | R13: 0 | S13: 0 | T13: 0 | U13: 0 | V13: =(N13+O13+P13+Q13+R13+S13+T13+U13)/8 -> 0 | X13: 0 | AA13: 0 | AE13: =(W13+X13+Y13+Z13+AA13+AB13+AC13+AD13)/8 -> 0 | AF13: ='KEMAMPUAN PRAKTIKUM'!H13 -> 0 | AG13: ='KEMAMPUAN PRAKTIKUM'!M13 -> 30 | AH13: ='KEMAMPUAN PRAKTIKUM'!R13 -> 0 | AI13: ='KEMAMPUAN PRAKTIKUM'!W13 -> 0 | AJ13: ='KEMAMPUAN PRAKTIKUM'!AB13 -> 30 | AK13: ='KEMAMPUAN PRAKTIKUM'!AG13 -> 63 | AL13: ='KEMAMPUAN PRAKTIKUM'!AL13 -> 0 | AM13: ='KEMAMPUAN PRAKTIKUM'!AQ13 -> 0 | AN13: =AVERAGE(AF13:AM13) -> 15.375
A14: ='INPUT DAFTAR PESERTA'!A12 -> 9 | B14: ='INPUT DAFTAR PESERTA'!B12 -> 2409056052 | C14: ='INPUT DAFTAR PESERTA'!C12 -> Andi Syaifullah Al Maslulil Agri | E14: 0 | H14: 100 | I14: 100 | L14: =(D14+E14+F14+G14+H14+I14+J14+K14)/8 -> 25 | M14: ='PENULISAN LAPORAN'!N13 -> 0 | N14: 0 | O14: 0 | P14: 0 | Q14: 0 | R14: 0 | S14: 0 | T14: 0 | U14: 0 | V14: =(N14+O14+P14+Q14+R14+S14+T14+U14)/8 -> 0 | X14: 0 | AA14: 0 | AE14: =(W14+X14+Y14+Z14+AA14+AB14+AC14+AD14)/8 -> 0 | AF14: ='KEMAMPUAN PRAKTIKUM'!H14 -> 0 | AG14: ='KEMAMPUAN PRAKTIKUM'!M14 -> 30 | AH14: ='KEMAMPUAN PRAKTIKUM'!R14 -> 0 | AI14: ='KEMAMPUAN PRAKTIKUM'!W14 -> 0 | AJ14: ='KEMAMPUAN PRAKTIKUM'!AB14 -> 30 | AK14: ='KEMAMPUAN PRAKTIKUM'!AG14 -> 63 | AL14: ='KEMAMPUAN PRAKTIKUM'!AL14 -> 0 | AM14: ='KEMAMPUAN PRAKTIKUM'!AQ14 -> 0 | AN14: =AVERAGE(AF14:AM14) -> 15.375
A15: ='INPUT DAFTAR PESERTA'!A13 -> 10 | B15: ='INPUT DAFTAR PESERTA'!B13 -> 2409056058 | C15: ='INPUT DAFTAR PESERTA'!C13 -> Andre Pratama | E15: 0 | H15: 100 | I15: 100 | L15: =(D15+E15+F15+G15+H15+I15+J15+K15)/8 -> 25 | M15: ='PENULISAN LAPORAN'!N14 -> 0 | N15: 0 | O15: 0 | P15: 0 | Q15: 0 | R15: 0 | S15: 0 | T15: 0 | U15: 0 | V15: =(N15+O15+P15+Q15+R15+S15+T15+U15)/8 -> 0 | X15: 0 | AA15: 0 | AE15: =(W15+X15+Y15+Z15+AA15+AB15+AC15+AD15)/8 -> 0 | AF15: ='KEMAMPUAN PRAKTIKUM'!H15 -> 0 | AG15: ='KEMAMPUAN PRAKTIKUM'!M15 -> 30 | AH15: ='KEMAMPUAN PRAKTIKUM'!R15 -> 0 | AI15: ='KEMAMPUAN PRAKTIKUM'!W15 -> 0 | AJ15: ='KEMAMPUAN PRAKTIKUM'!AB15 -> 30 | AK15: ='KEMAMPUAN PRAKTIKUM'!AG15 -> 63 | AL15: ='KEMAMPUAN PRAKTIKUM'!AL15 -> 0 | AM15: ='KEMAMPUAN PRAKTIKUM'!AQ15 -> 0 | AN15: =AVERAGE(AF15:AM15) -> 15.375
A16: ='INPUT DAFTAR PESERTA'!A14 -> 11 | B16: ='INPUT DAFTAR PESERTA'!B14 -> 2409056067 | C16: ='INPUT DAFTAR PESERTA'!C14 -> Andi Afif Najib Abdillah | E16: 0 | H16: 100 | I16: 100 | L16: =(D16+E16+F16+G16+H16+I16+J16+K16)/8 -> 25 | M16: ='PENULISAN LAPORAN'!N15 -> 0 | N16: 0 | O16: 0 | P16: 0 | Q16: 0 | R16: 0 | S16: 0 | T16: 0 | U16: 0 | V16: =(N16+O16+P16+Q16+R16+S16+T16+U16)/8 -> 0 | X16: 0 | AA16: 0 | AE16: =(W16+X16+Y16+Z16+AA16+AB16+AC16+AD16)/8 -> 0 | AF16: ='KEMAMPUAN PRAKTIKUM'!H16 -> 0 | AG16: ='KEMAMPUAN PRAKTIKUM'!M16 -> 30 | AH16: ='KEMAMPUAN PRAKTIKUM'!R16 -> 0 | AI16: ='KEMAMPUAN PRAKTIKUM'!W16 -> 0 | AJ16: ='KEMAMPUAN PRAKTIKUM'!AB16 -> 30 | AK16: ='KEMAMPUAN PRAKTIKUM'!AG16 -> 63 | AL16: ='KEMAMPUAN PRAKTIKUM'!AL16 -> 0 | AM16: ='KEMAMPUAN PRAKTIKUM'!AQ16 -> 0 | AN16: =AVERAGE(AF16:AM16) -> 15.375
A17: ='INPUT DAFTAR PESERTA'!A15 -> 12 | B17: ='INPUT DAFTAR PESERTA'!B15 -> 2409056068 | C17: ='INPUT DAFTAR PESERTA'!C15 -> Christianus Gonzaga | E17: 0 | H17: 100 | I17: 100 | L17: =(D17+E17+F17+G17+H17+I17+J17+K17)/8 -> 25 | M17: ='PENULISAN LAPORAN'!N16 -> 0 | N17: 0 | O17: 0 | P17: 0 | Q17: 0 | R17: 0 | S17: 0 | T17: 0 | U17: 0 | V17: =(N17+O17+P17+Q17+R17+S17+T17+U17)/8 -> 0 | X17: 0 | AA17: 0 | AE17: =(W17+X17+Y17+Z17+AA17+AB17+AC17+AD17)/8 -> 0 | AF17: ='KEMAMPUAN PRAKTIKUM'!H17 -> 0 | AG17: ='KEMAMPUAN PRAKTIKUM'!M17 -> 30 | AH17: ='KEMAMPUAN PRAKTIKUM'!R17 -> 0 | AI17: ='KEMAMPUAN PRAKTIKUM'!W17 -> 0 | AJ17: ='KEMAMPUAN PRAKTIKUM'!AB17 -> 30 | AK17: ='KEMAMPUAN PRAKTIKUM'!AG17 -> 63 | AL17: ='KEMAMPUAN PRAKTIKUM'!AL17 -> 0 | AM17: ='KEMAMPUAN PRAKTIKUM'!AQ17 -> 0 | AN17: =AVERAGE(AF17:AM17) -> 15.375
A18: ='INPUT DAFTAR PESERTA'!A16 -> 13 | B18: ='INPUT DAFTAR PESERTA'!B16 -> 2509056001 | C18: ='INPUT DAFTAR PESERTA'!C16 -> Mutiara Suci Rahmadani | D18: 100 | E18: 100 | F18: 100 | G18: 100 | H18: 100 | I18: 100 | J18: 100 | K18: 100 | L18: =(D18+E18+F18+G18+H18+I18+J18+K18)/8 -> 100 | M18: ='PENULISAN LAPORAN'!N17 -> 76.5625 | N18: 92 | O18: 92 | P18: 92 | Q18: 92 | R18: 92 | S18: 92 | T18: 92 | U18: 92 | V18: =(N18+O18+P18+Q18+R18+S18+T18+U18)/8 -> 92 | W18: 70 | X18: 70 | Y18: 80 | Z18: 70 | AA18: 80 | AB18: 80 | AC18: 80 | AD18: 80 | AE18: =(W18+X18+Y18+Z18+AA18+AB18+AC18+AD18)/8 -> 76.25 | AF18: ='KEMAMPUAN PRAKTIKUM'!H18 -> 75 | AG18: ='KEMAMPUAN PRAKTIKUM'!M18 -> 60 | AH18: ='KEMAMPUAN PRAKTIKUM'!R18 -> 90 | AI18: ='KEMAMPUAN PRAKTIKUM'!W18 -> 90 | AJ18: ='KEMAMPUAN PRAKTIKUM'!AB18 -> 57 | AK18: ='KEMAMPUAN PRAKTIKUM'!AG18 -> 75 | AL18: ='KEMAMPUAN PRAKTIKUM'!AL18 -> 87 | AM18: ='KEMAMPUAN PRAKTIKUM'!AQ18 -> 90 | AN18: =AVERAGE(AF18:AM18) -> 78
A19: ='INPUT DAFTAR PESERTA'!A17 -> 14 | B19: ='INPUT DAFTAR PESERTA'!B17 -> 2509056002 | C19: ='INPUT DAFTAR PESERTA'!C17 -> Adhwa Ghinna Febrianty | D19: 100 | E19: 100 | F19: 100 | G19: 100 | H19: 100 | I19: 100 | J19: 100 | K19: 100 | L19: =(D19+E19+F19+G19+H19+I19+J19+K19)/8 -> 100 | M19: ='PENULISAN LAPORAN'!N18 -> 69.5 | N19: 84 | O19: 84 | P19: 84 | Q19: 84 | R19: 84 | S19: 84 | T19: 84 | U19: 84 | V19: =(N19+O19+P19+Q19+R19+S19+T19+U19)/8 -> 84 | W19: 60 | X19: 60 | Y19: 80 | Z19: 70 | AA19: 80 | AB19: 80 | AC19: 60 | AD19: 80 | AE19: =(W19+X19+Y19+Z19+AA19+AB19+AC19+AD19)/8 -> 71.25 | AF19: ='KEMAMPUAN PRAKTIKUM'!H19 -> 75 | AG19: ='KEMAMPUAN PRAKTIKUM'!M19 -> 60 | AH19: ='KEMAMPUAN PRAKTIKUM'!R19 -> 90 | AI19: ='KEMAMPUAN PRAKTIKUM'!W19 -> 75 | AJ19: ='KEMAMPUAN PRAKTIKUM'!AB19 -> 57 | AK19: ='KEMAMPUAN PRAKTIKUM'!AG19 -> 75 | AL19: ='KEMAMPUAN PRAKTIKUM'!AL19 -> 57 | AM19: ='KEMAMPUAN PRAKTIKUM'!AQ19 -> 60 | AN19: =AVERAGE(AF19:AM19) -> 68.625
A20: ='INPUT DAFTAR PESERTA'!A18 -> 15 | B20: ='INPUT DAFTAR PESERTA'!B18 -> 2509056003 | C20: ='INPUT DAFTAR PESERTA'!C18 -> Muhammad Daffa Alifiansyah | D20: 100 | E20: 100 | F20: 100 | G20: 100 | H20: 100 | I20: 100 | J20: 100 | K20: 100 | L20: =(D20+E20+F20+G20+H20+I20+J20+K20)/8 -> 100 | M20: ='PENULISAN LAPORAN'!N19 -> 68.3125 | N20: 90 | O20: 90 | P20: 90 | Q20: 90 | R20: 90 | S20: 90 | T20: 90 | U20: 90 | V20: =(N20+O20+P20+Q20+R20+S20+T20+U20)/8 -> 90 | W20: 60 | X20: 70 | Y20: 80 | Z20: 70 | AA20: 80 | AB20: 60 | AC20: 80 | AD20: 80 | AE20: =(W20+X20+Y20+Z20+AA20+AB20+AC20+AD20)/8 -> 72.5 | AF20: ='KEMAMPUAN PRAKTIKUM'!H20 -> 75 | AG20: ='KEMAMPUAN PRAKTIKUM'!M20 -> 90 | AH20: ='KEMAMPUAN PRAKTIKUM'!R20 -> 90 | AI20: ='KEMAMPUAN PRAKTIKUM'!W20 -> 90 | AJ20: ='KEMAMPUAN PRAKTIKUM'!AB20 -> 30 | AK20: ='KEMAMPUAN PRAKTIKUM'!AG20 -> 75 | AL20: ='KEMAMPUAN PRAKTIKUM'!AL20 -> 87 | AM20: ='KEMAMPUAN PRAKTIKUM'!AQ20 -> 60 | AN20: =AVERAGE(AF20:AM20) -> 74.625
A21: ='INPUT DAFTAR PESERTA'!A19 -> 16 | B21: ='INPUT DAFTAR PESERTA'!B19 -> 2509056004 | C21: ='INPUT DAFTAR PESERTA'!C19 -> Adya Nur Adzhuriva | E21: 0 | H21: 100 | I21: 100 | J21: 100 | L21: =(D21+E21+F21+G21+H21+I21+J21+K21)/8 -> 37.5 | M21: ='PENULISAN LAPORAN'!N20 -> 0.3125 | N21: 86 | O21: 86 | P21: 86 | Q21: 86 | R21: 86 | S21: 86 | T21: 86 | U21: 86 | V21: =(N21+O21+P21+Q21+R21+S21+T21+U21)/8 -> 86 | X21: 0 | AA21: 0 | AE21: =(W21+X21+Y21+Z21+AA21+AB21+AC21+AD21)/8 -> 0 | AF21: ='KEMAMPUAN PRAKTIKUM'!H21 -> 0 | AG21: ='KEMAMPUAN PRAKTIKUM'!M21 -> 0 | AH21: ='KEMAMPUAN PRAKTIKUM'!R21 -> 0 | AI21: ='KEMAMPUAN PRAKTIKUM'!W21 -> 0 | AJ21: ='KEMAMPUAN PRAKTIKUM'!AB21 -> 30 | AK21: ='KEMAMPUAN PRAKTIKUM'!AG21 -> 75 | AL21: ='KEMAMPUAN PRAKTIKUM'!AL21 -> 0 | AM21: ='KEMAMPUAN PRAKTIKUM'!AQ21 -> 0 | AN21: =AVERAGE(AF21:AM21) -> 13.125
A22: ='INPUT DAFTAR PESERTA'!A20 -> 17 | B22: ='INPUT DAFTAR PESERTA'!B20 -> 2509056005 | C22: ='INPUT DAFTAR PESERTA'!C20 -> Cheva Fasha Prathama | E22: 0 | H22: 0 | I22: 0 | L22: =(D22+E22+F22+G22+H22+I22+J22+K22)/8 -> 0 | M22: ='PENULISAN LAPORAN'!N21 -> 0 | N22: 0 | O22: 0 | P22: 0 | Q22: 0 | R22: 0 | S22: 0 | T22: 0 | U22: 0 | V22: =(N22+O22+P22+Q22+R22+S22+T22+U22)/8 -> 0 | X22: 0 | AA22: 0 | AE22: =(W22+X22+Y22+Z22+AA22+AB22+AC22+AD22)/8 -> 0 | AF22: ='KEMAMPUAN PRAKTIKUM'!H22 -> 0 | AG22: ='KEMAMPUAN PRAKTIKUM'!M22 -> 0 | AH22: ='KEMAMPUAN PRAKTIKUM'!R22 -> 0 | AI22: ='KEMAMPUAN PRAKTIKUM'!W22 -> 0 | AJ22: ='KEMAMPUAN PRAKTIKUM'!AB22 -> 30 | AK22: ='KEMAMPUAN PRAKTIKUM'!AG22 -> 0 | AL22: ='KEMAMPUAN PRAKTIKUM'!AL22 -> 0 | AM22: ='KEMAMPUAN PRAKTIKUM'!AQ22 -> 0 | AN22: =AVERAGE(AF22:AM22) -> 3.75
A23: ='INPUT DAFTAR PESERTA'!A21 -> 18 | B23: ='INPUT DAFTAR PESERTA'!B21 -> 2509056006 | C23: ='INPUT DAFTAR PESERTA'!C21 -> Muhammad Zaki Fadillah | E23: 0 | H23: 0 | I23: 0 | L23: =(D23+E23+F23+G23+H23+I23+J23+K23)/8 -> 0 | M23: ='PENULISAN LAPORAN'!N22 -> 0 | N23: 70 | O23: 70 | P23: 70 | Q23: 70 | R23: 70 | S23: 70 | T23: 70 | U23: 70 | V23: =(N23+O23+P23+Q23+R23+S23+T23+U23)/8 -> 70 | X23: 0 | AA23: 0 | AE23: =(W23+X23+Y23+Z23+AA23+AB23+AC23+AD23)/8 -> 0 | AF23: ='KEMAMPUAN PRAKTIKUM'!H23 -> 0 | AG23: ='KEMAMPUAN PRAKTIKUM'!M23 -> 0 | AH23: ='KEMAMPUAN PRAKTIKUM'!R23 -> 0 | AI23: ='KEMAMPUAN PRAKTIKUM'!W23 -> 0 | AJ23: ='KEMAMPUAN PRAKTIKUM'!AB23 -> 30 | AK23: ='KEMAMPUAN PRAKTIKUM'!AG23 -> 0 | AL23: ='KEMAMPUAN PRAKTIKUM'!AL23 -> 0 | AM23: ='KEMAMPUAN PRAKTIKUM'!AQ23 -> 0 | AN23: =AVERAGE(AF23:AM23) -> 3.75
A24: ='INPUT DAFTAR PESERTA'!A22 -> 19 | B24: ='INPUT DAFTAR PESERTA'!B22 -> 2509056007 | C24: ='INPUT DAFTAR PESERTA'!C22 -> Widdyanti Fetrina Sefriany | E24: 0 | H24: 0 | I24: 0 | L24: =(D24+E24+F24+G24+H24+I24+J24+K24)/8 -> 0 | M24: ='PENULISAN LAPORAN'!N23 -> 0 | N24: 88 | O24: 88 | P24: 88 | Q24: 88 | R24: 88 | S24: 88 | T24: 88 | U24: 88 | V24: =(N24+O24+P24+Q24+R24+S24+T24+U24)/8 -> 88 | X24: 0 | AA24: 0 | AE24: =(W24+X24+Y24+Z24+AA24+AB24+AC24+AD24)/8 -> 0 | AF24: ='KEMAMPUAN PRAKTIKUM'!H24 -> 0 | AG24: ='KEMAMPUAN PRAKTIKUM'!M24 -> 0 | AH24: ='KEMAMPUAN PRAKTIKUM'!R24 -> 0 | AI24: ='KEMAMPUAN PRAKTIKUM'!W24 -> 0 | AJ24: ='KEMAMPUAN PRAKTIKUM'!AB24 -> 30 | AK24: ='KEMAMPUAN PRAKTIKUM'!AG24 -> 0 | AL24: ='KEMAMPUAN PRAKTIKUM'!AL24 -> 0 | AM24: ='KEMAMPUAN PRAKTIKUM'!AQ24 -> 0 | AN24: =AVERAGE(AF24:AM24) -> 3.75
A25: ='INPUT DAFTAR PESERTA'!A23 -> 20 | B25: ='INPUT DAFTAR PESERTA'!B23 -> 2509056008 | C25: ='INPUT DAFTAR PESERTA'!C23 -> Gita Mufidatuzahrah | D25: 100 | E25: 0 | H25: 100 | I25: 100 | J25: 100 | L25: =(D25+E25+F25+G25+H25+I25+J25+K25)/8 -> 50 | M25: ='PENULISAN LAPORAN'!N24 -> 4.6875 | N25: 96 | O25: 96 | P25: 96 | Q25: 96 | R25: 96 | S25: 96 | T25: 96 | U25: 96 | V25: =(N25+O25+P25+Q25+R25+S25+T25+U25)/8 -> 96 | X25: 0 | AA25: 0 | AE25: =(W25+X25+Y25+Z25+AA25+AB25+AC25+AD25)/8 -> 0 | AF25: ='KEMAMPUAN PRAKTIKUM'!H25 -> 60 | AG25: ='KEMAMPUAN PRAKTIKUM'!M25 -> 0 | AH25: ='KEMAMPUAN PRAKTIKUM'!R25 -> 0 | AI25: ='KEMAMPUAN PRAKTIKUM'!W25 -> 0 | AJ25: ='KEMAMPUAN PRAKTIKUM'!AB25 -> 30 | AK25: ='KEMAMPUAN PRAKTIKUM'!AG25 -> 0 | AL25: ='KEMAMPUAN PRAKTIKUM'!AL25 -> 57 | AM25: ='KEMAMPUAN PRAKTIKUM'!AQ25 -> 0 | AN25: =AVERAGE(AF25:AM25) -> 18.375
A26: ='INPUT DAFTAR PESERTA'!A24 -> 21 | B26: ='INPUT DAFTAR PESERTA'!B24 -> 2509056009 | C26: ='INPUT DAFTAR PESERTA'!C24 -> Muhammad Hersal Ramadhan | D26: 100 | E26: 100 | F26: 100 | G26: 100 | H26: 100 | I26: 100 | J26: 100 | K26: 100 | L26: =(D26+E26+F26+G26+H26+I26+J26+K26)/8 -> 100 | M26: ='PENULISAN LAPORAN'!N25 -> 65.3125 | N26: 88 | O26: 88 | P26: 88 | Q26: 88 | R26: 88 | S26: 88 | T26: 88 | U26: 88 | V26: =(N26+O26+P26+Q26+R26+S26+T26+U26)/8 -> 88 | W26: 70 | X26: 70 | Y26: 70 | Z26: 70 | AA26: 70 | AB26: 60 | AC26: 70 | AD26: 80 | AE26: =(W26+X26+Y26+Z26+AA26+AB26+AC26+AD26)/8 -> 70 | AF26: ='KEMAMPUAN PRAKTIKUM'!H26 -> 66 | AG26: ='KEMAMPUAN PRAKTIKUM'!M26 -> 60 | AH26: ='KEMAMPUAN PRAKTIKUM'!R26 -> 90 | AI26: ='KEMAMPUAN PRAKTIKUM'!W26 -> 87 | AJ26: ='KEMAMPUAN PRAKTIKUM'!AB26 -> 75 | AK26: ='KEMAMPUAN PRAKTIKUM'!AG26 -> 69 | AL26: ='KEMAMPUAN PRAKTIKUM'!AL26 -> 57 | AM26: ='KEMAMPUAN PRAKTIKUM'!AQ26 -> 60 | AN26: =AVERAGE(AF26:AM26) -> 70.5
A27: ='INPUT DAFTAR PESERTA'!A25 -> 22 | B27: ='INPUT DAFTAR PESERTA'!B25 -> 2509056010 | C27: ='INPUT DAFTAR PESERTA'!C25 -> Chikal Fattiya Putri | E27: 0 | F27: 100 | H27: 100 | I27: 100 | J27: 100 | L27: =(D27+E27+F27+G27+H27+I27+J27+K27)/8 -> 50 | M27: ='PENULISAN LAPORAN'!N26 -> 6.3125 | N27: 0 | O27: 0 | P27: 0 | Q27: 0 | R27: 0 | S27: 0 | T27: 0 | U27: 0 | V27: =(N27+O27+P27+Q27+R27+S27+T27+U27)/8 -> 0 | X27: 0 | AA27: 0 | AB27: 80 | AE27: =(W27+X27+Y27+Z27+AA27+AB27+AC27+AD27)/8 -> 10 | AF27: ='KEMAMPUAN PRAKTIKUM'!H27 -> 0 | AG27: ='KEMAMPUAN PRAKTIKUM'!M27 -> 0 | AH27: ='KEMAMPUAN PRAKTIKUM'!R27 -> 0 | AI27: ='KEMAMPUAN PRAKTIKUM'!W27 -> 0 | AJ27: ='KEMAMPUAN PRAKTIKUM'!AB27 -> 60 | AK27: ='KEMAMPUAN PRAKTIKUM'!AG27 -> 69 | AL27: ='KEMAMPUAN PRAKTIKUM'!AL27 -> 57 | AM27: ='KEMAMPUAN PRAKTIKUM'!AQ27 -> 0 | AN27: =AVERAGE(AF27:AM27) -> 23.25
A28: ='INPUT DAFTAR PESERTA'!A26 -> 23 | B28: ='INPUT DAFTAR PESERTA'!B26 -> 2509056011 | C28: ='INPUT DAFTAR PESERTA'!C26 -> Muhammad Daffa Lailitama Sinaga | D28: 100 | E28: 100 | F28: 100 | G28: 100 | H28: 100 | I28: 100 | J28: 100 | K28: 100 | L28: =(D28+E28+F28+G28+H28+I28+J28+K28)/8 -> 100 | M28: ='PENULISAN LAPORAN'!N27 -> 79.75 | N28: 100 | O28: 100 | P28: 100 | Q28: 100 | R28: 100 | S28: 100 | T28: 100 | U28: 100 | V28: =(N28+O28+P28+Q28+R28+S28+T28+U28)/8 -> 100 | W28: 70 | X28: 70 | Y28: 70 | Z28: 70 | AA28: 80 | AB28: 80 | AC28: 80 | AD28: 80 | AE28: =(W28+X28+Y28+Z28+AA28+AB28+AC28+AD28)/8 -> 75 | AF28: ='KEMAMPUAN PRAKTIKUM'!H28 -> 75 | AG28: ='KEMAMPUAN PRAKTIKUM'!M28 -> 60 | AH28: ='KEMAMPUAN PRAKTIKUM'!R28 -> 87 | AI28: ='KEMAMPUAN PRAKTIKUM'!W28 -> 87 | AJ28: ='KEMAMPUAN PRAKTIKUM'!AB28 -> 90 | AK28: ='KEMAMPUAN PRAKTIKUM'!AG28 -> 69 | AL28: ='KEMAMPUAN PRAKTIKUM'!AL28 -> 87 | AM28: ='KEMAMPUAN PRAKTIKUM'!AQ28 -> 60 | AN28: =AVERAGE(AF28:AM28) -> 76.875
A29: ='INPUT DAFTAR PESERTA'!A27 -> 24 | B29: ='INPUT DAFTAR PESERTA'!B27 -> 2509056012 | C29: ='INPUT DAFTAR PESERTA'!C27 -> Sera Ayu Ningsih | E29: 100 | F29: 100 | G29: 100 | H29: 100 | I29: 100 | J29: 100 | K29: 100 | L29: =(D29+E29+F29+G29+H29+I29+J29+K29)/8 -> 87.5 | M29: ='PENULISAN LAPORAN'!N28 -> 41.375 | N29: 88 | O29: 88 | P29: 88 | Q29: 88 | R29: 88 | S29: 88 | T29: 88 | U29: 88 | V29: =(N29+O29+P29+Q29+R29+S29+T29+U29)/8 -> 88 | W29: 0 | X29: 30 | Y29: 30 | Z29: 30 | AA29: 30 | AB29: 30 | AC29: 30 | AD29: 80 | AE29: =(W29+X29+Y29+Z29+AA29+AB29+AC29+AD29)/8 -> 32.5 | AF29: ='KEMAMPUAN PRAKTIKUM'!H29 -> 60 | AG29: ='KEMAMPUAN PRAKTIKUM'!M29 -> 60 | AH29: ='KEMAMPUAN PRAKTIKUM'!R29 -> 57 | AI29: ='KEMAMPUAN PRAKTIKUM'!W29 -> 87 | AJ29: ='KEMAMPUAN PRAKTIKUM'!AB29 -> 60 | AK29: ='KEMAMPUAN PRAKTIKUM'!AG29 -> 69 | AL29: ='KEMAMPUAN PRAKTIKUM'!AL29 -> 72 | AM29: ='KEMAMPUAN PRAKTIKUM'!AQ29 -> 60 | AN29: =AVERAGE(AF29:AM29) -> 65.625
A30: ='INPUT DAFTAR PESERTA'!A28 -> 25 | B30: ='INPUT DAFTAR PESERTA'!B28 -> 2509056013 | C30: ='INPUT DAFTAR PESERTA'!C28 -> Naufal Firdaus Syauqi | D30: 100 | E30: 100 | F30: 100 | G30: 100 | H30: 100 | I30: 100 | J30: 100 | K30: 100 | L30: =(D30+E30+F30+G30+H30+I30+J30+K30)/8 -> 100 | M30: ='PENULISAN LAPORAN'!N29 -> 68.0625 | N30: 90 | O30: 90 | P30: 90 | Q30: 90 | R30: 90 | S30: 90 | T30: 90 | U30: 90 | V30: =(N30+O30+P30+Q30+R30+S30+T30+U30)/8 -> 90 | W30: 70 | X30: 60 | Y30: 80 | Z30: 70 | AA30: 70 | AB30: 80 | AC30: 80 | AD30: 80 | AE30: =(W30+X30+Y30+Z30+AA30+AB30+AC30+AD30)/8 -> 73.75 | AF30: ='KEMAMPUAN PRAKTIKUM'!H30 -> 75 | AG30: ='KEMAMPUAN PRAKTIKUM'!M30 -> 0 | AH30: ='KEMAMPUAN PRAKTIKUM'!R30 -> 57 | AI30: ='KEMAMPUAN PRAKTIKUM'!W30 -> 72 | AJ30: ='KEMAMPUAN PRAKTIKUM'!AB30 -> 60 | AK30: ='KEMAMPUAN PRAKTIKUM'!AG30 -> 63 | AL30: ='KEMAMPUAN PRAKTIKUM'!AL30 -> 72 | AM30: ='KEMAMPUAN PRAKTIKUM'!AQ30 -> 75 | AN30: =AVERAGE(AF30:AM30) -> 59.25
A31: ='INPUT DAFTAR PESERTA'!A29 -> 26 | B31: ='INPUT DAFTAR PESERTA'!B29 -> 2509056014 | C31: ='INPUT DAFTAR PESERTA'!C29 -> Alexander Radja Roben Saragih | D31: 100 | E31: 100 | F31: 100 | G31: 100 | H31: 100 | I31: 100 | J31: 100 | K31: 100 | L31: =(D31+E31+F31+G31+H31+I31+J31+K31)/8 -> 100 | M31: ='PENULISAN LAPORAN'!N30 -> 89.625 | N31: 84 | O31: 84 | P31: 84 | Q31: 84 | R31: 84 | S31: 84 | T31: 84 | U31: 84 | V31: =(N31+O31+P31+Q31+R31+S31+T31+U31)/8 -> 84 | W31: 80 | X31: 60 | Y31: 80 | Z31: 70 | AA31: 80 | AB31: 80 | AD31: 80 | AE31: =(W31+X31+Y31+Z31+AA31+AB31+AC31+AD31)/8 -> 66.25 | AF31: ='KEMAMPUAN PRAKTIKUM'!H31 -> 90 | AG31: ='KEMAMPUAN PRAKTIKUM'!M31 -> 60 | AH31: ='KEMAMPUAN PRAKTIKUM'!R31 -> 87 | AI31: ='KEMAMPUAN PRAKTIKUM'!W31 -> 87 | AJ31: ='KEMAMPUAN PRAKTIKUM'!AB31 -> 90 | AK31: ='KEMAMPUAN PRAKTIKUM'!AG31 -> 63 | AL31: ='KEMAMPUAN PRAKTIKUM'!AL31 -> 87 | AM31: ='KEMAMPUAN PRAKTIKUM'!AQ31 -> 90 | AN31: =AVERAGE(AF31:AM31) -> 81.75
A32: ='INPUT DAFTAR PESERTA'!A30 -> 27 | B32: ='INPUT DAFTAR PESERTA'!B30 -> 2509056015 | C32: ='INPUT DAFTAR PESERTA'!C30 -> Tiara Aqila Azzahra | D32: 100 | E32: 100 | F32: 100 | G32: 100 | H32: 100 | I32: 100 | J32: 100 | L32: =(D32+E32+F32+G32+H32+I32+J32+K32)/8 -> 87.5 | M32: ='PENULISAN LAPORAN'!N31 -> 78.25 | N32: 78 | O32: 78 | P32: 78 | Q32: 78 | R32: 78 | S32: 78 | T32: 78 | U32: 78 | V32: =(N32+O32+P32+Q32+R32+S32+T32+U32)/8 -> 78 | W32: 70 | X32: 60 | Y32: 70 | Z32: 70 | AA32: 70 | AB32: 80 | AC32: 80 | AE32: =(W32+X32+Y32+Z32+AA32+AB32+AC32+AD32)/8 -> 62.5 | AF32: ='KEMAMPUAN PRAKTIKUM'!H32 -> 60 | AG32: ='KEMAMPUAN PRAKTIKUM'!M32 -> 75 | AH32: ='KEMAMPUAN PRAKTIKUM'!R32 -> 72 | AI32: ='KEMAMPUAN PRAKTIKUM'!W32 -> 87 | AJ32: ='KEMAMPUAN PRAKTIKUM'!AB32 -> 90 | AK32: ='KEMAMPUAN PRAKTIKUM'!AG32 -> 63 | AL32: ='KEMAMPUAN PRAKTIKUM'!AL32 -> 87 | AM32: ='KEMAMPUAN PRAKTIKUM'!AQ32 -> 75 | AN32: =AVERAGE(AF32:AM32) -> 76.125
A33: ='INPUT DAFTAR PESERTA'!A31 -> 28 | B33: ='INPUT DAFTAR PESERTA'!B31 -> 2509056016 | C33: ='INPUT DAFTAR PESERTA'!C31 -> Muhammad Haikal Islamy Saputra | D33: 100 | E33: 100 | F33: 100 | G33: 100 | H33: 100 | I33: 100 | J33: 100 | K33: 100 | L33: =(D33+E33+F33+G33+H33+I33+J33+K33)/8 -> 100 | M33: ='PENULISAN LAPORAN'!N32 -> 63.4375 | N33: 90 | O33: 90 | P33: 90 | Q33: 90 | R33: 90 | S33: 90 | T33: 90 | U33: 90 | V33: =(N33+O33+P33+Q33+R33+S33+T33+U33)/8 -> 90 | W33: 70 | X33: 60 | Y33: 80 | Z33: 70 | AA33: 70 | AB33: 80 | AC33: 60 | AD33: 80 | AE33: =(W33+X33+Y33+Z33+AA33+AB33+AC33+AD33)/8 -> 71.25 | AF33: ='KEMAMPUAN PRAKTIKUM'!H33 -> 51 | AG33: ='KEMAMPUAN PRAKTIKUM'!M33 -> 60 | AH33: ='KEMAMPUAN PRAKTIKUM'!R33 -> 60 | AI33: ='KEMAMPUAN PRAKTIKUM'!W33 -> 72 | AJ33: ='KEMAMPUAN PRAKTIKUM'!AB33 -> 78 | AK33: ='KEMAMPUAN PRAKTIKUM'!AG33 -> 63 | AL33: ='KEMAMPUAN PRAKTIKUM'!AL33 -> 87 | AM33: ='KEMAMPUAN PRAKTIKUM'!AQ33 -> 75 | AN33: =AVERAGE(AF33:AM33) -> 68.25
A34: ='INPUT DAFTAR PESERTA'!A32 -> 29 | B34: ='INPUT DAFTAR PESERTA'!B32 -> 2509056017 | C34: ='INPUT DAFTAR PESERTA'!C32 -> Faatihur Rizki | D34: 100 | E34: 100 | F34: 100 | G34: 100 | H34: 100 | I34: 100 | J34: 100 | K34: 100 | L34: =(D34+E34+F34+G34+H34+I34+J34+K34)/8 -> 100 | M34: ='PENULISAN LAPORAN'!N33 -> 66.375 | N34: 92 | O34: 92 | P34: 92 | Q34: 92 | R34: 92 | S34: 92 | T34: 92 | U34: 92 | V34: =(N34+O34+P34+Q34+R34+S34+T34+U34)/8 -> 92 | W34: 70 | X34: 70 | Y34: 80 | Z34: 70 | AA34: 80 | AB34: 80 | AC34: 80 | AD34: 80 | AE34: =(W34+X34+Y34+Z34+AA34+AB34+AC34+AD34)/8 -> 76.25 | AF34: ='KEMAMPUAN PRAKTIKUM'!H34 -> 51 | AG34: ='KEMAMPUAN PRAKTIKUM'!M34 -> 60 | AH34: ='KEMAMPUAN PRAKTIKUM'!R34 -> 60 | AI34: ='KEMAMPUAN PRAKTIKUM'!W34 -> 57 | AJ34: ='KEMAMPUAN PRAKTIKUM'!AB34 -> 60 | AK34: ='KEMAMPUAN PRAKTIKUM'!AG34 -> 63 | AL34: ='KEMAMPUAN PRAKTIKUM'!AL34 -> 72 | AM34: ='KEMAMPUAN PRAKTIKUM'!AQ34 -> 75 | AN34: =AVERAGE(AF34:AM34) -> 62.25
A35: ='INPUT DAFTAR PESERTA'!A33 -> 30 | B35: ='INPUT DAFTAR PESERTA'!B33 -> 2509056018 | C35: ='INPUT DAFTAR PESERTA'!C33 -> Rashya Annara Salsabilla Tomasoa | D35: 100 | E35: 100 | F35: 100 | G35: 100 | H35: 100 | I35: 100 | J35: 100 | K35: 100 | L35: =(D35+E35+F35+G35+H35+I35+J35+K35)/8 -> 100 | M35: ='PENULISAN LAPORAN'!N34 -> 81.625 | N35: 92 | O35: 92 | P35: 92 | Q35: 92 | R35: 92 | S35: 92 | T35: 92 | U35: 92 | V35: =(N35+O35+P35+Q35+R35+S35+T35+U35)/8 -> 92 | W35: 70 | X35: 60 | Y35: 80 | Z35: 70 | AA35: 70 | AB35: 80 | AC35: 80 | AD35: 80 | AE35: =(W35+X35+Y35+Z35+AA35+AB35+AC35+AD35)/8 -> 73.75 | AF35: ='KEMAMPUAN PRAKTIKUM'!H35 -> 66 | AG35: ='KEMAMPUAN PRAKTIKUM'!M35 -> 90 | AH35: ='KEMAMPUAN PRAKTIKUM'!R35 -> 90 | AI35: ='KEMAMPUAN PRAKTIKUM'!W35 -> 87 | AJ35: ='KEMAMPUAN PRAKTIKUM'!AB35 -> 75 | AK35: ='KEMAMPUAN PRAKTIKUM'!AG35 -> 63 | AL35: ='KEMAMPUAN PRAKTIKUM'!AL35 -> 87 | AM35: ='KEMAMPUAN PRAKTIKUM'!AQ35 -> 60 | AN35: =AVERAGE(AF35:AM35) -> 77.25
A36: ='INPUT DAFTAR PESERTA'!A34 -> 31 | B36: ='INPUT DAFTAR PESERTA'!B34 -> 2509056019 | C36: ='INPUT DAFTAR PESERTA'!C34 -> Desta Novie Sulfianie | D36: 100 | E36: 100 | H36: 100 | I36: 100 | J36: 100 | L36: =(D36+E36+F36+G36+H36+I36+J36+K36)/8 -> 62.5 | M36: ='PENULISAN LAPORAN'!N35 -> 7.0625 | N36: 92 | O36: 92 | P36: 92 | Q36: 92 | R36: 92 | S36: 92 | T36: 92 | U36: 92 | V36: =(N36+O36+P36+Q36+R36+S36+T36+U36)/8 -> 92 | X36: 60 | AA36: 0 | AE36: =(W36+X36+Y36+Z36+AA36+AB36+AC36+AD36)/8 -> 7.5 | AF36: ='KEMAMPUAN PRAKTIKUM'!H36 -> 0 | AG36: ='KEMAMPUAN PRAKTIKUM'!M36 -> 60 | AH36: ='KEMAMPUAN PRAKTIKUM'!R36 -> 0 | AI36: ='KEMAMPUAN PRAKTIKUM'!W36 -> 0 | AJ36: ='KEMAMPUAN PRAKTIKUM'!AB36 -> 60 | AK36: ='KEMAMPUAN PRAKTIKUM'!AG36 -> 60 | AL36: ='KEMAMPUAN PRAKTIKUM'!AL36 -> 0 | AM36: ='KEMAMPUAN PRAKTIKUM'!AQ36 -> 0 | AN36: =AVERAGE(AF36:AM36) -> 22.5
A37: ='INPUT DAFTAR PESERTA'!A35 -> 32 | B37: ='INPUT DAFTAR PESERTA'!B35 -> 2509056020 | C37: ='INPUT DAFTAR PESERTA'!C35 -> Chandra Ahmad Dwinata | E37: 100 | F37: 100 | G37: 100 | H37: 100 | I37: 100 | J37: 100 | K37: 100 | L37: =(D37+E37+F37+G37+H37+I37+J37+K37)/8 -> 87.5 | M37: ='PENULISAN LAPORAN'!N36 -> 27.1875 | N37: 94 | O37: 94 | P37: 94 | Q37: 94 | R37: 94 | S37: 94 | T37: 94 | U37: 94 | V37: =(N37+O37+P37+Q37+R37+S37+T37+U37)/8 -> 94 | X37: 30 | Z37: 30 | AA37: 30 | AB37: 60 | AC37: 30 | AD37: 80 | AE37: =(W37+X37+Y37+Z37+AA37+AB37+AC37+AD37)/8 -> 32.5 | AF37: ='KEMAMPUAN PRAKTIKUM'!H37 -> 60 | AG37: ='KEMAMPUAN PRAKTIKUM'!M37 -> 0 | AH37: ='KEMAMPUAN PRAKTIKUM'!R37 -> 60 | AI37: ='KEMAMPUAN PRAKTIKUM'!W37 -> 60 | AJ37: ='KEMAMPUAN PRAKTIKUM'!AB37 -> 81 | AK37: ='KEMAMPUAN PRAKTIKUM'!AG37 -> 60 | AL37: ='KEMAMPUAN PRAKTIKUM'!AL37 -> 60 | AM37: ='KEMAMPUAN PRAKTIKUM'!AQ37 -> 60 | AN37: =AVERAGE(AF37:AM37) -> 55.125
A38: ='INPUT DAFTAR PESERTA'!A36 -> 33 | B38: ='INPUT DAFTAR PESERTA'!B36 -> 2509056021 | C38: ='INPUT DAFTAR PESERTA'!C36 -> Sopando Imanuel Sipayung | D38: 100 | E38: 100 | F38: 100 | G38: 100 | H38: 100 | I38: 100 | J38: 100 | K38: 100 | L38: =(D38+E38+F38+G38+H38+I38+J38+K38)/8 -> 100 | M38: ='PENULISAN LAPORAN'!N37 -> 78.0625 | N38: 86 | O38: 86 | P38: 86 | Q38: 86 | R38: 86 | S38: 86 | T38: 86 | U38: 86 | V38: =(N38+O38+P38+Q38+R38+S38+T38+U38)/8 -> 86 | W38: 80 | X38: 80 | Y38: 80 | Z38: 70 | AA38: 70 | AB38: 80 | AC38: 70 | AD38: 80 | AE38: =(W38+X38+Y38+Z38+AA38+AB38+AC38+AD38)/8 -> 76.25 | AF38: ='KEMAMPUAN PRAKTIKUM'!H38 -> 72 | AG38: ='KEMAMPUAN PRAKTIKUM'!M38 -> 90 | AH38: ='KEMAMPUAN PRAKTIKUM'!R38 -> 75 | AI38: ='KEMAMPUAN PRAKTIKUM'!W38 -> 60 | AJ38: ='KEMAMPUAN PRAKTIKUM'!AB38 -> 84 | AK38: ='KEMAMPUAN PRAKTIKUM'!AG38 -> 60 | AL38: ='KEMAMPUAN PRAKTIKUM'!AL38 -> 87 | AM38: ='KEMAMPUAN PRAKTIKUM'!AQ38 -> 60 | AN38: =AVERAGE(AF38:AM38) -> 73.5
A39: ='INPUT DAFTAR PESERTA'!A37 -> 34 | B39: ='INPUT DAFTAR PESERTA'!B37 -> 2509056022 | C39: ='INPUT DAFTAR PESERTA'!C37 -> Rayhan Winata Prabowo | D39: 100 | E39: 100 | F39: 100 | G39: 100 | H39: 100 | I39: 100 | J39: 100 | K39: 100 | L39: =(D39+E39+F39+G39+H39+I39+J39+K39)/8 -> 100 | M39: ='PENULISAN LAPORAN'!N38 -> 65.9375 | N39: 94 | O39: 94 | P39: 94 | Q39: 94 | R39: 94 | S39: 94 | T39: 94 | U39: 94 | V39: =(N39+O39+P39+Q39+R39+S39+T39+U39)/8 -> 94 | W39: 80 | X39: 70 | Y39: 80 | Z39: 70 | AA39: 80 | AB39: 80 | AC39: 80 | AD39: 80 | AE39: =(W39+X39+Y39+Z39+AA39+AB39+AC39+AD39)/8 -> 77.5 | AF39: ='KEMAMPUAN PRAKTIKUM'!H39 -> 60 | AG39: ='KEMAMPUAN PRAKTIKUM'!M39 -> 60 | AH39: ='KEMAMPUAN PRAKTIKUM'!R39 -> 75 | AI39: ='KEMAMPUAN PRAKTIKUM'!W39 -> 90 | AJ39: ='KEMAMPUAN PRAKTIKUM'!AB39 -> 57 | AK39: ='KEMAMPUAN PRAKTIKUM'!AG39 -> 60 | AL39: ='KEMAMPUAN PRAKTIKUM'!AL39 -> 57 | AM39: ='KEMAMPUAN PRAKTIKUM'!AQ39 -> 75 | AN39: =AVERAGE(AF39:AM39) -> 66.75
A40: ='INPUT DAFTAR PESERTA'!A38 -> 35 | B40: ='INPUT DAFTAR PESERTA'!B38 -> 2509056023 | C40: ='INPUT DAFTAR PESERTA'!C38 -> Ahmad Din Nejad | D40: 100 | E40: 100 | H40: 100 | I40: 0 | L40: =(D40+E40+F40+G40+H40+I40+J40+K40)/8 -> 37.5 | M40: ='PENULISAN LAPORAN'!N39 -> 0 | N40: 96 | O40: 96 | P40: 96 | Q40: 96 | R40: 96 | S40: 96 | T40: 96 | U40: 96 | V40: =(N40+O40+P40+Q40+R40+S40+T40+U40)/8 -> 96 | X40: 0 | AA40: 0 | AE40: =(W40+X40+Y40+Z40+AA40+AB40+AC40+AD40)/8 -> 0 | AF40: ='KEMAMPUAN PRAKTIKUM'!H40 -> 90 | AG40: ='KEMAMPUAN PRAKTIKUM'!M40 -> 60 | AH40: ='KEMAMPUAN PRAKTIKUM'!R40 -> 0 | AI40: ='KEMAMPUAN PRAKTIKUM'!W40 -> 0 | AJ40: ='KEMAMPUAN PRAKTIKUM'!AB40 -> 30 | AK40: ='KEMAMPUAN PRAKTIKUM'!AG40 -> 60 | AL40: ='KEMAMPUAN PRAKTIKUM'!AL40 -> 0 | AM40: ='KEMAMPUAN PRAKTIKUM'!AQ40 -> 0 | AN40: =AVERAGE(AF40:AM40) -> 30
A41: ='INPUT DAFTAR PESERTA'!A39 -> 36 | B41: ='INPUT DAFTAR PESERTA'!B39 -> 2509056024 | C41: ='INPUT DAFTAR PESERTA'!C39 -> Nabil Candra Hartanto | D41: 100 | E41: 100 | F41: 100 | G41: 100 | H41: 100 | I41: 100 | J41: 100 | K41: 100 | L41: =(D41+E41+F41+G41+H41+I41+J41+K41)/8 -> 100 | M41: ='PENULISAN LAPORAN'!N40 -> 56.625 | N41: 84 | O41: 84 | P41: 84 | Q41: 84 | R41: 84 | S41: 84 | T41: 84 | U41: 84 | V41: =(N41+O41+P41+Q41+R41+S41+T41+U41)/8 -> 84 | W41: 70 | X41: 70 | Y41: 80 | Z41: 70 | AA41: 80 | AB41: 80 | AC41: 80 | AD41: 80 | AE41: =(W41+X41+Y41+Z41+AA41+AB41+AC41+AD41)/8 -> 76.25 | AF41: ='KEMAMPUAN PRAKTIKUM'!H41 -> 90 | AG41: ='KEMAMPUAN PRAKTIKUM'!M41 -> 30 | AH41: ='KEMAMPUAN PRAKTIKUM'!R41 -> 90 | AI41: ='KEMAMPUAN PRAKTIKUM'!W41 -> 60 | AJ41: ='KEMAMPUAN PRAKTIKUM'!AB41 -> 42 | AK41: ='KEMAMPUAN PRAKTIKUM'!AG41 -> 60 | AL41: ='KEMAMPUAN PRAKTIKUM'!AL41 -> 57 | AM41: ='KEMAMPUAN PRAKTIKUM'!AQ41 -> 75 | AN41: =AVERAGE(AF41:AM41) -> 63
A42: ='INPUT DAFTAR PESERTA'!A40 -> 37 | B42: ='INPUT DAFTAR PESERTA'!B40 -> 2509056025 | C42: ='INPUT DAFTAR PESERTA'!C40 -> Muhammad Rifqi Ibnu Malik | D42: 100 | E42: 0 | H42: 100 | I42: 100 | J42: 100 | L42: =(D42+E42+F42+G42+H42+I42+J42+K42)/8 -> 50 | M42: ='PENULISAN LAPORAN'!N41 -> 8.6875 | N42: 90 | O42: 90 | P42: 90 | Q42: 90 | R42: 90 | S42: 90 | T42: 90 | U42: 90 | V42: =(N42+O42+P42+Q42+R42+S42+T42+U42)/8 -> 90 | X42: 0 | AA42: 0 | AE42: =(W42+X42+Y42+Z42+AA42+AB42+AC42+AD42)/8 -> 0 | AF42: ='KEMAMPUAN PRAKTIKUM'!H42 -> 60 | AG42: ='KEMAMPUAN PRAKTIKUM'!M42 -> 0 | AH42: ='KEMAMPUAN PRAKTIKUM'!R42 -> 0 | AI42: ='KEMAMPUAN PRAKTIKUM'!W42 -> 0 | AJ42: ='KEMAMPUAN PRAKTIKUM'!AB42 -> 57 | AK42: ='KEMAMPUAN PRAKTIKUM'!AG42 -> 60 | AL42: ='KEMAMPUAN PRAKTIKUM'!AL42 -> 57 | AM42: ='KEMAMPUAN PRAKTIKUM'!AQ42 -> 0 | AN42: =AVERAGE(AF42:AM42) -> 29.25
A43: ='INPUT DAFTAR PESERTA'!A41 -> 38 | B43: ='INPUT DAFTAR PESERTA'!B41 -> 2509056026 | C43: ='INPUT DAFTAR PESERTA'!C41 -> Aditya Alfiansyah | D43: 100 | E43: 0 | H43: 0 | I43: 0 | L43: =(D43+E43+F43+G43+H43+I43+J43+K43)/8 -> 12.5 | M43: ='PENULISAN LAPORAN'!N42 -> 0 | N43: 88 | O43: 88 | P43: 88 | Q43: 88 | R43: 88 | S43: 88 | T43: 88 | U43: 88 | V43: =(N43+O43+P43+Q43+R43+S43+T43+U43)/8 -> 88 | X43: 0 | AA43: 0 | AE43: =(W43+X43+Y43+Z43+AA43+AB43+AC43+AD43)/8 -> 0 | AF43: ='KEMAMPUAN PRAKTIKUM'!H43 -> 90 | AG43: ='KEMAMPUAN PRAKTIKUM'!M43 -> 0 | AH43: ='KEMAMPUAN PRAKTIKUM'!R43 -> 0 | AI43: ='KEMAMPUAN PRAKTIKUM'!W43 -> 0 | AJ43: ='KEMAMPUAN PRAKTIKUM'!AB43 -> 30 | AK43: ='KEMAMPUAN PRAKTIKUM'!AG43 -> 0 | AL43: ='KEMAMPUAN PRAKTIKUM'!AL43 -> 0 | AM43: ='KEMAMPUAN PRAKTIKUM'!AQ43 -> 0 | AN43: =AVERAGE(AF43:AM43) -> 15
A44: ='INPUT DAFTAR PESERTA'!A42 -> 39 | B44: ='INPUT DAFTAR PESERTA'!B42 -> 2509056027 | C44: ='INPUT DAFTAR PESERTA'!C42 -> Muhammad Syauqi Nail | D44: 100 | E44: 100 | F44: 100 | H44: 100 | I44: 100 | J44: 100 | K44: 100 | L44: =(D44+E44+F44+G44+H44+I44+J44+K44)/8 -> 87.5 | M44: ='PENULISAN LAPORAN'!N43 -> 74.9375 | N44: 90 | O44: 90 | P44: 90 | Q44: 90 | R44: 90 | S44: 90 | T44: 90 | U44: 90 | V44: =(N44+O44+P44+Q44+R44+S44+T44+U44)/8 -> 90 | W44: 70 | X44: 60 | Y44: 80 | Z44: 70 | AA44: 80 | AB44: 70 | AC44: 80 | AD44: 80 | AE44: =(W44+X44+Y44+Z44+AA44+AB44+AC44+AD44)/8 -> 73.75 | AF44: ='KEMAMPUAN PRAKTIKUM'!H44 -> 60 | AG44: ='KEMAMPUAN PRAKTIKUM'!M44 -> 90 | AH44: ='KEMAMPUAN PRAKTIKUM'!R44 -> 90 | AI44: ='KEMAMPUAN PRAKTIKUM'!W44 -> 90 | AJ44: ='KEMAMPUAN PRAKTIKUM'!AB44 -> 57 | AK44: ='KEMAMPUAN PRAKTIKUM'!AG44 -> 75 | AL44: ='KEMAMPUAN PRAKTIKUM'!AL44 -> 87 | AM44: ='KEMAMPUAN PRAKTIKUM'!AQ44 -> 87 | AN44: =AVERAGE(AF44:AM44) -> 79.5
A45: ='INPUT DAFTAR PESERTA'!A43 -> 40 | B45: ='INPUT DAFTAR PESERTA'!B43 -> 2509056028 | C45: ='INPUT DAFTAR PESERTA'!C43 -> Muhammad Rizky Nugraha | D45: 100 | E45: 100 | F45: 100 | G45: 100 | H45: 100 | I45: 100 | J45: 100 | K45: 100 | L45: =(D45+E45+F45+G45+H45+I45+J45+K45)/8 -> 100 | M45: ='PENULISAN LAPORAN'!N44 -> 56.0625 | N45: 96 | O45: 96 | P45: 96 | Q45: 96 | R45: 96 | S45: 96 | T45: 96 | U45: 96 | V45: =(N45+O45+P45+Q45+R45+S45+T45+U45)/8 -> 96 | W45: 70 | X45: 60 | Y45: 80 | Z45: 70 | AA45: 80 | AB45: 70 | AC45: 30 | AD45: 70 | AE45: =(W45+X45+Y45+Z45+AA45+AB45+AC45+AD45)/8 -> 66.25 | AF45: ='KEMAMPUAN PRAKTIKUM'!H45 -> 60 | AG45: ='KEMAMPUAN PRAKTIKUM'!M45 -> 75 | AH45: ='KEMAMPUAN PRAKTIKUM'!R45 -> 60 | AI45: ='KEMAMPUAN PRAKTIKUM'!W45 -> 90 | AJ45: ='KEMAMPUAN PRAKTIKUM'!AB45 -> 57 | AK45: ='KEMAMPUAN PRAKTIKUM'!AG45 -> 75 | AL45: ='KEMAMPUAN PRAKTIKUM'!AL45 -> 57 | AM45: ='KEMAMPUAN PRAKTIKUM'!AQ45 -> 45 | AN45: =AVERAGE(AF45:AM45) -> 64.875
A46: ='INPUT DAFTAR PESERTA'!A44 -> 41 | B46: ='INPUT DAFTAR PESERTA'!B44 -> 2509056029 | C46: ='INPUT DAFTAR PESERTA'!C44 -> Reyska Bintang Afdillah | D46: 100 | E46: 0 | H46: 100 | I46: 100 | J46: 100 | L46: =(D46+E46+F46+G46+H46+I46+J46+K46)/8 -> 50 | M46: ='PENULISAN LAPORAN'!N45 -> 5.5625 | N46: 78 | O46: 78 | P46: 78 | Q46: 78 | R46: 78 | S46: 78 | T46: 78 | U46: 78 | V46: =(N46+O46+P46+Q46+R46+S46+T46+U46)/8 -> 78 | X46: 0 | AA46: 0 | AE46: =(W46+X46+Y46+Z46+AA46+AB46+AC46+AD46)/8 -> 0 | AF46: ='KEMAMPUAN PRAKTIKUM'!H46 -> 90 | AG46: ='KEMAMPUAN PRAKTIKUM'!M46 -> 0 | AH46: ='KEMAMPUAN PRAKTIKUM'!R46 -> 0 | AI46: ='KEMAMPUAN PRAKTIKUM'!W46 -> 0 | AJ46: ='KEMAMPUAN PRAKTIKUM'!AB46 -> 30 | AK46: ='KEMAMPUAN PRAKTIKUM'!AG46 -> 75 | AL46: ='KEMAMPUAN PRAKTIKUM'!AL46 -> 57 | AM46: ='KEMAMPUAN PRAKTIKUM'!AQ46 -> 45 | AN46: =AVERAGE(AF46:AM46) -> 37.125
A47: ='INPUT DAFTAR PESERTA'!A45 -> 42 | B47: ='INPUT DAFTAR PESERTA'!B45 -> 2509056030 | C47: ='INPUT DAFTAR PESERTA'!C45 -> Muhammad Elo | D47: 100 | E47: 100 | F47: 100 | G47: 100 | H47: 100 | I47: 100 | J47: 100 | K47: 100 | L47: =(D47+E47+F47+G47+H47+I47+J47+K47)/8 -> 100 | M47: ='PENULISAN LAPORAN'!N46 -> 68.6875 | N47: 90 | O47: 90 | P47: 90 | Q47: 90 | R47: 90 | S47: 90 | T47: 90 | U47: 90 | V47: =(N47+O47+P47+Q47+R47+S47+T47+U47)/8 -> 90 | W47: 0 | X47: 30 | Y47: 70 | Z47: 70 | AA47: 70 | AB47: 30 | AC47: 0 | AD47: 70 | AE47: =(W47+X47+Y47+Z47+AA47+AB47+AC47+AD47)/8 -> 42.5 | AF47: ='KEMAMPUAN PRAKTIKUM'!H47 -> 90 | AG47: ='KEMAMPUAN PRAKTIKUM'!M47 -> 90 | AH47: ='KEMAMPUAN PRAKTIKUM'!R47 -> 87 | AI47: ='KEMAMPUAN PRAKTIKUM'!W47 -> 90 | AJ47: ='KEMAMPUAN PRAKTIKUM'!AB47 -> 75 | AK47: ='KEMAMPUAN PRAKTIKUM'!AG47 -> 75 | AL47: ='KEMAMPUAN PRAKTIKUM'!AL47 -> 57 | AM47: ='KEMAMPUAN PRAKTIKUM'!AQ47 -> 45 | AN47: =AVERAGE(AF47:AM47) -> 76.125
A48: ='INPUT DAFTAR PESERTA'!A46 -> 43 | B48: ='INPUT DAFTAR PESERTA'!B46 -> 2509056031 | C48: ='INPUT DAFTAR PESERTA'!C46 -> Naufal Herdizza Akbar Ps | D48: 100 | E48: 100 | F48: 100 | G48: 100 | H48: 100 | I48: 100 | J48: 100 | K48: 100 | L48: =(D48+E48+F48+G48+H48+I48+J48+K48)/8 -> 100 | M48: ='PENULISAN LAPORAN'!N47 -> 76.5625 | N48: 96 | O48: 96 | P48: 96 | Q48: 96 | R48: 96 | S48: 96 | T48: 96 | U48: 96 | V48: =(N48+O48+P48+Q48+R48+S48+T48+U48)/8 -> 96 | W48: 70 | X48: 70 | Y48: 80 | Z48: 70 | AA48: 70 | AC48: 80 | AD48: 80 | AE48: =(W48+X48+Y48+Z48+AA48+AB48+AC48+AD48)/8 -> 65 | AF48: ='KEMAMPUAN PRAKTIKUM'!H48 -> 90 | AG48: ='KEMAMPUAN PRAKTIKUM'!M48 -> 90 | AH48: ='KEMAMPUAN PRAKTIKUM'!R48 -> 90 | AI48: ='KEMAMPUAN PRAKTIKUM'!W48 -> 90 | AJ48: ='KEMAMPUAN PRAKTIKUM'!AB48 -> 75 | AK48: ='KEMAMPUAN PRAKTIKUM'!AG48 -> 75 | AL48: ='KEMAMPUAN PRAKTIKUM'!AL48 -> 57 | AM48: ='KEMAMPUAN PRAKTIKUM'!AQ48 -> 51 | AN48: =AVERAGE(AF48:AM48) -> 77.25
A49: ='INPUT DAFTAR PESERTA'!A47 -> 44 | B49: ='INPUT DAFTAR PESERTA'!B47 -> 2509056032 | C49: ='INPUT DAFTAR PESERTA'!C47 -> Dea Mila Marsela | D49: 100 | E49: 100 | F49: 100 | G49: 100 | H49: 100 | I49: 100 | J49: 100 | K49: 100 | L49: =(D49+E49+F49+G49+H49+I49+J49+K49)/8 -> 100 | M49: ='PENULISAN LAPORAN'!N48 -> 24.8125 | N49: 82 | O49: 82 | P49: 82 | Q49: 82 | R49: 82 | S49: 82 | T49: 82 | U49: 82 | V49: =(N49+O49+P49+Q49+R49+S49+T49+U49)/8 -> 82 | X49: 0 | AA49: 0 | AE49: =(W49+X49+Y49+Z49+AA49+AB49+AC49+AD49)/8 -> 0 | AF49: ='KEMAMPUAN PRAKTIKUM'!H49 -> 90 | AG49: ='KEMAMPUAN PRAKTIKUM'!M49 -> 60 | AH49: ='KEMAMPUAN PRAKTIKUM'!R49 -> 87 | AI49: ='KEMAMPUAN PRAKTIKUM'!W49 -> 60 | AJ49: ='KEMAMPUAN PRAKTIKUM'!AB49 -> 75 | AK49: ='KEMAMPUAN PRAKTIKUM'!AG49 -> 60 | AL49: ='KEMAMPUAN PRAKTIKUM'!AL49 -> 57 | AM49: ='KEMAMPUAN PRAKTIKUM'!AQ49 -> 45 | AN49: =AVERAGE(AF49:AM49) -> 66.75
A50: ='INPUT DAFTAR PESERTA'!A48 -> 45 | B50: ='INPUT DAFTAR PESERTA'!B48 -> 2509056033 | C50: ='INPUT DAFTAR PESERTA'!C48 -> Ahmad Salman Nur | D50: 100 | E50: 100 | F50: 100 | G50: 100 | H50: 100 | I50: 100 | J50: 100 | K50: 100 | L50: =(D50+E50+F50+G50+H50+I50+J50+K50)/8 -> 100 | M50: ='PENULISAN LAPORAN'!N49 -> 62.90625 | N50: 90 | O50: 90 | P50: 90 | Q50: 90 | R50: 90 | S50: 90 | T50: 90 | U50: 90 | V50: =(N50+O50+P50+Q50+R50+S50+T50+U50)/8 -> 90 | W50: 70 | X50: 70 | Y50: 80 | Z50: 70 | AA50: 70 | AC50: 70 | AD50: 80 | AE50: =(W50+X50+Y50+Z50+AA50+AB50+AC50+AD50)/8 -> 63.75 | AF50: ='KEMAMPUAN PRAKTIKUM'!H50 -> 75 | AG50: ='KEMAMPUAN PRAKTIKUM'!M50 -> 90 | AH50: ='KEMAMPUAN PRAKTIKUM'!R50 -> 57 | AI50: ='KEMAMPUAN PRAKTIKUM'!W50 -> 75 | AJ50: ='KEMAMPUAN PRAKTIKUM'!AB50 -> 45 | AK50: ='KEMAMPUAN PRAKTIKUM'!AG50 -> 75 | AL50: ='KEMAMPUAN PRAKTIKUM'!AL50 -> 57 | AM50: ='KEMAMPUAN PRAKTIKUM'!AQ50 -> 57 | AN50: =AVERAGE(AF50:AM50) -> 66.375
A51: ='INPUT DAFTAR PESERTA'!A49 -> 46 | B51: ='INPUT DAFTAR PESERTA'!B49 -> 2509056035 | C51: ='INPUT DAFTAR PESERTA'!C49 -> Syahputra Lumbantoruan | E51: 0 | H51: 0 | I51: 0 | L51: =(D51+E51+F51+G51+H51+I51+J51+K51)/8 -> 0 | M51: ='PENULISAN LAPORAN'!N50 -> 0 | N51: 0 | O51: 0 | P51: 0 | Q51: 0 | R51: 0 | S51: 0 | T51: 0 | U51: 0 | V51: =(N51+O51+P51+Q51+R51+S51+T51+U51)/8 -> 0 | X51: 0 | AA51: 0 | AE51: =(W51+X51+Y51+Z51+AA51+AB51+AC51+AD51)/8 -> 0 | AF51: ='KEMAMPUAN PRAKTIKUM'!H51 -> 0 | AG51: ='KEMAMPUAN PRAKTIKUM'!M51 -> 0 | AH51: ='KEMAMPUAN PRAKTIKUM'!R51 -> 0 | AI51: ='KEMAMPUAN PRAKTIKUM'!W51 -> 0 | AJ51: ='KEMAMPUAN PRAKTIKUM'!AB51 -> 30 | AK51: ='KEMAMPUAN PRAKTIKUM'!AG51 -> 63 | AL51: ='KEMAMPUAN PRAKTIKUM'!AL51 -> 0 | AM51: ='KEMAMPUAN PRAKTIKUM'!AQ51 -> 0 | AN51: =AVERAGE(AF51:AM51) -> 11.625
A52: ='INPUT DAFTAR PESERTA'!A50 -> 47 | B52: ='INPUT DAFTAR PESERTA'!B50 -> 2509056036 | C52: ='INPUT DAFTAR PESERTA'!C50 -> Furqan Ahmad | D52: 100 | E52: 0 | H52: 0 | I52: 0 | L52: =(D52+E52+F52+G52+H52+I52+J52+K52)/8 -> 12.5 | M52: ='PENULISAN LAPORAN'!N51 -> 4.5 | N52: 92 | O52: 92 | P52: 92 | Q52: 92 | R52: 92 | S52: 92 | T52: 92 | U52: 92 | V52: =(N52+O52+P52+Q52+R52+S52+T52+U52)/8 -> 92 | X52: 0 | AA52: 0 | AE52: =(W52+X52+Y52+Z52+AA52+AB52+AC52+AD52)/8 -> 0 | AF52: ='KEMAMPUAN PRAKTIKUM'!H52 -> 30 | AG52: ='KEMAMPUAN PRAKTIKUM'!M52 -> 0 | AH52: ='KEMAMPUAN PRAKTIKUM'!R52 -> 0 | AI52: ='KEMAMPUAN PRAKTIKUM'!W52 -> 60 | AJ52: ='KEMAMPUAN PRAKTIKUM'!AB52 -> 30 | AK52: ='KEMAMPUAN PRAKTIKUM'!AG52 -> 63 | AL52: ='KEMAMPUAN PRAKTIKUM'!AL52 -> 0 | AM52: ='KEMAMPUAN PRAKTIKUM'!AQ52 -> 0 | AN52: =AVERAGE(AF52:AM52) -> 22.875
A53: ='INPUT DAFTAR PESERTA'!A51 -> 48 | B53: ='INPUT DAFTAR PESERTA'!B51 -> 2509056037 | C53: ='INPUT DAFTAR PESERTA'!C51 -> Muhammad An Naafi Zaini | D53: 100 | E53: 100 | F53: 100 | H53: 100 | I53: 100 | L53: =(D53+E53+F53+G53+H53+I53+J53+K53)/8 -> 62.5 | M53: ='PENULISAN LAPORAN'!N52 -> 11.5 | N53: 94 | O53: 94 | P53: 94 | Q53: 94 | R53: 94 | S53: 94 | T53: 94 | U53: 94 | V53: =(N53+O53+P53+Q53+R53+S53+T53+U53)/8 -> 94 | X53: 0 | AA53: 0 | AE53: =(W53+X53+Y53+Z53+AA53+AB53+AC53+AD53)/8 -> 0 | AF53: ='KEMAMPUAN PRAKTIKUM'!H53 -> 75 | AG53: ='KEMAMPUAN PRAKTIKUM'!M53 -> 60 | AH53: ='KEMAMPUAN PRAKTIKUM'!R53 -> 0 | AI53: ='KEMAMPUAN PRAKTIKUM'!W53 -> 60 | AJ53: ='KEMAMPUAN PRAKTIKUM'!AB53 -> 75 | AK53: ='KEMAMPUAN PRAKTIKUM'!AG53 -> 63 | AL53: ='KEMAMPUAN PRAKTIKUM'!AL53 -> 0 | AM53: ='KEMAMPUAN PRAKTIKUM'!AQ53 -> 0 | AN53: =AVERAGE(AF53:AM53) -> 41.625
A54: ='INPUT DAFTAR PESERTA'!A52 -> 49 | B54: ='INPUT DAFTAR PESERTA'!B52 -> 2509056038 | C54: ='INPUT DAFTAR PESERTA'!C52 -> Muh. Afriansyah Syafani | E54: 0 | H54: 0 | L54: =(D54+E54+F54+G54+H54+I54+J54+K54)/8 -> 0 | M54: ='PENULISAN LAPORAN'!N53 -> 4.0625 | N54: 98 | O54: 98 | P54: 98 | Q54: 98 | R54: 98 | S54: 98 | T54: 98 | U54: 98 | V54: =(N54+O54+P54+Q54+R54+S54+T54+U54)/8 -> 98 | X54: 0 | AA54: 0 | AE54: =(W54+X54+Y54+Z54+AA54+AB54+AC54+AD54)/8 -> 0 | AF54: ='KEMAMPUAN PRAKTIKUM'!H54 -> 0 | AG54: ='KEMAMPUAN PRAKTIKUM'!M54 -> 0 | AH54: ='KEMAMPUAN PRAKTIKUM'!R54 -> 0 | AI54: ='KEMAMPUAN PRAKTIKUM'!W54 -> 0 | AJ54: ='KEMAMPUAN PRAKTIKUM'!AB54 -> 45 | AK54: ='KEMAMPUAN PRAKTIKUM'!AG54 -> 63 | AL54: ='KEMAMPUAN PRAKTIKUM'!AL54 -> 0 | AM54: ='KEMAMPUAN PRAKTIKUM'!AQ54 -> 0 | AN54: =AVERAGE(AF54:AM54) -> 13.5
A55: ='INPUT DAFTAR PESERTA'!A53 -> 50 | B55: ='INPUT DAFTAR PESERTA'!B53 -> 2509056039 | C55: ='INPUT DAFTAR PESERTA'!C53 -> Evan Hizky Edward Juliano Sahata Manihuruk | E55: 0 | H55: 0 | L55: =(D55+E55+F55+G55+H55+I55+J55+K55)/8 -> 0 | M55: ='PENULISAN LAPORAN'!N54 -> 0 | N55: 92 | O55: 92 | P55: 92 | Q55: 92 | R55: 92 | S55: 92 | T55: 92 | U55: 92 | V55: =(N55+O55+P55+Q55+R55+S55+T55+U55)/8 -> 92 | X55: 0 | AA55: 0 | AE55: =(W55+X55+Y55+Z55+AA55+AB55+AC55+AD55)/8 -> 0 | AF55: ='KEMAMPUAN PRAKTIKUM'!H55 -> 0 | AG55: ='KEMAMPUAN PRAKTIKUM'!M55 -> 0 | AH55: ='KEMAMPUAN PRAKTIKUM'!R55 -> 0 | AI55: ='KEMAMPUAN PRAKTIKUM'!W55 -> 0 | AJ55: ='KEMAMPUAN PRAKTIKUM'!AB55 -> 30 | AK55: ='KEMAMPUAN PRAKTIKUM'!AG55 -> 0 | AL55: ='KEMAMPUAN PRAKTIKUM'!AL55 -> 0 | AM55: ='KEMAMPUAN PRAKTIKUM'!AQ55 -> 0 | AN55: =AVERAGE(AF55:AM55) -> 3.75
A56: ='INPUT DAFTAR PESERTA'!A54 -> 51 | B56: ='INPUT DAFTAR PESERTA'!B54 -> 2509056040 | C56: ='INPUT DAFTAR PESERTA'!C54 -> Rasya Ataullah Arnata | E56: 0 | H56: 0 | L56: =(D56+E56+F56+G56+H56+I56+J56+K56)/8 -> 0 | M56: ='PENULISAN LAPORAN'!N55 -> 0 | N56: 94 | O56: 94 | P56: 94 | Q56: 94 | R56: 94 | S56: 94 | T56: 94 | U56: 94 | V56: =(N56+O56+P56+Q56+R56+S56+T56+U56)/8 -> 94 | X56: 0 | AA56: 0 | AE56: =(W56+X56+Y56+Z56+AA56+AB56+AC56+AD56)/8 -> 0 | AF56: ='KEMAMPUAN PRAKTIKUM'!H56 -> 0 | AG56: ='KEMAMPUAN PRAKTIKUM'!M56 -> 0 | AH56: ='KEMAMPUAN PRAKTIKUM'!R56 -> 0 | AI56: ='KEMAMPUAN PRAKTIKUM'!W56 -> 0 | AJ56: ='KEMAMPUAN PRAKTIKUM'!AB56 -> 30 | AK56: ='KEMAMPUAN PRAKTIKUM'!AG56 -> 0 | AL56: ='KEMAMPUAN PRAKTIKUM'!AL56 -> 0 | AM56: ='KEMAMPUAN PRAKTIKUM'!AQ56 -> 0 | AN56: =AVERAGE(AF56:AM56) -> 3.75
A57: ='INPUT DAFTAR PESERTA'!A55 -> 52 | B57: ='INPUT DAFTAR PESERTA'!B55 -> 2509056041 | C57: ='INPUT DAFTAR PESERTA'!C55 -> Yadi Ramadani | E57: 100 | G57: 100 | H57: 100 | I57: 100 | J57: 100 | K57: 100 | L57: =(D57+E57+F57+G57+H57+I57+J57+K57)/8 -> 75 | M57: ='PENULISAN LAPORAN'!N56 -> 57.75 | N57: 92 | O57: 92 | P57: 92 | Q57: 92 | R57: 92 | S57: 92 | T57: 92 | U57: 92 | V57: =(N57+O57+P57+Q57+R57+S57+T57+U57)/8 -> 92 | W57: 70 | X57: 60 | Y57: 80 | Z57: 70 | AA57: 70 | AB57: 60 | AC57: 0 | AD57: 0 | AE57: =(W57+X57+Y57+Z57+AA57+AB57+AC57+AD57)/8 -> 51.25 | AF57: ='KEMAMPUAN PRAKTIKUM'!H57 -> 57 | AG57: ='KEMAMPUAN PRAKTIKUM'!M57 -> 57 | AH57: ='KEMAMPUAN PRAKTIKUM'!R57 -> 72 | AI57: ='KEMAMPUAN PRAKTIKUM'!W57 -> 90 | AJ57: ='KEMAMPUAN PRAKTIKUM'!AB57 -> 75 | AK57: ='KEMAMPUAN PRAKTIKUM'!AG57 -> 63 | AL57: ='KEMAMPUAN PRAKTIKUM'!AL57 -> 57 | AM57: ='KEMAMPUAN PRAKTIKUM'!AQ57 -> 57 | AN57: =AVERAGE(AF57:AM57) -> 66
A58: ='INPUT DAFTAR PESERTA'!A56 -> 53 | B58: ='INPUT DAFTAR PESERTA'!B56 -> 2509056042 | C58: ='INPUT DAFTAR PESERTA'!C56 -> Muhammad Alief Adz Dzikry Abdillah | E58: 0 | H58: 0 | L58: =(D58+E58+F58+G58+H58+I58+J58+K58)/8 -> 0 | M58: ='PENULISAN LAPORAN'!N57 -> 0 | N58: 0 | O58: 0 | P58: 0 | Q58: 0 | R58: 0 | S58: 0 | T58: 0 | U58: 0 | V58: =(N58+O58+P58+Q58+R58+S58+T58+U58)/8 -> 0 | X58: 0 | AA58: 0 | AE58: =(W58+X58+Y58+Z58+AA58+AB58+AC58+AD58)/8 -> 0 | AF58: ='KEMAMPUAN PRAKTIKUM'!H58 -> 0 | AG58: ='KEMAMPUAN PRAKTIKUM'!M58 -> 0 | AH58: ='KEMAMPUAN PRAKTIKUM'!R58 -> 0 | AI58: ='KEMAMPUAN PRAKTIKUM'!W58 -> 0 | AJ58: ='KEMAMPUAN PRAKTIKUM'!AB58 -> 30 | AK58: ='KEMAMPUAN PRAKTIKUM'!AG58 -> 0 | AL58: ='KEMAMPUAN PRAKTIKUM'!AL58 -> 0 | AM58: ='KEMAMPUAN PRAKTIKUM'!AQ58 -> 0 | AN58: =AVERAGE(AF58:AM58) -> 3.75
A59: ='INPUT DAFTAR PESERTA'!A57 -> 54 | B59: ='INPUT DAFTAR PESERTA'!B57 -> 2509056043 | C59: ='INPUT DAFTAR PESERTA'!C57 -> Hubert Abraham Pranoto Sirait | E59: 100 | F59: 100 | G59: 100 | H59: 100 | I59: 100 | J59: 100 | K59: 100 | L59: =(D59+E59+F59+G59+H59+I59+J59+K59)/8 -> 87.5 | M59: ='PENULISAN LAPORAN'!N58 -> 31.875 | N59: 86 | O59: 86 | P59: 86 | Q59: 86 | R59: 86 | S59: 86 | T59: 86 | U59: 86 | V59: =(N59+O59+P59+Q59+R59+S59+T59+U59)/8 -> 86 | W59: 0 | X59: 30 | Y59: 60 | Z59: 30 | AA59: 30 | AB59: 0 | AC59: 30 | AD59: 0 | AE59: =(W59+X59+Y59+Z59+AA59+AB59+AC59+AD59)/8 -> 22.5 | AF59: ='KEMAMPUAN PRAKTIKUM'!H59 -> 0 | AG59: ='KEMAMPUAN PRAKTIKUM'!M59 -> 45 | AH59: ='KEMAMPUAN PRAKTIKUM'!R59 -> 72 | AI59: ='KEMAMPUAN PRAKTIKUM'!W59 -> 57 | AJ59: ='KEMAMPUAN PRAKTIKUM'!AB59 -> 45 | AK59: ='KEMAMPUAN PRAKTIKUM'!AG59 -> 63 | AL59: ='KEMAMPUAN PRAKTIKUM'!AL59 -> 87 | AM59: ='KEMAMPUAN PRAKTIKUM'!AQ59 -> 57 | AN59: =AVERAGE(AF59:AM59) -> 53.25
A60: ='INPUT DAFTAR PESERTA'!A58 -> 55 | B60: ='INPUT DAFTAR PESERTA'!B58 -> 2509056044 | C60: ='INPUT DAFTAR PESERTA'!C58 -> Indah Tessalonica | E60: 0 | H60: 0 | I60: 0 | L60: =(D60+E60+F60+G60+H60+I60+J60+K60)/8 -> 0 | M60: ='PENULISAN LAPORAN'!N59 -> 0 | N60: 92 | O60: 92 | P60: 92 | Q60: 92 | R60: 92 | S60: 92 | T60: 92 | U60: 92 | V60: =(N60+O60+P60+Q60+R60+S60+T60+U60)/8 -> 92 | X60: 0 | AA60: 0 | AE60: =(W60+X60+Y60+Z60+AA60+AB60+AC60+AD60)/8 -> 0 | AF60: ='KEMAMPUAN PRAKTIKUM'!H60 -> 0 | AG60: ='KEMAMPUAN PRAKTIKUM'!M60 -> 0 | AH60: ='KEMAMPUAN PRAKTIKUM'!R60 -> 0 | AI60: ='KEMAMPUAN PRAKTIKUM'!W60 -> 0 | AJ60: ='KEMAMPUAN PRAKTIKUM'!AB60 -> 30 | AK60: ='KEMAMPUAN PRAKTIKUM'!AG60 -> 0 | AL60: ='KEMAMPUAN PRAKTIKUM'!AL60 -> 0 | AM60: ='KEMAMPUAN PRAKTIKUM'!AQ60 -> 0 | AN60: =AVERAGE(AF60:AM60) -> 3.75
A61: ='INPUT DAFTAR PESERTA'!A59 -> 56 | B61: ='INPUT DAFTAR PESERTA'!B59 -> 2509056045 | C61: ='INPUT DAFTAR PESERTA'!C59 -> Fahrizi Al Rosid | E61: 0 | H61: 0 | I61: 0 | L61: =(D61+E61+F61+G61+H61+I61+J61+K61)/8 -> 0 | M61: ='PENULISAN LAPORAN'!N60 -> 0 | N61: 0 | O61: 0 | P61: 0 | Q61: 0 | R61: 0 | S61: 0 | T61: 0 | U61: 0 | V61: =(N61+O61+P61+Q61+R61+S61+T61+U61)/8 -> 0 | X61: 0 | AA61: 0 | AE61: =(W61+X61+Y61+Z61+AA61+AB61+AC61+AD61)/8 -> 0 | AF61: ='KEMAMPUAN PRAKTIKUM'!H61 -> 0 | AG61: ='KEMAMPUAN PRAKTIKUM'!M61 -> 0 | AH61: ='KEMAMPUAN PRAKTIKUM'!R61 -> 0 | AI61: ='KEMAMPUAN PRAKTIKUM'!W61 -> 0 | AJ61: ='KEMAMPUAN PRAKTIKUM'!AB61 -> 30 | AK61: ='KEMAMPUAN PRAKTIKUM'!AG61 -> 0 | AL61: ='KEMAMPUAN PRAKTIKUM'!AL61 -> 0 | AM61: ='KEMAMPUAN PRAKTIKUM'!AQ61 -> 0 | AN61: =AVERAGE(AF61:AM61) -> 3.75
A62: ='INPUT DAFTAR PESERTA'!A60 -> 57 | B62: ='INPUT DAFTAR PESERTA'!B60 -> 2509056046 | C62: ='INPUT DAFTAR PESERTA'!C60 -> Syadid Musoffa | E62: 0 | H62: 0 | I62: 0 | L62: =(D62+E62+F62+G62+H62+I62+J62+K62)/8 -> 0 | M62: ='PENULISAN LAPORAN'!N61 -> 0 | N62: 0 | O62: 0 | P62: 0 | Q62: 0 | R62: 0 | S62: 0 | T62: 0 | U62: 0 | V62: =(N62+O62+P62+Q62+R62+S62+T62+U62)/8 -> 0 | X62: 0 | AA62: 0 | AE62: =(W62+X62+Y62+Z62+AA62+AB62+AC62+AD62)/8 -> 0 | AF62: ='KEMAMPUAN PRAKTIKUM'!H62 -> 0 | AG62: ='KEMAMPUAN PRAKTIKUM'!M62 -> 0 | AH62: ='KEMAMPUAN PRAKTIKUM'!R62 -> 0 | AI62: ='KEMAMPUAN PRAKTIKUM'!W62 -> 0 | AJ62: ='KEMAMPUAN PRAKTIKUM'!AB62 -> 30 | AK62: ='KEMAMPUAN PRAKTIKUM'!AG62 -> 0 | AL62: ='KEMAMPUAN PRAKTIKUM'!AL62 -> 0 | AM62: ='KEMAMPUAN PRAKTIKUM'!AQ62 -> 0 | AN62: =AVERAGE(AF62:AM62) -> 3.75
A63: ='INPUT DAFTAR PESERTA'!A61 -> 58 | B63: ='INPUT DAFTAR PESERTA'!B61 -> 2509056047 | C63: ='INPUT DAFTAR PESERTA'!C61 -> Oktovianus Sirante | D63: 100 | E63: 100 | F63: 100 | G63: 100 | H63: 100 | I63: 100 | J63: 100 | K63: 100 | L63: =(D63+E63+F63+G63+H63+I63+J63+K63)/8 -> 100 | M63: ='PENULISAN LAPORAN'!N62 -> 77.125 | N63: 84 | O63: 84 | P63: 84 | Q63: 84 | R63: 84 | S63: 84 | T63: 84 | U63: 84 | V63: =(N63+O63+P63+Q63+R63+S63+T63+U63)/8 -> 84 | W63: 70 | X63: 70 | Y63: 70 | Z63: 70 | AA63: 70 | AB63: 70 | AC63: 80 | AD63: 80 | AE63: =(W63+X63+Y63+Z63+AA63+AB63+AC63+AD63)/8 -> 72.5 | AF63: ='KEMAMPUAN PRAKTIKUM'!H63 -> 57 | AG63: ='KEMAMPUAN PRAKTIKUM'!M63 -> 60 | AH63: ='KEMAMPUAN PRAKTIKUM'!R63 -> 75 | AI63: ='KEMAMPUAN PRAKTIKUM'!W63 -> 90 | AJ63: ='KEMAMPUAN PRAKTIKUM'!AB63 -> 90 | AK63: ='KEMAMPUAN PRAKTIKUM'!AG63 -> 63 | AL63: ='KEMAMPUAN PRAKTIKUM'!AL63 -> 87 | AM63: ='KEMAMPUAN PRAKTIKUM'!AQ63 -> 60 | AN63: =AVERAGE(AF63:AM63) -> 72.75
A64: ='INPUT DAFTAR PESERTA'!A62 -> 59 | B64: ='INPUT DAFTAR PESERTA'!B62 -> 2509056048 | C64: ='INPUT DAFTAR PESERTA'!C62 -> Cristover Rafael Milang | E64: 0 | H64: 0 | I64: 0 | L64: =(D64+E64+F64+G64+H64+I64+J64+K64)/8 -> 0 | M64: ='PENULISAN LAPORAN'!N63 -> 0 | N64: 0 | O64: 0 | P64: 0 | Q64: 0 | R64: 0 | S64: 0 | T64: 0 | U64: 0 | V64: =(N64+O64+P64+Q64+R64+S64+T64+U64)/8 -> 0 | X64: 0 | AA64: 0 | AE64: =(W64+X64+Y64+Z64+AA64+AB64+AC64+AD64)/8 -> 0 | AF64: ='KEMAMPUAN PRAKTIKUM'!H64 -> 0 | AG64: ='KEMAMPUAN PRAKTIKUM'!M64 -> 0 | AH64: ='KEMAMPUAN PRAKTIKUM'!R64 -> 0 | AI64: ='KEMAMPUAN PRAKTIKUM'!W64 -> 0 | AJ64: ='KEMAMPUAN PRAKTIKUM'!AB64 -> 30 | AK64: ='KEMAMPUAN PRAKTIKUM'!AG64 -> 0 | AL64: ='KEMAMPUAN PRAKTIKUM'!AL64 -> 0 | AM64: ='KEMAMPUAN PRAKTIKUM'!AQ64 -> 0 | AN64: =AVERAGE(AF64:AM64) -> 3.75
A65: ='INPUT DAFTAR PESERTA'!A63 -> 60 | B65: ='INPUT DAFTAR PESERTA'!B63 -> 2509056049 | C65: ='INPUT DAFTAR PESERTA'!C63 -> Kevin Angeliano Jonathan | E65: 100 | F65: 100 | G65: 100 | H65: 100 | I65: 100 | J65: 100 | K65: 100 | L65: =(D65+E65+F65+G65+H65+I65+J65+K65)/8 -> 87.5 | M65: ='PENULISAN LAPORAN'!N64 -> 60.375 | N65: 92 | O65: 92 | P65: 92 | Q65: 92 | R65: 92 | S65: 92 | T65: 92 | U65: 92 | V65: =(N65+O65+P65+Q65+R65+S65+T65+U65)/8 -> 92 | W65: 80 | X65: 60 | Y65: 70 | Z65: 70 | AA65: 80 | AB65: 70 | AD65: 80 | AE65: =(W65+X65+Y65+Z65+AA65+AB65+AC65+AD65)/8 -> 63.75 | AF65: ='KEMAMPUAN PRAKTIKUM'!H65 -> 54 | AG65: ='KEMAMPUAN PRAKTIKUM'!M65 -> 60 | AH65: ='KEMAMPUAN PRAKTIKUM'!R65 -> 60 | AI65: ='KEMAMPUAN PRAKTIKUM'!W65 -> 90 | AJ65: ='KEMAMPUAN PRAKTIKUM'!AB65 -> 78 | AK65: ='KEMAMPUAN PRAKTIKUM'!AG65 -> 63 | AL65: ='KEMAMPUAN PRAKTIKUM'!AL65 -> 72 | AM65: ='KEMAMPUAN PRAKTIKUM'!AQ65 -> 57 | AN65: =AVERAGE(AF65:AM65) -> 66.75
A66: ='INPUT DAFTAR PESERTA'!A64 -> 61 | B66: ='INPUT DAFTAR PESERTA'!B64 -> 2509056050 | C66: ='INPUT DAFTAR PESERTA'!C64 -> Fajar Arif Suyanto | D66: 100 | E66: 0 | H66: 100 | I66: 100 | J66: 100 | L66: =(D66+E66+F66+G66+H66+I66+J66+K66)/8 -> 50 | M66: ='PENULISAN LAPORAN'!N65 -> 12.1875 | N66: 96 | O66: 96 | P66: 96 | Q66: 96 | R66: 96 | S66: 96 | T66: 96 | U66: 96 | V66: =(N66+O66+P66+Q66+R66+S66+T66+U66)/8 -> 96 | X66: 0 | AA66: 0 | AE66: =(W66+X66+Y66+Z66+AA66+AB66+AC66+AD66)/8 -> 0 | AF66: ='KEMAMPUAN PRAKTIKUM'!H66 -> 54 | AG66: ='KEMAMPUAN PRAKTIKUM'!M66 -> 0 | AH66: ='KEMAMPUAN PRAKTIKUM'!R66 -> 0 | AI66: ='KEMAMPUAN PRAKTIKUM'!W66 -> 0 | AJ66: ='KEMAMPUAN PRAKTIKUM'!AB66 -> 84 | AK66: ='KEMAMPUAN PRAKTIKUM'!AG66 -> 63 | AL66: ='KEMAMPUAN PRAKTIKUM'!AL66 -> 72 | AM66: ='KEMAMPUAN PRAKTIKUM'!AQ66 -> 0 | AN66: =AVERAGE(AF66:AM66) -> 34.125
A67: ='INPUT DAFTAR PESERTA'!A65 -> 62 | B67: ='INPUT DAFTAR PESERTA'!B65 -> 2509056051 | C67: ='INPUT DAFTAR PESERTA'!C65 -> Satria Rizla Marlanata | D67: 100 | E67: 100 | F67: 100 | G67: 80 | H67: 100 | I67: 100 | J67: 100 | K67: 100 | L67: =(D67+E67+F67+G67+H67+I67+J67+K67)/8 -> 97.5 | M67: ='PENULISAN LAPORAN'!N66 -> 79.4375 | N67: 86 | O67: 86 | P67: 86 | Q67: 86 | R67: 86 | S67: 86 | T67: 86 | U67: 86 | V67: =(N67+O67+P67+Q67+R67+S67+T67+U67)/8 -> 86 | W67: 70 | X67: 60 | Y67: 80 | Z67: 70 | AA67: 80 | AC67: 70 | AD67: 80 | AE67: =(W67+X67+Y67+Z67+AA67+AB67+AC67+AD67)/8 -> 63.75 | AF67: ='KEMAMPUAN PRAKTIKUM'!H67 -> 78 | AG67: ='KEMAMPUAN PRAKTIKUM'!M67 -> 90 | AH67: ='KEMAMPUAN PRAKTIKUM'!R67 -> 90 | AI67: ='KEMAMPUAN PRAKTIKUM'!W67 -> 66 | AJ67: ='KEMAMPUAN PRAKTIKUM'!AB67 -> 75 | AK67: ='KEMAMPUAN PRAKTIKUM'!AG67 -> 63 | AL67: ='KEMAMPUAN PRAKTIKUM'!AL67 -> 87 | AM67: ='KEMAMPUAN PRAKTIKUM'!AQ67 -> 57 | AN67: =AVERAGE(AF67:AM67) -> 75.75
A68: ='INPUT DAFTAR PESERTA'!A66 -> 63 | B68: ='INPUT DAFTAR PESERTA'!B66 -> 2509056052 | C68: ='INPUT DAFTAR PESERTA'!C66 -> Aulya Azhari | E68: 0 | H68: 100 | I68: 100 | J68: 100 | L68: =(D68+E68+F68+G68+H68+I68+J68+K68)/8 -> 37.5 | M68: ='PENULISAN LAPORAN'!N67 -> 10.75 | N68: 68 | O68: 68 | P68: 68 | Q68: 68 | R68: 68 | S68: 68 | T68: 68 | U68: 68 | V68: =(N68+O68+P68+Q68+R68+S68+T68+U68)/8 -> 68 | X68: 0 | AA68: 0 | AE68: =(W68+X68+Y68+Z68+AA68+AB68+AC68+AD68)/8 -> 0 | AF68: ='KEMAMPUAN PRAKTIKUM'!H68 -> 0 | AG68: ='KEMAMPUAN PRAKTIKUM'!M68 -> 0 | AH68: ='KEMAMPUAN PRAKTIKUM'!R68 -> 0 | AI68: ='KEMAMPUAN PRAKTIKUM'!W68 -> 0 | AJ68: ='KEMAMPUAN PRAKTIKUM'!AB68 -> 75 | AK68: ='KEMAMPUAN PRAKTIKUM'!AG68 -> 63 | AL68: ='KEMAMPUAN PRAKTIKUM'!AL68 -> 87 | AM68: ='KEMAMPUAN PRAKTIKUM'!AQ68 -> 0 | AN68: =AVERAGE(AF68:AM68) -> 28.125
A69: ='INPUT DAFTAR PESERTA'!A67 -> 64 | B69: ='INPUT DAFTAR PESERTA'!B67 -> 2509056053 | C69: ='INPUT DAFTAR PESERTA'!C67 -> Muhammad Farrel Ardiano | D69: 100 | E69: 100 | F69: 100 | G69: 80 | H69: 100 | I69: 100 | J69: 100 | K69: 100 | L69: =(D69+E69+F69+G69+H69+I69+J69+K69)/8 -> 97.5 | M69: ='PENULISAN LAPORAN'!N68 -> 71.4375 | N69: 96 | O69: 96 | P69: 96 | Q69: 96 | R69: 96 | S69: 96 | T69: 96 | U69: 96 | V69: =(N69+O69+P69+Q69+R69+S69+T69+U69)/8 -> 96 | W69: 70 | X69: 70 | Y69: 70 | Z69: 70 | AA69: 80 | AB69: 80 | AC69: 80 | AD69: 80 | AE69: =(W69+X69+Y69+Z69+AA69+AB69+AC69+AD69)/8 -> 75 | AF69: ='KEMAMPUAN PRAKTIKUM'!H69 -> 57 | AG69: ='KEMAMPUAN PRAKTIKUM'!M69 -> 60 | AH69: ='KEMAMPUAN PRAKTIKUM'!R69 -> 72 | AI69: ='KEMAMPUAN PRAKTIKUM'!W69 -> 51 | AJ69: ='KEMAMPUAN PRAKTIKUM'!AB69 -> 90 | AK69: ='KEMAMPUAN PRAKTIKUM'!AG69 -> 63 | AL69: ='KEMAMPUAN PRAKTIKUM'!AL69 -> 87 | AM69: ='KEMAMPUAN PRAKTIKUM'!AQ69 -> 75 | AN69: =AVERAGE(AF69:AM69) -> 69.375
A70: ='INPUT DAFTAR PESERTA'!A68 -> 65 | B70: ='INPUT DAFTAR PESERTA'!B68 -> 2509056054 | C70: ='INPUT DAFTAR PESERTA'!C68 -> Arlan Candra Antholyn | D70: 100 | E70: 100 | F70: 100 | G70: 100 | H70: 100 | I70: 100 | J70: 100 | K70: 100 | L70: =(D70+E70+F70+G70+H70+I70+J70+K70)/8 -> 100 | M70: ='PENULISAN LAPORAN'!N69 -> 67.75 | N70: 0 | O70: 0 | P70: 0 | Q70: 0 | R70: 0 | S70: 0 | T70: 0 | U70: 0 | V70: =(N70+O70+P70+Q70+R70+S70+T70+U70)/8 -> 0 | W70: 70 | X70: 70 | Y70: 80 | Z70: 70 | AA70: 70 | AB70: 30 | AC70: 70 | AD70: 80 | AE70: =(W70+X70+Y70+Z70+AA70+AB70+AC70+AD70)/8 -> 67.5 | AF70: ='KEMAMPUAN PRAKTIKUM'!H70 -> 57 | AG70: ='KEMAMPUAN PRAKTIKUM'!M70 -> 60 | AH70: ='KEMAMPUAN PRAKTIKUM'!R70 -> 72 | AI70: ='KEMAMPUAN PRAKTIKUM'!W70 -> 60 | AJ70: ='KEMAMPUAN PRAKTIKUM'!AB70 -> 75 | AK70: ='KEMAMPUAN PRAKTIKUM'!AG70 -> 63 | AL70: ='KEMAMPUAN PRAKTIKUM'!AL70 -> 87 | AM70: ='KEMAMPUAN PRAKTIKUM'!AQ70 -> 57 | AN70: =AVERAGE(AF70:AM70) -> 66.375
A71: ='INPUT DAFTAR PESERTA'!A69 -> 66 | B71: ='INPUT DAFTAR PESERTA'!B69 -> 2509056055 | C71: ='INPUT DAFTAR PESERTA'!C69 -> Taufan Akbar Bunawan | D71: 100 | E71: 100 | F71: 100 | G71: 100 | H71: 100 | I71: 100 | J71: 100 | K71: 100 | L71: =(D71+E71+F71+G71+H71+I71+J71+K71)/8 -> 100 | M71: ='PENULISAN LAPORAN'!N70 -> 46.1875 | N71: 90 | O71: 90 | P71: 90 | Q71: 90 | R71: 90 | S71: 90 | T71: 90 | U71: 90 | V71: =(N71+O71+P71+Q71+R71+S71+T71+U71)/8 -> 90 | W71: 60 | X71: 60 | Y71: 70 | Z71: 70 | AA71: 80 | AB71: 80 | AC71: 80 | AD71: 80 | AE71: =(W71+X71+Y71+Z71+AA71+AB71+AC71+AD71)/8 -> 72.5 | AF71: ='KEMAMPUAN PRAKTIKUM'!H71 -> 60 | AG71: ='KEMAMPUAN PRAKTIKUM'!M71 -> 57 | AH71: ='KEMAMPUAN PRAKTIKUM'!R71 -> 72 | AI71: ='KEMAMPUAN PRAKTIKUM'!W71 -> 45 | AJ71: ='KEMAMPUAN PRAKTIKUM'!AB71 -> 57 | AK71: ='KEMAMPUAN PRAKTIKUM'!AG71 -> 63 | AL71: ='KEMAMPUAN PRAKTIKUM'!AL71 -> 51 | AM71: ='KEMAMPUAN PRAKTIKUM'!AQ71 -> 72 | AN71: =AVERAGE(AF71:AM71) -> 59.625
A72: ='INPUT DAFTAR PESERTA'!A70 -> 67 | B72: ='INPUT DAFTAR PESERTA'!B70 -> 2509056056 | C72: ='INPUT DAFTAR PESERTA'!C70 -> Mario Wildhan Wibisono | E72: 0 | H72: 0 | I72: 0 | L72: =(D72+E72+F72+G72+H72+I72+J72+K72)/8 -> 0 | M72: ='PENULISAN LAPORAN'!N71 -> 0 | N72: 92 | O72: 92 | P72: 92 | Q72: 92 | R72: 92 | S72: 92 | T72: 92 | U72: 92 | V72: =(N72+O72+P72+Q72+R72+S72+T72+U72)/8 -> 92 | X72: 0 | AA72: 0 | AE72: =(W72+X72+Y72+Z72+AA72+AB72+AC72+AD72)/8 -> 0 | AF72: ='KEMAMPUAN PRAKTIKUM'!H72 -> 0 | AG72: ='KEMAMPUAN PRAKTIKUM'!M72 -> 0 | AH72: ='KEMAMPUAN PRAKTIKUM'!R72 -> 0 | AI72: ='KEMAMPUAN PRAKTIKUM'!W72 -> 0 | AJ72: ='KEMAMPUAN PRAKTIKUM'!AB72 -> 30 | AK72: ='KEMAMPUAN PRAKTIKUM'!AG72 -> 0 | AL72: ='KEMAMPUAN PRAKTIKUM'!AL72 -> 0 | AM72: ='KEMAMPUAN PRAKTIKUM'!AQ72 -> 0 | AN72: =AVERAGE(AF72:AM72) -> 3.75
A73: ='INPUT DAFTAR PESERTA'!A71 -> 68 | B73: ='INPUT DAFTAR PESERTA'!B71 -> 2509056057 | C73: ='INPUT DAFTAR PESERTA'!C71 -> Immanuel Wisnu Siahaan | D73: 100 | E73: 100 | F73: 100 | G73: 100 | H73: 100 | I73: 100 | J73: 100 | K73: 100 | L73: =(D73+E73+F73+G73+H73+I73+J73+K73)/8 -> 100 | M73: ='PENULISAN LAPORAN'!N72 -> 92.8125 | N73: 94 | O73: 94 | P73: 94 | Q73: 94 | R73: 94 | S73: 94 | T73: 94 | U73: 94 | V73: =(N73+O73+P73+Q73+R73+S73+T73+U73)/8 -> 94 | W73: 80 | X73: 80 | Y73: 80 | Z73: 70 | AA73: 80 | AB73: 80 | AC73: 80 | AD73: 80 | AE73: =(W73+X73+Y73+Z73+AA73+AB73+AC73+AD73)/8 -> 78.75 | AF73: ='KEMAMPUAN PRAKTIKUM'!H73 -> 90 | AG73: ='KEMAMPUAN PRAKTIKUM'!M73 -> 90 | AH73: ='KEMAMPUAN PRAKTIKUM'!R73 -> 90 | AI73: ='KEMAMPUAN PRAKTIKUM'!W73 -> 75 | AJ73: ='KEMAMPUAN PRAKTIKUM'!AB73 -> 87 | AK73: ='KEMAMPUAN PRAKTIKUM'!AG73 -> 78 | AL73: ='KEMAMPUAN PRAKTIKUM'!AL73 -> 87 | AM73: ='KEMAMPUAN PRAKTIKUM'!AQ73 -> 90 | AN73: =AVERAGE(AF73:AM73) -> 85.875
A74: ='INPUT DAFTAR PESERTA'!A72 -> 69 | B74: ='INPUT DAFTAR PESERTA'!B72 -> 2509056058 | C74: ='INPUT DAFTAR PESERTA'!C72 -> Hebron Ketter Pagalla' | E74: 100 | F74: 100 | G74: 100 | H74: 100 | I74: 100 | J74: 100 | K74: 100 | L74: =(D74+E74+F74+G74+H74+I74+J74+K74)/8 -> 87.5 | M74: ='PENULISAN LAPORAN'!N73 -> 33.6875 | N74: 0 | O74: 0 | P74: 0 | Q74: 0 | R74: 0 | S74: 0 | T74: 0 | U74: 0 | V74: =(N74+O74+P74+Q74+R74+S74+T74+U74)/8 -> 0 | W74: 70 | X74: 30 | Y74: 30 | Z74: 30 | AA74: 60 | AB74: 0 | AC74: 30 | AD74: 30 | AE74: =(W74+X74+Y74+Z74+AA74+AB74+AC74+AD74)/8 -> 35 | AF74: ='KEMAMPUAN PRAKTIKUM'!H74 -> 45 | AG74: ='KEMAMPUAN PRAKTIKUM'!M74 -> 51 | AH74: ='KEMAMPUAN PRAKTIKUM'!R74 -> 51 | AI74: ='KEMAMPUAN PRAKTIKUM'!W74 -> 60 | AJ74: ='KEMAMPUAN PRAKTIKUM'!AB74 -> 60 | AK74: ='KEMAMPUAN PRAKTIKUM'!AG74 -> 0 | AL74: ='KEMAMPUAN PRAKTIKUM'!AL74 -> 57 | AM74: ='KEMAMPUAN PRAKTIKUM'!AQ74 -> 75 | AN74: =AVERAGE(AF74:AM74) -> 49.875
A75: ='INPUT DAFTAR PESERTA'!A73 -> 70 | B75: ='INPUT DAFTAR PESERTA'!B73 -> 2509056059 | C75: ='INPUT DAFTAR PESERTA'!C73 -> Wildan Akmal Zaky | D75: 100 | E75: 100 | F75: 100 | G75: 100 | H75: 100 | I75: 100 | J75: 100 | K75: 100 | L75: =(D75+E75+F75+G75+H75+I75+J75+K75)/8 -> 100 | M75: ='PENULISAN LAPORAN'!N74 -> 59.28125 | N75: 90 | O75: 90 | P75: 90 | Q75: 90 | R75: 90 | S75: 90 | T75: 90 | U75: 90 | V75: =(N75+O75+P75+Q75+R75+S75+T75+U75)/8 -> 90 | W75: 70 | X75: 60 | Y75: 80 | Z75: 70 | AA75: 80 | AB75: 70 | AC75: 30 | AD75: 80 | AE75: =(W75+X75+Y75+Z75+AA75+AB75+AC75+AD75)/8 -> 67.5 | AF75: ='KEMAMPUAN PRAKTIKUM'!H75 -> 90 | AG75: ='KEMAMPUAN PRAKTIKUM'!M75 -> 75 | AH75: ='KEMAMPUAN PRAKTIKUM'!R75 -> 57 | AI75: ='KEMAMPUAN PRAKTIKUM'!W75 -> 72 | AJ75: ='KEMAMPUAN PRAKTIKUM'!AB75 -> 45 | AK75: ='KEMAMPUAN PRAKTIKUM'!AG75 -> 75 | AL75: ='KEMAMPUAN PRAKTIKUM'!AL75 -> 57 | AM75: ='KEMAMPUAN PRAKTIKUM'!AQ75 -> 57 | AN75: =AVERAGE(AF75:AM75) -> 66
A76: ='INPUT DAFTAR PESERTA'!A74 -> 71 | B76: ='INPUT DAFTAR PESERTA'!B74 -> 2509056060 | C76: ='INPUT DAFTAR PESERTA'!C74 -> Daglish Santos Peke Deku | E76: 0 | H76: 0 | I76: 0 | L76: =(D76+E76+F76+G76+H76+I76+J76+K76)/8 -> 0 | M76: ='PENULISAN LAPORAN'!N75 -> 0 | N76: 0 | O76: 0 | P76: 0 | Q76: 0 | R76: 0 | S76: 0 | T76: 0 | U76: 0 | V76: =(N76+O76+P76+Q76+R76+S76+T76+U76)/8 -> 0 | X76: 0 | AA76: 0 | AB76: 0 | AE76: =(W76+X76+Y76+Z76+AA76+AB76+AC76+AD76)/8 -> 0 | AF76: ='KEMAMPUAN PRAKTIKUM'!H76 -> 0 | AG76: ='KEMAMPUAN PRAKTIKUM'!M76 -> 0 | AH76: ='KEMAMPUAN PRAKTIKUM'!R76 -> 0 | AI76: ='KEMAMPUAN PRAKTIKUM'!W76 -> 0 | AJ76: ='KEMAMPUAN PRAKTIKUM'!AB76 -> 30 | AK76: ='KEMAMPUAN PRAKTIKUM'!AG76 -> 0 | AL76: ='KEMAMPUAN PRAKTIKUM'!AL76 -> 0 | AM76: ='KEMAMPUAN PRAKTIKUM'!AQ76 -> 0 | AN76: =AVERAGE(AF76:AM76) -> 3.75
A77: ='INPUT DAFTAR PESERTA'!A75 -> 72 | B77: ='INPUT DAFTAR PESERTA'!B75 -> 2509056061 | C77: ='INPUT DAFTAR PESERTA'!C75 -> Muhammad Yazid Ilmani | E77: 100 | F77: 100 | G77: 100 | H77: 100 | I77: 100 | J77: 100 | K77: 100 | L77: =(D77+E77+F77+G77+H77+I77+J77+K77)/8 -> 87.5 | M77: ='PENULISAN LAPORAN'!N76 -> 62.6875 | N77: 90 | O77: 90 | P77: 90 | Q77: 90 | R77: 90 | S77: 90 | T77: 90 | U77: 90 | V77: =(N77+O77+P77+Q77+R77+S77+T77+U77)/8 -> 90 | W77: 70 | X77: 70 | Y77: 80 | Z77: 70 | AA77: 80 | AB77: 80 | AC77: 60 | AD77: 80 | AE77: =(W77+X77+Y77+Z77+AA77+AB77+AC77+AD77)/8 -> 73.75 | AF77: ='KEMAMPUAN PRAKTIKUM'!H77 -> 60 | AG77: ='KEMAMPUAN PRAKTIKUM'!M77 -> 60 | AH77: ='KEMAMPUAN PRAKTIKUM'!R77 -> 51 | AI77: ='KEMAMPUAN PRAKTIKUM'!W77 -> 72 | AJ77: ='KEMAMPUAN PRAKTIKUM'!AB77 -> 57 | AK77: ='KEMAMPUAN PRAKTIKUM'!AG77 -> 75 | AL77: ='KEMAMPUAN PRAKTIKUM'!AL77 -> 87 | AM77: ='KEMAMPUAN PRAKTIKUM'!AQ77 -> 72 | AN77: =AVERAGE(AF77:AM77) -> 66.75
A78: ='INPUT DAFTAR PESERTA'!A76 -> 73 | B78: ='INPUT DAFTAR PESERTA'!B76 -> 2509056062 | C78: ='INPUT DAFTAR PESERTA'!C76 -> Reyhan Feryand Tandililing | D78: 100 | E78: 100 | F78: 100 | G78: 100 | H78: 100 | I78: 100 | J78: 100 | K78: 100 | L78: =(D78+E78+F78+G78+H78+I78+J78+K78)/8 -> 100 | M78: ='PENULISAN LAPORAN'!N77 -> 39.5625 | N78: 94 | O78: 94 | P78: 94 | Q78: 94 | R78: 94 | S78: 94 | T78: 94 | U78: 94 | V78: =(N78+O78+P78+Q78+R78+S78+T78+U78)/8 -> 94 | W78: 30 | X78: 30 | Z78: 30 | AA78: 70 | AB78: 30 | AC78: 30 | AD78: 70 | AE78: =(W78+X78+Y78+Z78+AA78+AB78+AC78+AD78)/8 -> 36.25 | AF78: ='KEMAMPUAN PRAKTIKUM'!H78 -> 75 | AG78: ='KEMAMPUAN PRAKTIKUM'!M78 -> 75 | AH78: ='KEMAMPUAN PRAKTIKUM'!R78 -> 57 | AI78: ='KEMAMPUAN PRAKTIKUM'!W78 -> 87 | AJ78: ='KEMAMPUAN PRAKTIKUM'!AB78 -> 45 | AK78: ='KEMAMPUAN PRAKTIKUM'!AG78 -> 75 | AL78: ='KEMAMPUAN PRAKTIKUM'!AL78 -> 72 | AM78: ='KEMAMPUAN PRAKTIKUM'!AQ78 -> 87 | AN78: =AVERAGE(AF78:AM78) -> 71.625
A79: ='INPUT DAFTAR PESERTA'!A77 -> 74 | B79: ='INPUT DAFTAR PESERTA'!B77 -> 2509056063 | C79: ='INPUT DAFTAR PESERTA'!C77 -> Riski Apryanto | E79: 0 | H79: 100 | I79: 100 | J79: 100 | L79: =(D79+E79+F79+G79+H79+I79+J79+K79)/8 -> 37.5 | M79: ='PENULISAN LAPORAN'!N78 -> 0 | N79: 92 | O79: 92 | P79: 92 | Q79: 92 | R79: 92 | S79: 92 | T79: 92 | U79: 92 | V79: =(N79+O79+P79+Q79+R79+S79+T79+U79)/8 -> 92 | X79: 0 | AA79: 0 | AB79: 0 | AE79: =(W79+X79+Y79+Z79+AA79+AB79+AC79+AD79)/8 -> 0 | AF79: ='KEMAMPUAN PRAKTIKUM'!H79 -> 0 | AG79: ='KEMAMPUAN PRAKTIKUM'!M79 -> 0 | AH79: ='KEMAMPUAN PRAKTIKUM'!R79 -> 0 | AI79: ='KEMAMPUAN PRAKTIKUM'!W79 -> 0 | AJ79: ='KEMAMPUAN PRAKTIKUM'!AB79 -> 30 | AK79: ='KEMAMPUAN PRAKTIKUM'!AG79 -> 75 | AL79: ='KEMAMPUAN PRAKTIKUM'!AL79 -> 0 | AM79: ='KEMAMPUAN PRAKTIKUM'!AQ79 -> 0 | AN79: =AVERAGE(AF79:AM79) -> 13.125
