Workbook

Sheet INPUT DAFTAR PESERTA
A3: NO | B3: NIM | C3: Nama | E3: WORKSHEET TEMPLATE
A4: 1 | B4: 2109046048 | C4: Rafif Fitriansyah Nasution | E4: SISTEM PENILAIAN PRAKTIKUM
A5: 2 | B5: 2109046053 | C5: Muhamaad Rizky Ramdani | E5: LABORATORIUM LAYANAN DASAR
A6: 3 | B6: 2409046015 | C6: Nur Fadillah Septadi
A7: 4 | B7: 2409046026 | C7: Aisha Aqmarina Fathiyya Hawwa
A8: 5 | B8: 2409046027 | C8: Faykar Alfarisi Armadani
A9: 6 | B9: 2409046034 | C9: Annisa Nurdin
A10: 7 | B10: 2409046042 | C10: Aflahal Aula
A11: 8 | B11: 2409046045 | C11: Jofan Ananda Sulle
A12: 9 | B12: 2409046046 | C12: Muhammad Ananda Harisyah Putra | E12: VER 2 (April 2025)
A13: 10 | B13: 2409046048 | C13: Zaid Iman At-Tamam
A14: 11 | B14: 2409046050 | C14: Fachri Zia Pasha
A15: 12 | B15: 2409046051 | C15: Aziffa Reisazalea | E15: Petunjuk Penggunaan Template
A16: 13 | B16: 2409046054 | C16: Suci Andra Pramitha
A17: 14 | B17: 2409046056 | C17: Reira Praditha | E17: 1. Isikan daftar peserta praktikum pada sheet "INPUT DAFTAR PESERTA"
A18: 15 | B18: 2409046060 | C18: Ainaya Salsabila | E18: (Disarankan untuk menyesuaikan dengan template disamping)
A19: 16 | B19: 2504096069 | C19: Hafidz Ihsan Izzuddin | E19: 2. Isian Nama dan NIM pada sheet selanjutnya akan terinput secara otomatis sesuai dengan isian sheet "INPUT DAFTAR PESERTA"
A20: 17 | B20: 2509046001 | C20: Nurman Dwi Prasetyo | E20: 3. Nilai praktikum diisikan pada sheet "PENULISAN LAPORAN", "LAPORAN RESMI", "KEMAMPUAN PRAKTIKUM dan "NILAI HARIAN"
A21: 18 | B21: 2509046002 | C21: Farid Akmal | E21: 4. Rekapitulasi nilai praktikum permodul akan terakumulasi secara otomatis pada sheet "NILAI AKHIR" dan PIE-CHART"
A22: 19 | B22: 2509046003 | C22: Azzahra Tusitha | E22: 5. Perubahan formula pada sistem menyesuaikan dengan aturan dan SOP terbaru penilaian praktikum Lab Elektro Dasar
A23: 20 | B23: 2509046004 | C23: Ahmadia Syarifah Lauradinta | E23: 6. Link akses Surat Keterangan Lulus Praktikum sebagai berikut:
A24: 21 | B24: 2509046005 | C24: Seysa Puji Annura
A25: 22 | B25: 2509046006 | C25: Gita Ramadhani Supriyadi | E25: 7. Link akses Sheet perkomponen sebagai berikut:
A26: 23 | B26: 2509046007 | C26: Fabio Cannavaro Sinaga | E26: Penulisan Laporan
A27: 24 | B27: 2509046008 | C27: Hayatun Nisa | E27: Laporan Resmi
A28: 25 | B28: 2509046009 | C28: Khalilah Denissa Ardia Cahyani | E28: Kemampuan Praktikum
A29: 26 | B29: 2509046010 | C29: Athila Nadya Zalikha | E29: Nilai Harian
A30: 27 | B30: 2509046011 | C30: Aditya Pratama | E30: Nilai Akhir
A31: 28 | B31: 2509046012 | C31: Atiiqah Permata Hati | E31: Pie Chart
A32: 29 | B32: 2509046013 | C32: Yolanda Denis Aprilia
A33: 30 | B33: 2509046014 | C33: Farah Najma
A34: 31 | B34: 2509046015 | C34: Muhammad Abdul Mu'in
A35: 32 | B35: 2509046016 | C35: Muhammad Rofiq Al-Hakim
A36: 33 | B36: 2509046017 | C36: Nadia Eka Pratiwi
A37: 34 | B37: 2509046018 | C37: Rayhana Erda Affiyah
A38: 35 | B38: 2509046019 | C38: Astrina Nadhiroh Illiyin
A39: 36 | B39: 2509046020 | C39: Muhammad Davindia Akmaluza
A40: 37 | B40: 2509046021 | C40: Muhammad Naufal Sabilillah
A41: 38 | B41: 2509046022 | C41: Miranda Nur Salsabila
A42: 39 | B42: 2509046023 | C42: Dinar Rahmatheta
A43: 40 | B43: 2509046024 | C43: Muh. Yasir Naufal
... A52: 49 | B52: 2509046033 | C52: Rifa Davina Zalfa
A53: 50 | B53: 2509046034 | C53: Nilna Fergita Nouriansa | E53: =PROPER(D53)
A54: 51 | B54: 2509046035 | C54: Sandi Prakoso
A55: 52 | B55: 2509046036 | C55: Yarasy Ebed Petra Richard Nanuru
A56: 53 | B56: 2509046037 | C56: Rasya Hanindya Putri
A57: 54 | B57: 2509046038 | C57: Stefania Diah Pramestirehi
A58: 55 | B58: 2509046039 | C58: Azarina Azzahra
A59: 56 | B59: 2509046040 | C59: Muhammad Bintang Anugrah
A60: 57 | B60: 2509046041 | C60: Marcel Rizky Indrawan
A61: 58 | B61: 2509046042 | C61: Mega Dwi Eriyanti
A62: 59 | B62: 2509046043 | C62: Jessen Jeremi Sinaga
A63: 60 | B63: 2509046044 | C63: Mohammad Bagus Leo Widiantara
A64: 61 | B64: 2509046045 | C64: Najwa Aliffah Falah
A65: 62 | B65: 2509046046 | C65: Jezlhine Suretno
... A97: 94 | B97: 2509046079 | C97: Muhamad Jailani

Sheet LAPORAN RESMI
A2: NO | B2: NIM | C2: NAMA | D2: Laporan Resmi | L2: Rata-rata
D3: Modul 1 | E3: Modul 2 | F3: Modul 3 | G3: Modul 4 | H3: Modul 5 | I3: Modul 6 | J3: Modul 7 | K3: Modul 8
A4: ='INPUT DAFTAR PESERTA'!A4 -> 1 | B4: ='INPUT DAFTAR PESERTA'!B4 -> 2109046048 | C4: ='INPUT DAFTAR PESERTA'!C4 -> Rafif Fitriansyah Nasution | D4: 86 | E4: 71 | F4: 96 | G4: 94 | H4: 95 | I4: 60 | J4: 87 | K4: 70 | L4: =(D4+E4+F4+G4+H4+I4+J4+K4)/8 -> 82.375
A5: ='INPUT DAFTAR PESERTA'!A5 -> 2 | B5: ='INPUT DAFTAR PESERTA'!B5 -> 2109046053 | C5: ='INPUT DAFTAR PESERTA'!C5 -> Muhamaad Rizky Ramdani | D5: 90 | E5: 50 | F5: 85 | G5: 90 | H5: 60 | I5: 60 | J5: 70 | K5: 70 | L5: =(D5+E5+F5+G5+H5+I5+J5+K5)/8 -> 71.875
A6: ='INPUT DAFTAR PESERTA'!A6 -> 3 | B6: ='INPUT DAFTAR PESERTA'!B6 -> 2409046015 | C6: ='INPUT DAFTAR PESERTA'!C6 -> Nur Fadillah Septadi | D6: 67 | E6: 75 | F6: 82 | G6: 80 | H6: 60 | I6: 30 | J6: 70 | K6: 95 | L6: =(D6+E6+F6+G6+H6+I6+J6+K6)/8 -> 69.875
A7: ='INPUT DAFTAR PESERTA'!A7 -> 4 | B7: ='INPUT DAFTAR PESERTA'!B7 -> 2409046026 | C7: ='INPUT DAFTAR PESERTA'!C7 -> Aisha Aqmarina Fathiyya Hawwa | D7: 98 | E7: 75 | F7: 95 | G7: 80 | H7: 80 | I7: 60 | J7: 70 | K7: 70 | L7: =(D7+E7+F7+G7+H7+I7+J7+K7)/8 -> 78.5
A8: ='INPUT DAFTAR PESERTA'!A8 -> 5 | B8: ='INPUT DAFTAR PESERTA'!B8 -> 2409046027 | C8: ='INPUT DAFTAR PESERTA'!C8 -> Faykar Alfarisi Armadani | D8: 29 | E8: 77 | F8: 100 | G8: 99 | H8: 99 | I8: 60 | J8: 90 | K8: 90 | L8: =(D8+E8+F8+G8+H8+I8+J8+K8)/8 -> 80.5
A9: ='INPUT DAFTAR PESERTA'!A9 -> 6 | B9: ='INPUT DAFTAR PESERTA'!B9 -> 2409046034 | C9: ='INPUT DAFTAR PESERTA'!C9 -> Annisa Nurdin | D9: 41.5 | E9: 87 | F9: 95 | G9: 92 | H9: 80 | I9: 60 | J9: 85 | K9: 70 | L9: =(D9+E9+F9+G9+H9+I9+J9+K9)/8 -> 76.3125
A10: ='INPUT DAFTAR PESERTA'!A10 -> 7 | B10: ='INPUT DAFTAR PESERTA'!B10 -> 2409046042 | C10: ='INPUT DAFTAR PESERTA'!C10 -> Aflahal Aula | D10: 45.5 | E10: 55 | F10: 100 | G10: 94 | H10: 100 | I10: 60 | J10: 90 | K10: 90 | L10: =(D10+E10+F10+G10+H10+I10+J10+K10)/8 -> 79.3125
A11: ='INPUT DAFTAR PESERTA'!A11 -> 8 | B11: ='INPUT DAFTAR PESERTA'!B11 -> 2409046045 | C11: ='INPUT DAFTAR PESERTA'!C11 -> Jofan Ananda Sulle | D11: 46 | E11: 80 | F11: 100 | G11: 99 | H11: 99 | I11: 60 | J11: 84 | K11: 85 | L11: =(D11+E11+F11+G11+H11+I11+J11+K11)/8 -> 81.625
A12: ='INPUT DAFTAR PESERTA'!A12 -> 9 | B12: ='INPUT DAFTAR PESERTA'!B12 -> 2409046046 | C12: ='INPUT DAFTAR PESERTA'!C12 -> Muhammad Ananda Harisyah Putra | D12: 90 | E12: 90 | F12: 90 | G12: 97 | H12: 100 | I12: 60 | J12: 96 | K12: 70 | L12: =(D12+E12+F12+G12+H12+I12+J12+K12)/8 -> 86.625
A13: ='INPUT DAFTAR PESERTA'!A13 -> 10 | B13: ='INPUT DAFTAR PESERTA'!B13 -> 2409046048 | C13: ='INPUT DAFTAR PESERTA'!C13 -> Zaid Iman At-Tamam | D13: 88 | E13: 82 | F13: 40 | G13: 88 | H13: 100 | I13: 40 | J13: 89 | K13: 70 | L13: =(D13+E13+F13+G13+H13+I13+J13+K13)/8 -> 74.625
A14: ='INPUT DAFTAR PESERTA'!A14 -> 11 | B14: ='INPUT DAFTAR PESERTA'!B14 -> 2409046050 | C14: ='INPUT DAFTAR PESERTA'!C14 -> Fachri Zia Pasha | D14: 85 | E14: 86 | F14: 100 | G14: 89 | H14: 100 | I14: 40 | J14: 75 | K14: 70 | L14: =(D14+E14+F14+G14+H14+I14+J14+K14)/8 -> 80.625
A15: ='INPUT DAFTAR PESERTA'!A15 -> 12 | B15: ='INPUT DAFTAR PESERTA'!B15 -> 2409046051 | C15: ='INPUT DAFTAR PESERTA'!C15 -> Aziffa Reisazalea | D15: 90 | E15: 93 | F15: 100 | G15: 89 | H15: 100 | I15: 80 | J15: 94 | K15: 70 | L15: =(D15+E15+F15+G15+H15+I15+J15+K15)/8 -> 89.5
... A18: ='INPUT DAFTAR PESERTA'!A18 -> 15 | B18: ='INPUT DAFTAR PESERTA'!B18 -> 2409046060 | C18: ='INPUT DAFTAR PESERTA'!C18 -> Ainaya Salsabila | D18: 90 | E18: 85 | F18: 98 | G18: 99 | H18: 80 | I18: 80 | J18: 98 | K18: 70 | L18: =(D18+E18+F18+G18+H18+I18+J18+K18)/8 -> 87.5
A19: ='INPUT DAFTAR PESERTA'!A19 -> 16 | B19: ='INPUT DAFTAR PESERTA'!B19 -> 2504096069 | C19: ='INPUT DAFTAR PESERTA'!C19 -> Hafidz Ihsan Izzuddin | L19: =(D19+E19+F19+G19+H19+I19+J19+K19)/8 -> 0
A20: ='INPUT DAFTAR PESERTA'!A20 -> 17 | B20: ='INPUT DAFTAR PESERTA'!B20 -> 2509046001 | C20: ='INPUT DAFTAR PESERTA'!C20 -> Nurman Dwi Prasetyo | D20: 80 | E20: 65 | F20: 90 | G20: 98 | H20: 80 | I20: 70 | J20: 60 | K20: 90 | L20: =(D20+E20+F20+G20+H20+I20+J20+K20)/8 -> 79.125
A21: ='INPUT DAFTAR PESERTA'!A21 -> 18 | B21: ='INPUT DAFTAR PESERTA'!B21 -> 2509046002 | C21: ='INPUT DAFTAR PESERTA'!C21 -> Farid Akmal | D21: 80 | E21: 85 | F21: 100 | G21: 94 | H21: 80 | I21: 100 | J21: 97 | K21: 98 | L21: =(D21+E21+F21+G21+H21+I21+J21+K21)/8 -> 91.75
A22: ='INPUT DAFTAR PESERTA'!A22 -> 19 | B22: ='INPUT DAFTAR PESERTA'!B22 -> 2509046003 | C22: ='INPUT DAFTAR PESERTA'!C22 -> Azzahra Tusitha | D22: 88 | E22: 95 | F22: 100 | G22: 98 | H22: 80 | I22: 100 | J22: 97 | K22: 98 | L22: =(D22+E22+F22+G22+H22+I22+J22+K22)/8 -> 94.5
A23: ='INPUT DAFTAR PESERTA'!A23 -> 20 | B23: ='INPUT DAFTAR PESERTA'!B23 -> 2509046004 | C23: ='INPUT DAFTAR PESERTA'!C23 -> Ahmadia Syarifah Lauradinta | D23: 75 | E23: 80 | F23: 95 | G23: 96 | H23: 80 | I23: 70 | J23: 70 | K23: 85 | L23: =(D23+E23+F23+G23+H23+I23+J23+K23)/8 -> 81.375
A24: ='INPUT DAFTAR PESERTA'!A24 -> 21 | B24: ='INPUT DAFTAR PESERTA'!B24 -> 2509046005 | C24: ='INPUT DAFTAR PESERTA'!C24 -> Seysa Puji Annura | D24: 80 | E24: 57 | F24: 60 | G24: 96 | H24: 80 | I24: 60 | J24: 70 | K24: 50 | L24: =(D24+E24+F24+G24+H24+I24+J24+K24)/8 -> 69.125
A25: ='INPUT DAFTAR PESERTA'!A25 -> 22 | B25: ='INPUT DAFTAR PESERTA'!B25 -> 2509046006 | C25: ='INPUT DAFTAR PESERTA'!C25 -> Gita Ramadhani Supriyadi | L25: =(D25+E25+F25+G25+H25+I25+J25+K25)/8 -> 0
A26: ='INPUT DAFTAR PESERTA'!A26 -> 23 | B26: ='INPUT DAFTAR PESERTA'!B26 -> 2509046007 | C26: ='INPUT DAFTAR PESERTA'!C26 -> Fabio Cannavaro Sinaga | D26: 90 | E26: 78 | F26: 100 | G26: 91 | H26: 80 | I26: 70 | J26: 95 | K26: 90 | L26: =(D26+E26+F26+G26+H26+I26+J26+K26)/8 -> 86.75
A27: ='INPUT DAFTAR PESERTA'!A27 -> 24 | B27: ='INPUT DAFTAR PESERTA'!B27 -> 2509046008 | C27: ='INPUT DAFTAR PESERTA'!C27 -> Hayatun Nisa | D27: 86 | E27: 64 | F27: 98 | G27: 96 | H27: 80 | I27: 35 | J27: 85 | K27: 70 | L27: =(D27+E27+F27+G27+H27+I27+J27+K27)/8 -> 76.75
A28: ='INPUT DAFTAR PESERTA'!A28 -> 25 | B28: ='INPUT DAFTAR PESERTA'!B28 -> 2509046009 | C28: ='INPUT DAFTAR PESERTA'!C28 -> Khalilah Denissa Ardia Cahyani | D28: 40 | E28: 40 | F28: 85 | G28: 30 | H28: 80 | I28: 15 | J28: 20 | K28: 70 | L28: =(D28+E28+F28+G28+H28+I28+J28+K28)/8 -> 47.5
A29: ='INPUT DAFTAR PESERTA'!A29 -> 26 | B29: ='INPUT DAFTAR PESERTA'!B29 -> 2509046010 | C29: ='INPUT DAFTAR PESERTA'!C29 -> Athila Nadya Zalikha | L29: =(D29+E29+F29+G29+H29+I29+J29+K29)/8 -> 0
A30: ='INPUT DAFTAR PESERTA'!A30 -> 27 | B30: ='INPUT DAFTAR PESERTA'!B30 -> 2509046011 | C30: ='INPUT DAFTAR PESERTA'!C30 -> Aditya Pratama | L30: =(D30+E30+F30+G30+H30+I30+J30+K30)/8 -> 0
A31: ='INPUT DAFTAR PESERTA'!A31 -> 28 | B31: ='INPUT DAFTAR PESERTA'!B31 -> 2509046012 | C31: ='INPUT DAFTAR PESERTA'!C31 -> Atiiqah Permata Hati | D31: 85 | E31: 0 | F31: 50 | G31: 83 | H31: 60 | I31: 40 | J31: 85 | K31: 70 | L31: =(D31+E31+F31+G31+H31+I31+J31+K31)/8 -> 59.125
A32: ='INPUT DAFTAR PESERTA'!A32 -> 29 | B32: ='INPUT DAFTAR PESERTA'!B32 -> 2509046013 | C32: ='INPUT DAFTAR PESERTA'!C32 -> Yolanda Denis Aprilia | D32: 92 | E32: 65 | F32: 95 | G32: 91 | H32: 85 | I32: 60 | J32: 80 | K32: 70 | L32: =(D32+E32+F32+G32+H32+I32+J32+K32)/8 -> 79.75
A33: ='INPUT DAFTAR PESERTA'!A33 -> 30 | B33: ='INPUT DAFTAR PESERTA'!B33 -> 2509046014 | C33: ='INPUT DAFTAR PESERTA'!C33 -> Farah Najma | D33: 86 | E33: 77 | F33: 50 | G33: 61 | H33: 80 | I33: 50 | J33: 80 | K33: 90 | L33: =(D33+E33+F33+G33+H33+I33+J33+K33)/8 -> 71.75
A34: ='INPUT DAFTAR PESERTA'!A34 -> 31 | B34: ='INPUT DAFTAR PESERTA'!B34 -> 2509046015 | C34: ='INPUT DAFTAR PESERTA'!C34 -> Muhammad Abdul Mu'in | D34: 92 | E34: 44 | F34: 100 | G34: 92 | H34: 80 | I34: 45 | J34: 88 | K34: 90 | L34: =(D34+E34+F34+G34+H34+I34+J34+K34)/8 -> 78.875
A35: ='INPUT DAFTAR PESERTA'!A35 -> 32 | B35: ='INPUT DAFTAR PESERTA'!B35 -> 2509046016 | C35: ='INPUT DAFTAR PESERTA'!C35 -> Muhammad Rofiq Al-Hakim | L35: =(D35+E35+F35+G35+H35+I35+J35+K35)/8 -> 0
A36: ='INPUT DAFTAR PESERTA'!A36 -> 33 | B36: ='INPUT DAFTAR PESERTA'!B36 -> 2509046017 | C36: ='INPUT DAFTAR PESERTA'!C36 -> Nadia Eka Pratiwi | D36: 90 | E36: 76 | F36: 100 | G36: 93 | H36: 80 | I36: 100 | J36: 98 | K36: 100 | L36: =(D36+E36+F36+G36+H36+I36+J36+K36)/8 -> 92.125
A37: ='INPUT DAFTAR PESERTA'!A37 -> 34 | B37: ='INPUT DAFTAR PESERTA'!B37 -> 2509046018 | C37: ='INPUT DAFTAR PESERTA'!C37 -> Rayhana Erda Affiyah | D37: 95 | E37: 71 | F37: 85 | G37: 95 | H37: 80 | I37: 100 | J37: 96 | K37: 95 | L37: =(D37+E37+F37+G37+H37+I37+J37+K37)/8 -> 89.625
A38: ='INPUT DAFTAR PESERTA'!A38 -> 35 | B38: ='INPUT DAFTAR PESERTA'!B38 -> 2509046019 | C38: ='INPUT DAFTAR PESERTA'!C38 -> Astrina Nadhiroh Illiyin | D38: 87 | E38: 62 | F38: 98 | G38: 97 | H38: 80 | I38: 70 | J38: 97 | K38: 75 | L38: =(D38+E38+F38+G38+H38+I38+J38+K38)/8 -> 83.25
A39: ='INPUT DAFTAR PESERTA'!A39 -> 36 | B39: ='INPUT DAFTAR PESERTA'!B39 -> 2509046020 | C39: ='INPUT DAFTAR PESERTA'!C39 -> Muhammad Davindia Akmaluza | L39: =(D39+E39+F39+G39+H39+I39+J39+K39)/8 -> 0
A40: ='INPUT DAFTAR PESERTA'!A40 -> 37 | B40: ='INPUT DAFTAR PESERTA'!B40 -> 2509046021 | C40: ='INPUT DAFTAR PESERTA'!C40 -> Muhammad Naufal Sabilillah | D40: 85 | E40: 70 | F40: 98 | G40: 99 | H40: 80 | I40: 100 | J40: 97 | K40: 98 | L40: =(D40+E40+F40+G40+H40+I40+J40+K40)/8 -> 90.875
A41: ='INPUT DAFTAR PESERTA'!A41 -> 38 | B41: ='INPUT DAFTAR PESERTA'!B41 -> 2509046022 | C41: ='INPUT DAFTAR PESERTA'!C41 -> Miranda Nur Salsabila | D41: 85 | E41: 71 | F41: 100 | G41: 96 | H41: 90 | I41: 75 | J41: 96 | K41: 95 | L41: =(D41+E41+F41+G41+H41+I41+J41+K41)/8 -> 88.5
A42: ='INPUT DAFTAR PESERTA'!A42 -> 39 | B42: ='INPUT DAFTAR PESERTA'!B42 -> 2509046023 | C42: ='INPUT DAFTAR PESERTA'!C42 -> Dinar Rahmatheta | D42: 100 | E42: 70 | F42: 98 | G42: 96 | H42: 80 | I42: 55 | J42: 90 | K42: 90 | L42: =(D42+E42+F42+G42+H42+I42+J42+K42)/8 -> 84.875
A43: ='INPUT DAFTAR PESERTA'!A43 -> 40 | B43: ='INPUT DAFTAR PESERTA'!B43 -> 2509046024 | C43: ='INPUT DAFTAR PESERTA'!C43 -> Muh. Yasir Naufal | L43: =(D43+E43+F43+G43+H43+I43+J43+K43)/8 -> 0
A44: ='INPUT DAFTAR PESERTA'!A44 -> 41 | B44: ='INPUT DAFTAR PESERTA'!B44 -> 2509046025 | C44: ='INPUT DAFTAR PESERTA'!C44 -> Andi Nada Bunga Zahra | D44: 85 | E44: 86 | F44: 95 | G44: 98 | H44: 80 | I44: 70 | J44: 97 | K44: 98 | L44: =(D44+E44+F44+G44+H44+I44+J44+K44)/8 -> 88.625
A45: ='INPUT DAFTAR PESERTA'!A45 -> 42 | B45: ='INPUT DAFTAR PESERTA'!B45 -> 2509046026 | C45: ='INPUT DAFTAR PESERTA'!C45 -> Nabil Rafif Makarim | D45: 100 | E45: 52 | F45: 65 | G45: 91 | H45: 70 | I45: 60 | J45: 83 | K45: 70 | L45: =(D45+E45+F45+G45+H45+I45+J45+K45)/8 -> 73.875
A46: ='INPUT DAFTAR PESERTA'!A46 -> 43 | B46: ='INPUT DAFTAR PESERTA'!B46 -> 2509046027 | C46: ='INPUT DAFTAR PESERTA'!C46 -> Natasya Camelia Az-Zahra | D46: 100 | E46: 80 | F46: 98 | G46: 96 | H46: 80 | I46: 70 | J46: 90 | K46: 98 | L46: =(D46+E46+F46+G46+H46+I46+J46+K46)/8 -> 89
A47: ='INPUT DAFTAR PESERTA'!A47 -> 44 | B47: ='INPUT DAFTAR PESERTA'!B47 -> 2509046028 | C47: ='INPUT DAFTAR PESERTA'!C47 -> Afirah Al Abidah | D47: 22 | E47: 12 | F47: 18 | G47: 88 | H47: 60 | I47: 40 | J47: 5 | K47: 70 | L47: =(D47+E47+F47+G47+H47+I47+J47+K47)/8 -> 39.375
A48: ='INPUT DAFTAR PESERTA'!A48 -> 45 | B48: ='INPUT DAFTAR PESERTA'!B48 -> 2509046029 | C48: ='INPUT DAFTAR PESERTA'!C48 -> Anisa Syalwa | D48: 95 | E48: 72 | F48: 40 | G48: 50 | H48: 60 | I48: 50 | J48: 86 | K48: 70 | L48: =(D48+E48+F48+G48+H48+I48+J48+K48)/8 -> 65.375
A49: ='INPUT DAFTAR PESERTA'!A49 -> 46 | B49: ='INPUT DAFTAR PESERTA'!B49 -> 2509046030 | C49: ='INPUT DAFTAR PESERTA'!C49 -> Fikri Firoos Kinarya | D49: 95 | E49: 65 | F49: 80 | G49: 0 | H49: 80 | I49: 75 | J49: 75 | K49: 95 | L49: =(D49+E49+F49+G49+H49+I49+J49+K49)/8 -> 70.625
A50: ='INPUT DAFTAR PESERTA'!A50 -> 47 | B50: ='INPUT DAFTAR PESERTA'!B50 -> 2509046031 | C50: ='INPUT DAFTAR PESERTA'!C50 -> Armitha Luthfiana Andini | D50: 86 | E50: 65 | F50: 85 | G50: 0 | H50: 80 | I50: 70 | J50: 90 | K50: 90 | L50: =(D50+E50+F50+G50+H50+I50+J50+K50)/8 -> 70.75
A51: ='INPUT DAFTAR PESERTA'!A51 -> 48 | B51: ='INPUT DAFTAR PESERTA'!B51 -> 2509046032 | C51: ='INPUT DAFTAR PESERTA'!C51 -> Fabio Aditya Purnomo | D51: 86 | E51: 55 | F51: 75 | G51: 89 | H51: 80 | I51: 100 | J51: 88 | K51: 80 | L51: =(D51+E51+F51+G51+H51+I51+J51+K51)/8 -> 81.625
A52: ='INPUT DAFTAR PESERTA'!A52 -> 49 | B52: ='INPUT DAFTAR PESERTA'!B52 -> 2509046033 | C52: ='INPUT DAFTAR PESERTA'!C52 -> Rifa Davina Zalfa | D52: 86 | E52: 73 | F52: 100 | G52: 96 | H52: 80 | I52: 60 | J52: 98 | K52: 90 | L52: =(D52+E52+F52+G52+H52+I52+J52+K52)/8 -> 85.375
A53: ='INPUT DAFTAR PESERTA'!A53 -> 50 | B53: ='INPUT DAFTAR PESERTA'!B53 -> 2509046034 | C53: ='INPUT DAFTAR PESERTA'!C53 -> Nilna Fergita Nouriansa | D53: 86 | E53: 80 | F53: 100 | G53: 99 | H53: 80 | I53: 60 | J53: 90 | K53: 85 | L53: =(D53+E53+F53+G53+H53+I53+J53+K53)/8 -> 85
A54: ='INPUT DAFTAR PESERTA'!A54 -> 51 | B54: ='INPUT DAFTAR PESERTA'!B54 -> 2509046035 | C54: ='INPUT DAFTAR PESERTA'!C54 -> Sandi Prakoso | L54: =(D54+E54+F54+G54+H54+I54+J54+K54)/8 -> 0
A55: ='INPUT DAFTAR PESERTA'!A55 -> 52 | B55: ='INPUT DAFTAR PESERTA'!B55 -> 2509046036 | C55: ='INPUT DAFTAR PESERTA'!C55 -> Yarasy Ebed Petra Richard Nanuru | L55: =(D55+E55+F55+G55+H55+I55+J55+K55)/8 -> 0
A56: ='INPUT DAFTAR PESERTA'!A56 -> 53 | B56: ='INPUT DAFTAR PESERTA'!B56 -> 2509046037 | C56: ='INPUT DAFTAR PESERTA'!C56 -> Rasya Hanindya Putri | L56: =(D56+E56+F56+G56+H56+I56+J56+K56)/8 -> 0
A57: ='INPUT DAFTAR PESERTA'!A57 -> 54 | B57: ='INPUT DAFTAR PESERTA'!B57 -> 2509046038 | C57: ='INPUT DAFTAR PESERTA'!C57 -> Stefania Diah Pramestirehi | D57: 80 | E57: 83 | F57: 95 | G57: 99 | H57: 80 | I57: 100 | J57: 90 | K57: 80 | L57: =(D57+E57+F57+G57+H57+I57+J57+K57)/8 -> 88.375
A58: ='INPUT DAFTAR PESERTA'!A58 -> 55 | B58: ='INPUT DAFTAR PESERTA'!B58 -> 2509046039 | C58: ='INPUT DAFTAR PESERTA'!C58 -> Azarina Azzahra | D58: 100 | E58: 98 | F58: 100 | G58: 98 | H58: 80 | I58: 100 | J58: 96 | K58: 98 | L58: =(D58+E58+F58+G58+H58+I58+J58+K58)/8 -> 96.25
A59: ='INPUT DAFTAR PESERTA'!A59 -> 56 | B59: ='INPUT DAFTAR PESERTA'!B59 -> 2509046040 | C59: ='INPUT DAFTAR PESERTA'!C59 -> Muhammad Bintang Anugrah | D59: 95 | E59: 82 | F59: 85 | G59: 98 | H59: 80 | I59: 80 | J59: 90 | K59: 90 | L59: =(D59+E59+F59+G59+H59+I59+J59+K59)/8 -> 87.5
A60: ='INPUT DAFTAR PESERTA'!A60 -> 57 | B60: ='INPUT DAFTAR PESERTA'!B60 -> 2509046041 | C60: ='INPUT DAFTAR PESERTA'!C60 -> Marcel Rizky Indrawan | D60: 80 | E60: 69 | F60: 50 | G60: 92 | H60: 80 | I60: 60 | J60: 89 | K60: 90 | L60: =(D60+E60+F60+G60+H60+I60+J60+K60)/8 -> 76.25
A61: ='INPUT DAFTAR PESERTA'!A61 -> 58 | B61: ='INPUT DAFTAR PESERTA'!B61 -> 2509046042 | C61: ='INPUT DAFTAR PESERTA'!C61 -> Mega Dwi Eriyanti | D61: 100 | E61: 90 | F61: 100 | G61: 98 | H61: 80 | I61: 70 | J61: 95 | K61: 98 | L61: =(D61+E61+F61+G61+H61+I61+J61+K61)/8 -> 91.375
A62: ='INPUT DAFTAR PESERTA'!A62 -> 59 | B62: ='INPUT DAFTAR PESERTA'!B62 -> 2509046043 | C62: ='INPUT DAFTAR PESERTA'!C62 -> Jessen Jeremi Sinaga | L62: =(D62+E62+F62+G62+H62+I62+J62+K62)/8 -> 0
A63: ='INPUT DAFTAR PESERTA'!A63 -> 60 | B63: ='INPUT DAFTAR PESERTA'!B63 -> 2509046044 | C63: ='INPUT DAFTAR PESERTA'!C63 -> Mohammad Bagus Leo Widiantara | L63: =(D63+E63+F63+G63+H63+I63+J63+K63)/8 -> 0
A64: ='INPUT DAFTAR PESERTA'!A64 -> 61 | B64: ='INPUT DAFTAR PESERTA'!B64 -> 2509046045 | C64: ='INPUT DAFTAR PESERTA'!C64 -> Najwa Aliffah Falah | L64: =(D64+E64+F64+G64+H64+I64+J64+K64)/8 -> 0
A65: ='INPUT DAFTAR PESERTA'!A65 -> 62 | B65: ='INPUT DAFTAR PESERTA'!B65 -> 2509046046 | C65: ='INPUT DAFTAR PESERTA'!C65 -> Jezlhine Suretno | D65: 20 | E65: 65 | F65: 80 | G65: 89 | H65: 80 | I65: 20 | J65: 40 | K65: 90 | L65: =(D65+E65+F65+G65+H65+I65+J65+K65)/8 -> 60.5
A66: ='INPUT DAFTAR PESERTA'!A66 -> 63 | B66: ='INPUT DAFTAR PESERTA'!B66 -> 2509046047 | C66: ='INPUT DAFTAR PESERTA'!C66 -> Gideon Giorgy Aipassa | D66: 50 | E66: 55 | F66: 80 | G66: 53 | H66: 80 | I66: 35 | J66: 33 | K66: 85 | L66: =(D66+E66+F66+G66+H66+I66+J66+K66)/8 -> 58.875
A67: ='INPUT DAFTAR PESERTA'!A67 -> 64 | B67: ='INPUT DAFTAR PESERTA'!B67 -> 2509046048 | C67: ='INPUT DAFTAR PESERTA'!C67 -> Talitha Kayana Nugroho | D67: 20 | E67: 52 | F67: 70 | G67: 85 | H67: 80 | I67: 25 | J67: 65 | K67: 70 | L67: =(D67+E67+F67+G67+H67+I67+J67+K67)/8 -> 58.375
A68: ='INPUT DAFTAR PESERTA'!A68 -> 65 | B68: ='INPUT DAFTAR PESERTA'!B68 -> 2509046049 | C68: ='INPUT DAFTAR PESERTA'!C68 -> Josef Alexandro Wijaya Kusuma | L68: =(D68+E68+F68+G68+H68+I68+J68+K68)/8 -> 0
A69: ='INPUT DAFTAR PESERTA'!A69 -> 66 | B69: ='INPUT DAFTAR PESERTA'!B69 -> 2509046050 | C69: ='INPUT DAFTAR PESERTA'!C69 -> Surya Buana Putra Kamil | D69: 0 | E69: 0 | F69: 0 | G69: 0 | H69: 60 | I69: 60 | J69: 0 | K69: 70 | L69: =(D69+E69+F69+G69+H69+I69+J69+K69)/8 -> 23.75
A70: ='INPUT DAFTAR PESERTA'!A70 -> 67 | B70: ='INPUT DAFTAR PESERTA'!B70 -> 2509046051 | C70: ='INPUT DAFTAR PESERTA'!C70 -> Arifatus Saidah | D70: 37 | E70: 0 | F70: 0 | G70: 87 | H70: 60 | I70: 0 | J70: 0 | K70: 70 | L70: =(D70+E70+F70+G70+H70+I70+J70+K70)/8 -> 31.75
A71: ='INPUT DAFTAR PESERTA'!A71 -> 68 | B71: ='INPUT DAFTAR PESERTA'!B71 -> 2509046052 | C71: ='INPUT DAFTAR PESERTA'!C71 -> Syarifah Sarah Ashilah | D71: 87 | E71: 85 | F71: 98 | G71: 99 | H71: 80 | I71: 45 | J71: 96 | K71: 95 | L71: =(D71+E71+F71+G71+H71+I71+J71+K71)/8 -> 85.625
A72: ='INPUT DAFTAR PESERTA'!A72 -> 69 | B72: ='INPUT DAFTAR PESERTA'!B72 -> 2509046053 | C72: ='INPUT DAFTAR PESERTA'!C72 -> Muhammad Aufa Syarif Prabowo | L72: =(D72+E72+F72+G72+H72+I72+J72+K72)/8 -> 0
A73: ='INPUT DAFTAR PESERTA'!A73 -> 70 | B73: ='INPUT DAFTAR PESERTA'!B73 -> 2509046054 | C73: ='INPUT DAFTAR PESERTA'!C73 -> Kezia Aulia Putri | L73: =(D73+E73+F73+G73+H73+I73+J73+K73)/8 -> 0
A74: ='INPUT DAFTAR PESERTA'!A74 -> 71 | B74: ='INPUT DAFTAR PESERTA'!B74 -> 2509046055 | C74: ='INPUT DAFTAR PESERTA'!C74 -> Nailah Aisya Ainurrahman | D74: 86 | E74: 51 | F74: 85 | G74: 95 | H74: 80 | I74: 30 | J74: 94 | K74: 82 | L74: =(D74+E74+F74+G74+H74+I74+J74+K74)/8 -> 75.375
A75: ='INPUT DAFTAR PESERTA'!A75 -> 72 | B75: ='INPUT DAFTAR PESERTA'!B75 -> 2509046056 | C75: ='INPUT DAFTAR PESERTA'!C75 -> Nadine Olivia | D75: 80 | E75: 68 | F75: 100 | G75: 96 | H75: 60 | I75: 65 | J75: 97 | K75: 70 | L75: =(D75+E75+F75+G75+H75+I75+J75+K75)/8 -> 79.5
A76: ='INPUT DAFTAR PESERTA'!A76 -> 73 | B76: ='INPUT DAFTAR PESERTA'!B76 -> 2509046057 | C76: ='INPUT DAFTAR PESERTA'!C76 -> Fadhaail Ali Syaban | L76: =(D76+E76+F76+G76+H76+I76+J76+K76)/8 -> 0
A77: ='INPUT DAFTAR PESERTA'!A77 -> 74 | B77: ='INPUT DAFTAR PESERTA'!B77 -> 2509046058 | C77: ='INPUT DAFTAR PESERTA'!C77 -> Tri Partogi Utama Manalu | D77: 37 | E77: 50 | F77: 40 | G77: 60 | H77: 60 | I77: 28 | J77: 80 | K77: 70 | L77: =(D77+E77+F77+G77+H77+I77+J77+K77)/8 -> 53.125
A78: ='INPUT DAFTAR PESERTA'!A78 -> 75 | B78: ='INPUT DAFTAR PESERTA'!B78 -> 2509046059 | C78: ='INPUT DAFTAR PESERTA'!C78 -> Fa'iz Pasha Novian | L78: =(D78+E78+F78+G78+H78+I78+J78+K78)/8 -> 0
A79: ='INPUT DAFTAR PESERTA'!A79 -> 76 | B79: ='INPUT DAFTAR PESERTA'!B79 -> 2509046060 | C79: ='INPUT DAFTAR PESERTA'!C79 -> Shasya Tri Fauziah | D79: 85 | E79: 95 | F79: 95 | G79: 97 | H79: 80 | I79: 55 | J79: 93 | K79: 90 | L79: =(D79+E79+F79+G79+H79+I79+J79+K79)/8 -> 86.25
A80: ='INPUT DAFTAR PESERTA'!A80 -> 77 | B80: ='INPUT DAFTAR PESERTA'!B80 -> 2509046061 | C80: ='INPUT DAFTAR PESERTA'!C80 -> Alyah Nur Jannah | D80: 50 | E80: 50 | F80: 40 | G80: 0 | H80: 60 | I80: 60 | J80: 0 | K80: 40 | L80: =(D80+E80+F80+G80+H80+I80+J80+K80)/8 -> 37.5
A81: ='INPUT DAFTAR PESERTA'!A81 -> 78 | B81: ='INPUT DAFTAR PESERTA'!B81 -> 2509046062 | C81: ='INPUT DAFTAR PESERTA'!C81 -> Rendi Sidebang | D81: 55 | E81: 45 | F81: 90 | G81: 95 | H81: 80 | I81: 35 | J81: 80 | K81: 88 | L81: =(D81+E81+F81+G81+H81+I81+J81+K81)/8 -> 71
A82: ='INPUT DAFTAR PESERTA'!A82 -> 79 | B82: ='INPUT DAFTAR PESERTA'!B82 -> 2509046063 | C82: ='INPUT DAFTAR PESERTA'!C82 -> Panca Vito Anandio | L82: =(D82+E82+F82+G82+H82+I82+J82+K82)/8 -> 0
A83: ='INPUT DAFTAR PESERTA'!A83 -> 80 | B83: ='INPUT DAFTAR PESERTA'!B83 -> 2509046064 | C83: ='INPUT DAFTAR PESERTA'!C83 -> Nabila Lestari | D83: 85 | E83: 40 | F83: 90 | G83: 57 | H83: 60 | I83: 30 | J83: 15 | K83: 90 | L83: =(D83+E83+F83+G83+H83+I83+J83+K83)/8 -> 58.375
A84: ='INPUT DAFTAR PESERTA'!A84 -> 81 | B84: ='INPUT DAFTAR PESERTA'!B84 -> 2509046065 | C84: ='INPUT DAFTAR PESERTA'!C84 -> Muhammad Mudrikah Salim | L84: =(D84+E84+F84+G84+H84+I84+J84+K84)/8 -> 0
A85: ='INPUT DAFTAR PESERTA'!A85 -> 82 | B85: ='INPUT DAFTAR PESERTA'!B85 -> 2509046066 | C85: ='INPUT DAFTAR PESERTA'!C85 -> Nisriina Nahdah Hizbullah | D85: 30 | E85: 54 | F85: 95 | G85: 94 | H85: 60 | I85: 60 | J85: 65 | K85: 90 | L85: =(D85+E85+F85+G85+H85+I85+J85+K85)/8 -> 68.5
A86: ='INPUT DAFTAR PESERTA'!A86 -> 83 | B86: ='INPUT DAFTAR PESERTA'!B86 -> 2509046067 | C86: ='INPUT DAFTAR PESERTA'!C86 -> Rhooid Azzaky | L86: =(D86+E86+F86+G86+H86+I86+J86+K86)/8 -> 0
A87: ='INPUT DAFTAR PESERTA'!A87 -> 84 | B87: ='INPUT DAFTAR PESERTA'!B87 -> 2509046068 | C87: ='INPUT DAFTAR PESERTA'!C87 -> Olga Agnes Violeta Simatupang | D87: 12 | E87: 15 | F87: 25 | G87: 0 | H87: 60 | I87: 0 | J87: 76 | K87: 70 | L87: =(D87+E87+F87+G87+H87+I87+J87+K87)/8 -> 32.25
A88: ='INPUT DAFTAR PESERTA'!A88 -> 85 | B88: ='INPUT DAFTAR PESERTA'!B88 -> 2509046070 | C88: ='INPUT DAFTAR PESERTA'!C88 -> Muhammad Ibrahim Habibullah | L88: =(D88+E88+F88+G88+H88+I88+J88+K88)/8 -> 0
A89: ='INPUT DAFTAR PESERTA'!A89 -> 86 | B89: ='INPUT DAFTAR PESERTA'!B89 -> 2509046071 | C89: ='INPUT DAFTAR PESERTA'!C89 -> M. Ali Dinar | L89: =(D89+E89+F89+G89+H89+I89+J89+K89)/8 -> 0
A90: ='INPUT DAFTAR PESERTA'!A90 -> 87 | B90: ='INPUT DAFTAR PESERTA'!B90 -> 2509046072 | C90: ='INPUT DAFTAR PESERTA'!C90 -> Julianitha Tabitha Angi | D90: 88 | E90: 15 | F90: 25 | G90: 94 | H90: 80 | I90: 0 | J90: 0 | K90: 70 | L90: =(D90+E90+F90+G90+H90+I90+J90+K90)/8 -> 46.5
A91: ='INPUT DAFTAR PESERTA'!A91 -> 88 | B91: ='INPUT DAFTAR PESERTA'!B91 -> 2509046073 | C91: ='INPUT DAFTAR PESERTA'!C91 -> Sayyid Ahmad Raihan | L91: =(D91+E91+F91+G91+H91+I91+J91+K91)/8 -> 0
A92: ='INPUT DAFTAR PESERTA'!A92 -> 89 | B92: ='INPUT DAFTAR PESERTA'!B92 -> 2509046074 | C92: ='INPUT DAFTAR PESERTA'!C92 -> Junior Agustian Culie | L92: =(D92+E92+F92+G92+H92+I92+J92+K92)/8 -> 0
A93: ='INPUT DAFTAR PESERTA'!A93 -> 90 | B93: ='INPUT DAFTAR PESERTA'!B93 -> 2509046075 | C93: ='INPUT DAFTAR PESERTA'!C93 -> Andi Ahmad Dzaky Palewai Agri | L93: =(D93+E93+F93+G93+H93+I93+J93+K93)/8 -> 0
A94: ='INPUT DAFTAR PESERTA'!A94 -> 91 | B94: ='INPUT DAFTAR PESERTA'!B94 -> 2509046076 | C94: ='INPUT DAFTAR PESERTA'!C94 -> Afif Ahmad Winarno | D94: 27 | E94: 39 | F94: 35 | G94: 45 | H94: 60 | I94: 45 | J94: 43 | K94: 70 | L94: =(D94+E94+F94+G94+H94+I94+J94+K94)/8 -> 45.5
A95: ='INPUT DAFTAR PESERTA'!A95 -> 92 | B95: ='INPUT DAFTAR PESERTA'!B95 -> 2509046077 | C95: ='INPUT DAFTAR PESERTA'!C95 -> Muhammad Iqbal | L95: =(D95+E95+F95+G95+H95+I95+J95+K95)/8 -> 0
A96: ='INPUT DAFTAR PESERTA'!A96 -> 93 | B96: ='INPUT DAFTAR PESERTA'!B96 -> 2509046078 | C96: ='INPUT DAFTAR PESERTA'!C96 -> Shodiq Rizyuka Annaufla | L96: =(D96+E96+F96+G96+H96+I96+J96+K96)/8 -> 0
A97: ='INPUT DAFTAR PESERTA'!A97 -> 94 | B97: ='INPUT DAFTAR PESERTA'!B97 -> 2509046079 | C97: ='INPUT DAFTAR PESERTA'!C97 -> Muhamad Jailani | L97: =(D97+E97+F97+G97+H97+I97+J97+K97)/8 -> 0
A98: Jumlah Mahasiswa Tidak Mengumpulkan Lapres | L98: =COUNTIF(L4:L97, 0) -> 29
A99: ='INPUT DAFTAR PESERTA'!A99

Sheet PENULISAN LAPORAN
A1: HOME
A3: NO | B3: Nim | C3: Nama | D3: Laporan Mingguan | L3: Rata-rata | M3: Resmi | N3: Nilai Akhir
D4: Modul 1 | E4: Modul 2 | F4: Modul 3 | G4: Modul 4 | H4: Modul 5 | I4: Modul 6 | J4: Modul 7 | K4: Modul 8 | L4: 0.5 | M4: 0.5
A5: ='INPUT DAFTAR PESERTA'!A4 -> 1 | B5: ='INPUT DAFTAR PESERTA'!B4 -> 2109046048 | C5: ='INPUT DAFTAR PESERTA'!C4 -> Rafif Fitriansyah Nasution | D5: 80 | E5: 71 | F5: 79 | G5: 94 | H5: 95 | I5: 36 | J5: 87 | K5: 0 | L5: =(D5+E5+F5+G5+H5+I5+J5+K5)/8 -> 67.75 | M5: ='LAPORAN RESMI'!L4 -> 82.375 | N5: =(L5*$L$4)+(M5*$M$4) -> 75.0625
A6: ='INPUT DAFTAR PESERTA'!A5 -> 2 | B6: ='INPUT DAFTAR PESERTA'!B5 -> 2109046053 | C6: ='INPUT DAFTAR PESERTA'!C5 -> Muhamaad Rizky Ramdani | D6: 83 | E6: 46 | F6: 49 | G6: 94 | H6: 90 | I6: 24 | J6: 55 | K6: 0 | L6: =(D6+E6+F6+G6+H6+I6+J6+K6)/8 -> 55.125 | M6: ='LAPORAN RESMI'!L5 -> 71.875 | N6: =(L6*$L$4)+(M6*$M$4) -> 63.5
A7: ='INPUT DAFTAR PESERTA'!A6 -> 3 | B7: ='INPUT DAFTAR PESERTA'!B6 -> 2409046015 | C7: ='INPUT DAFTAR PESERTA'!C6 -> Nur Fadillah Septadi | D7: 67 | E7: 72 | F7: 80 | G7: 93 | H7: 92 | I7: 45 | J7: 57 | K7: 0 | L7: =(D7+E7+F7+G7+H7+I7+J7+K7)/8 -> 63.25 | M7: ='LAPORAN RESMI'!L6 -> 69.875 | N7: =(L7*$L$4)+(M7*$M$4) -> 66.5625
A8: ='INPUT DAFTAR PESERTA'!A7 -> 4 | B8: ='INPUT DAFTAR PESERTA'!B7 -> 2409046026 | C8: ='INPUT DAFTAR PESERTA'!C7 -> Aisha Aqmarina Fathiyya Hawwa | D8: 98 | E8: 82 | F8: 46 | G8: 65 | H8: 40 | I8: 50 | J8: 0 | K8: 90 | L8: =(D8+E8+F8+G8+H8+I8+J8+K8)/8 -> 58.875 | M8: ='LAPORAN RESMI'!L7 -> 78.5 | N8: =(L8*$L$4)+(M8*$M$4) -> 68.6875
A9: ='INPUT DAFTAR PESERTA'!A8 -> 5 | B9: ='INPUT DAFTAR PESERTA'!B8 -> 2409046027 | C9: ='INPUT DAFTAR PESERTA'!C8 -> Faykar Alfarisi Armadani | D9: 29 | E9: 69 | F9: 63 | G9: 65 | H9: 80 | I9: 36 | J9: 80 | K9: 47 | L9: =(D9+E9+F9+G9+H9+I9+J9+K9)/8 -> 58.625 | M9: ='LAPORAN RESMI'!L8 -> 80.5 | N9: =(L9*$L$4)+(M9*$M$4) -> 69.5625
A10: ='INPUT DAFTAR PESERTA'!A9 -> 6 | B10: ='INPUT DAFTAR PESERTA'!B9 -> 2409046034 | C10: ='INPUT DAFTAR PESERTA'!C9 -> Annisa Nurdin | D10: 41.5 | E10: 85 | F10: 96 | G10: 96 | H10: 97 | I10: 30 | J10: 0 | K10: 0 | L10: =(D10+E10+F10+G10+H10+I10+J10+K10)/8 -> 55.6875 | M10: ='LAPORAN RESMI'!L9 -> 76.3125 | N10: =(L10*$L$4)+(M10*$M$4) -> 66
A11: ='INPUT DAFTAR PESERTA'!A10 -> 7 | B11: ='INPUT DAFTAR PESERTA'!B10 -> 2409046042 | C11: ='INPUT DAFTAR PESERTA'!C10 -> Aflahal Aula | D11: 45.5 | E11: 53 | F11: 89 | G11: 91 | H11: 98 | I11: 39 | J11: 85 | K11: 70 | L11: =(D11+E11+F11+G11+H11+I11+J11+K11)/8 -> 71.3125 | M11: ='LAPORAN RESMI'!L10 -> 79.3125 | N11: =(L11*$L$4)+(M11*$M$4) -> 75.3125
A12: ='INPUT DAFTAR PESERTA'!A11 -> 8 | B12: ='INPUT DAFTAR PESERTA'!B11 -> 2409046045 | C12: ='INPUT DAFTAR PESERTA'!C11 -> Jofan Ananda Sulle | D12: 46 | E12: 78 | F12: 92 | G12: 90 | H12: 97 | I12: 31 | J12: 84 | K12: 0 | L12: =(D12+E12+F12+G12+H12+I12+J12+K12)/8 -> 64.75 | M12: ='LAPORAN RESMI'!L11 -> 81.625 | N12: =(L12*$L$4)+(M12*$M$4) -> 73.1875
A13: ='INPUT DAFTAR PESERTA'!A12 -> 9 | B13: ='INPUT DAFTAR PESERTA'!B12 -> 2409046046 | C13: ='INPUT DAFTAR PESERTA'!C12 -> Muhammad Ananda Harisyah Putra | D13: 75 | E13: 83 | F13: 77 | G13: 93 | H13: 93 | I13: 44 | J13: 83 | K13: 58 | L13: =(D13+E13+F13+G13+H13+I13+J13+K13)/8 -> 75.75 | M13: ='LAPORAN RESMI'!L12 -> 86.625 | N13: =(L13*$L$4)+(M13*$M$4) -> 81.1875
A14: ='INPUT DAFTAR PESERTA'!A13 -> 10 | B14: ='INPUT DAFTAR PESERTA'!B13 -> 2409046048 | C14: ='INPUT DAFTAR PESERTA'!C13 -> Zaid Iman At-Tamam | D14: 57 | E14: 60 | F14: 43 | G14: 68 | H14: 86 | I14: 29 | J14: 68 | K14: 0 | L14: =(D14+E14+F14+G14+H14+I14+J14+K14)/8 -> 51.375 | M14: ='LAPORAN RESMI'!L13 -> 74.625 | N14: =(L14*$L$4)+(M14*$M$4) -> 63
A15: ='INPUT DAFTAR PESERTA'!A14 -> 11 | B15: ='INPUT DAFTAR PESERTA'!B14 -> 2409046050 | C15: ='INPUT DAFTAR PESERTA'!C14 -> Fachri Zia Pasha | D15: 67 | E15: 78 | F15: 88 | G15: 95 | H15: 88 | I15: 27 | J15: 75 | K15: 45 | L15: =(D15+E15+F15+G15+H15+I15+J15+K15)/8 -> 70.375 | M15: ='LAPORAN RESMI'!L14 -> 80.625 | N15: =(L15*$L$4)+(M15*$M$4) -> 75.5
A16: ='INPUT DAFTAR PESERTA'!A15 -> 12 | B16: ='INPUT DAFTAR PESERTA'!B15 -> 2409046051 | C16: ='INPUT DAFTAR PESERTA'!C15 -> Aziffa Reisazalea | D16: 80 | E16: 82 | F16: 89 | G16: 91 | H16: 93 | I16: 57 | J16: 81 | K16: 48 | L16: =(D16+E16+F16+G16+H16+I16+J16+K16)/8 -> 77.625 | M16: ='LAPORAN RESMI'!L15 -> 89.5 | N16: =(L16*$L$4)+(M16*$M$4) -> 83.5625
... A46: ='INPUT DAFTAR PESERTA'!A45 -> 42 | B46: ='INPUT DAFTAR PESERTA'!B45 -> 2509046026 | C46: ='INPUT DAFTAR PESERTA'!C45 -> Nabil Rafif Makarim | D46: 45 | E46: 0 | F46: 39 | G46: 0 | H46: 0 | I46: 16 | J46: 63 | K46: 44 | L46: =(D46+E46+F46+G46+H46+I46+J46+K46)/8 -> 25.875 | M46: ='LAPORAN RESMI'!L45 -> 73.875 | N46: =(L46*$L$4)+(M46*$M$4) -> 49.875
A47: 0 | B47: ='INPUT DAFTAR PESERTA'!B46 -> 2509046027 | C47: ='INPUT DAFTAR PESERTA'!C46 -> Natasya Camelia Az-Zahra | D47: 93 | E47: 68 | F47: 60 | G47: 0 | H47: 0 | I47: 30 | J47: 87 | K47: 89 | L47: =(D47+E47+F47+G47+H47+I47+J47+K47)/8 -> 53.375 | M47: ='LAPORAN RESMI'!L46 -> 89 | N47: =(L47*$L$4)+(M47*$M$4) -> 71.1875
A48: ='INPUT DAFTAR PESERTA'!A47 -> 44 | B48: ='INPUT DAFTAR PESERTA'!B47 -> 2509046028 | C48: ='INPUT DAFTAR PESERTA'!C47 -> Afirah Al Abidah | D48: 22 | E48: 0 | F48: 16 | G48: 42 | H48: 0 | I48: 20 | J48: 10 | K48: 26 | L48: =(D48+E48+F48+G48+H48+I48+J48+K48)/8 -> 17 | M48: ='LAPORAN RESMI'!L47 -> 39.375 | N48: =(L48*$L$4)+(M48*$M$4) -> 28.1875
A49: ='INPUT DAFTAR PESERTA'!A48 -> 45 | B49: ='INPUT DAFTAR PESERTA'!B48 -> 2509046029 | C49: ='INPUT DAFTAR PESERTA'!C48 -> Anisa Syalwa | D49: 85 | E49: 43 | F49: 38 | G49: 0 | H49: 0 | I49: 48 | J49: 46 | K49: 47 | L49: =(D49+E49+F49+G49+H49+I49+J49+K49)/8 -> 38.375 | M49: ='LAPORAN RESMI'!L48 -> 65.375 | N49: =(L49*$L$4)+(M49*$M$4) -> 51.875
A50: ='INPUT DAFTAR PESERTA'!A49 -> 46 | B50: ='INPUT DAFTAR PESERTA'!B49 -> 2509046030 | C50: ='INPUT DAFTAR PESERTA'!C49 -> Fikri Firoos Kinarya | D50: 87 | E50: 0 | F50: 45 | G50: 0 | H50: 0 | I50: 45 | J50: 0 | K50: 41 | L50: =(D50+E50+F50+G50+H50+I50+J50+K50)/8 -> 27.25 | M50: ='LAPORAN RESMI'!L49 -> 70.625 | N50: =(L50*$L$4)+(M50*$M$4) -> 48.9375
A51: ='INPUT DAFTAR PESERTA'!A50 -> 47 | B51: ='INPUT DAFTAR PESERTA'!B50 -> 2509046031 | C51: ='INPUT DAFTAR PESERTA'!C50 -> Armitha Luthfiana Andini | D51: 67 | E51: 0 | F51: 35 | G51: 0 | H51: 0 | I51: 19 | J51: 0 | K51: 27 | L51: =(D51+E51+F51+G51+H51+I51+J51+K51)/8 -> 18.5 | M51: ='LAPORAN RESMI'!L50 -> 70.75 | N51: =(L51*$L$4)+(M51*$M$4) -> 44.625
A52: ='INPUT DAFTAR PESERTA'!A51 -> 48 | B52: ='INPUT DAFTAR PESERTA'!B51 -> 2509046032 | C52: ='INPUT DAFTAR PESERTA'!C51 -> Fabio Aditya Purnomo | D52: 48 | E52: 43 | F52: 48 | G52: 80 | H52: 95 | I52: 73 | J52: 62 | K52: 40 | L52: =(D52+E52+F52+G52+H52+I52+J52+K52)/8 -> 61.125 | M52: ='LAPORAN RESMI'!L51 -> 81.625 | N52: =(L52*$L$4)+(M52*$M$4) -> 71.375
A53: ='INPUT DAFTAR PESERTA'!A52 -> 49 | B53: ='INPUT DAFTAR PESERTA'!B52 -> 2509046033 | C53: ='INPUT DAFTAR PESERTA'!C52 -> Rifa Davina Zalfa | D53: 50 | E53: 65 | F53: 63 | G53: 90 | H53: 0 | I53: 0 | J53: 65 | K53: 0 | L53: =(D53+E53+F53+G53+H53+I53+J53+K53)/8 -> 41.625 | M53: ='LAPORAN RESMI'!L52 -> 85.375 | N53: =(L53*$L$4)+(M53*$M$4) -> 63.5
A54: ='INPUT DAFTAR PESERTA'!A53 -> 50 | B54: ='INPUT DAFTAR PESERTA'!B53 -> 2509046034 | C54: ='INPUT DAFTAR PESERTA'!C53 -> Nilna Fergita Nouriansa | D54: 75 | E54: 42 | F54: 53 | G54: 57 | H54: 0 | I54: 0 | J54: 47 | K54: 24 | L54: =(D54+E54+F54+G54+H54+I54+J54+K54)/8 -> 37.25 | M54: ='LAPORAN RESMI'!L53 -> 85 | N54: =(L54*$L$4)+(M54*$M$4) -> 61.125
A55: ='INPUT DAFTAR PESERTA'!A54 -> 51 | B55: ='INPUT DAFTAR PESERTA'!B54 -> 2509046035 | C55: ='INPUT DAFTAR PESERTA'!C54 -> Sandi Prakoso | D55: 0 | E55: 0 | F55: 0 | G55: 0 | H55: 0 | I55: 0 | J55: 17 | K55: 35 | L55: =(D55+E55+F55+G55+H55+I55+J55+K55)/8 -> 6.5 | M55: ='LAPORAN RESMI'!L54 -> 0 | N55: =(L55*$L$4)+(M55*$M$4) -> 3.25
A56: ='INPUT DAFTAR PESERTA'!A55 -> 52 | B56: ='INPUT DAFTAR PESERTA'!B55 -> 2509046036 | C56: ='INPUT DAFTAR PESERTA'!C55 -> Yarasy Ebed Petra Richard Nanuru | D56: 0 | E56: 0 | F56: 0 | G56: 0 | H56: 0 | I56: 0 | J56: 0 | K56: 0 | L56: =(D56+E56+F56+G56+H56+I56+J56+K56)/8 -> 0 | M56: ='LAPORAN RESMI'!L55 -> 0 | N56: =(L56*$L$4)+(M56*$M$4) -> 0
A57: ='INPUT DAFTAR PESERTA'!A56 -> 53 | B57: ='INPUT DAFTAR PESERTA'!B56 -> 2509046037 | C57: ='INPUT DAFTAR PESERTA'!C56 -> Rasya Hanindya Putri | D57: 0 | E57: 0 | F57: 0 | G57: 0 | H57: 0 | I57: 17 | J57: 0 | K57: 0 | L57: =(D57+E57+F57+G57+H57+I57+J57+K57)/8 -> 2.125 | M57: ='LAPORAN RESMI'!L56 -> 0 | N57: =(L57*$L$4)+(M57*$M$4) -> 1.0625
A58: ='INPUT DAFTAR PESERTA'!A57 -> 54 | B58: ='INPUT DAFTAR PESERTA'!B57 -> 2509046038 | C58: ='INPUT DAFTAR PESERTA'!C57 -> Stefania Diah Pramestirehi | D58: 52 | E58: 75 | F58: 22 | G58: 93 | H58: 40 | I58: 45 | J58: 0 | K58: 0 | L58: =(D58+E58+F58+G58+H58+I58+J58+K58)/8 -> 40.875 | M58: ='LAPORAN RESMI'!L57 -> 88.375 | N58: =(L58*$L$4)+(M58*$M$4) -> 64.625
A59: ='INPUT DAFTAR PESERTA'!A58 -> 55 | B59: ='INPUT DAFTAR PESERTA'!B58 -> 2509046039 | C59: ='INPUT DAFTAR PESERTA'!C58 -> Azarina Azzahra | D59: 95 | E59: 93 | F59: 95 | G59: 96 | H59: 95 | I59: 20 | J59: 61 | K59: 78 | L59: =(D59+E59+F59+G59+H59+I59+J59+K59)/8 -> 79.125 | M59: ='LAPORAN RESMI'!L58 -> 96.25 | N59: =(L59*$L$4)+(M59*$M$4) -> 87.6875
... A98: ='INPUT DAFTAR PESERTA'!A97 -> 94 | B98: ='INPUT DAFTAR PESERTA'!B97 -> 2509046079 | C98: ='INPUT DAFTAR PESERTA'!C97 -> Muhamad Jailani | D98: 0 | E98: 0 | F98: 0 | G98: 0 | H98: 37 | I98: 0 | J98: 0 | K98: 0 | L98: =(D98+E98+F98+G98+H98+I98+J98+K98)/8 -> 4.625 | M98: ='LAPORAN RESMI'!L97 -> 0 | N98: =(L98*$L$4)+(M98*$M$4) -> 2.3125
B99: ='INPUT DAFTAR PESERTA'!B98
B100: ='INPUT DAFTAR PESERTA'!B99
B101: ='INPUT DAFTAR PESERTA'!B100

Sheet KEMAMPUAN PRAKTIKUM
A1: HOME
A3: NO | B3: NIM | C3: Nama | D3: Modul 1 | I3: Modul 2 | N3: Modul 3 | S3: Modul 4 | X3: Modul 5 | AC3: Modul 6 | AH3: Modul 7 | AM3: Modul 8
D4: K1 | E4: K2 | F4: K3 | G4: K4 | H4: Rerata | I4: K1 | J4: K2 | K4: K3 | L4: K4 | M4: Rerata | N4: K1 | O4: K2 | P4: K3 | Q4: K4 | R4: Rerata | S4: K1 | T4: K2 | U4: K3 | V4: K4 | W4: Rerata | X4: K1 | Y4: K2 | Z4: K3 | AA4: K4 | AB4: Rerata | AC4: K1 | AD4: K2 | AE4: K3 | AF4: K4 | AG4: Rerata | AH4: K1 | AI4: K2 | AJ4: K3 | AK4: K4 | AL4: Rerata | AM4: K1 | AN4: K2 | AO4: K3 | AP4: K4 | AQ4: Rerata
D5: 0.1 | E5: 0.2 | F5: 0.2 | G5: 0.5 | H5: 1 | I5: 0.1 | J5: 0.2 | K5: 0.2 | L5: 0.5 | M5: 1 | N5: 0.1 | O5: 0.2 | P5: 0.2 | Q5: 0.5 | R5: 1 | S5: 0.1 | T5: 0.2 | U5: 0.2 | V5: 0.5 | W5: 1 | X5: 0.1 | Y5: 0.2 | Z5: 0.2 | AA5: 0.5 | AB5: 1 | AC5: 0.1 | AD5: 0.2 | AE5: 0.2 | AF5: 0.5 | AG5: 1 | AH5: 0.1 | AI5: 0.2 | AJ5: 0.2 | AK5: 0.5 | AL5: 1 | AM5: 0.1 | AN5: 0.2 | AO5: 0.2 | AP5: 0.5 | AQ5: 1
A6: ='INPUT DAFTAR PESERTA'!A4 -> 1 | B6: ='INPUT DAFTAR PESERTA'!B4 -> 2109046048 | C6: ='INPUT DAFTAR PESERTA'!C4 -> Rafif Fitriansyah Nasution | D6: 2 | E6: 3 | F6: 3 | G6: 1 | H6: =((D6*$D$5/3)+(E6*$E$5/3)+(F6*$F$5/3)+(G6*$G$5/3))*90 -> 57 | I6: 3 | J6: 3 | K6: 3 | L6: 2 | M6: =((I6*$D$5/3)+(J6*$E$5/3)+(K6*$F$5/3)+(L6*$G$5/3))*90 -> 75 | N6: 3 | O6: 3 | P6: 3 | Q6: 3 | R6: =((N6*$D$5/3)+(O6*$E$5/3)+(P6*$F$5/3)+(Q6*$G$5/3))*90 -> 90 | S6: 3 | T6: 3 | U6: 3 | V6: 3 | W6: =((S6*$D$5/3)+(T6*$E$5/3)+(U6*$F$5/3)+(V6*$G$5/3))*90 -> 90 | X6: 3 | Y6: 2 | Z6: 2 | AA6: 3 | AB6: =((X6*$D$5/3)+(Y6*$E$5/3)+(Z6*$F$5/3)+(AA6*$G$5/3))*90 -> 78 | AC6: 3 | AD6: 2 | AE6: 2 | AF6: 2 | AG6: =((AC6*$D$5/3)+(AD6*$E$5/3)+(AE6*$F$5/3)+(AF6*$G$5/3))*90 -> 63 | AH6: 2 | AI6: 3 | AJ6: 3 | AK6: 3 | AL6: =((AH6*$D$5/3)+(AI6*$E$5/3)+(AJ6*$F$5/3)+(AK6*$G$5/3))*90 -> 87 | AM6: 2 | AN6: 3 | AO6: 3 | AP6: 1 | AQ6: =((AM6*$D$5/3)+(AN6*$E$5/3)+(AO6*$F$5/3)+(AP6*$G$5/3))*90 -> 57
A7: ='INPUT DAFTAR PESERTA'!A5 -> 2 | B7: ='INPUT DAFTAR PESERTA'!B5 -> 2109046053 | C7: ='INPUT DAFTAR PESERTA'!C5 -> Muhamaad Rizky Ramdani | D7: 2 | E7: 2 | F7: 3 | G7: 3 | H7: =((D7*$D$5/3)+(E7*$E$5/3)+(F7*$F$5/3)+(G7*$G$5/3))*90 -> 81 | I7: 3 | J7: 3 | K7: 3 | L7: 1 | M7: =((I7*$D$5/3)+(J7*$E$5/3)+(K7*$F$5/3)+(L7*$G$5/3))*90 -> 60 | N7: 3 | O7: 3 | P7: 3 | Q7: 2 | R7: =((N7*$D$5/3)+(O7*$E$5/3)+(P7*$F$5/3)+(Q7*$G$5/3))*90 -> 75 | S7: 3 | T7: 3 | U7: 3 | V7: 3 | W7: =((S7*$D$5/3)+(T7*$E$5/3)+(U7*$F$5/3)+(V7*$G$5/3))*90 -> 90 | X7: 3 | Y7: 2 | Z7: 2 | AA7: 3 | AB7: =((X7*$D$5/3)+(Y7*$E$5/3)+(Z7*$F$5/3)+(AA7*$G$5/3))*90 -> 78 | AC7: 3 | AD7: 2 | AE7: 2 | AF7: 2 | AG7: =((AC7*$D$5/3)+(AD7*$E$5/3)+(AE7*$F$5/3)+(AF7*$G$5/3))*90 -> 63 | AH7: 2 | AI7: 3 | AJ7: 3 | AK7: 2 | AL7: =((AH7*$D$5/3)+(AI7*$E$5/3)+(AJ7*$F$5/3)+(AK7*$G$5/3))*90 -> 72 | AM7: 2 | AN7: 3 | AO7: 3 | AP7: 1 | AQ7: =((AM7*$D$5/3)+(AN7*$E$5/3)+(AO7*$F$5/3)+(AP7*$G$5/3))*90 -> 57
A8: ='INPUT DAFTAR PESERTA'!A6 -> 3 | B8: ='INPUT DAFTAR PESERTA'!B6 -> 2409046015 | C8: ='INPUT DAFTAR PESERTA'!C6 -> Nur Fadillah Septadi | D8: 3 | E8: 2 | F8: 2 | G8: 2 | H8: =((D8*$D$5/3)+(E8*$E$5/3)+(F8*$F$5/3)+(G8*$G$5/3))*90 -> 63 | I8: 3 | J8: 3 | K8: 3 | L8: 2 | M8: =((I8*$D$5/3)+(J8*$E$5/3)+(K8*$F$5/3)+(L8*$G$5/3))*90 -> 75 | N8: 3 | O8: 3 | P8: 3 | Q8: 3 | R8: =((N8*$D$5/3)+(O8*$E$5/3)+(P8*$F$5/3)+(Q8*$G$5/3))*90 -> 90 | S8: 3 | T8: 3 | U8: 3 | V8: 3 | W8: =((S8*$D$5/3)+(T8*$E$5/3)+(U8*$F$5/3)+(V8*$G$5/3))*90 -> 90 | X8: 2 | Y8: 3 | Z8: 3 | AA8: 3 | AB8: =((X8*$D$5/3)+(Y8*$E$5/3)+(Z8*$F$5/3)+(AA8*$G$5/3))*90 -> 87 | AC8: 2 | AD8: 2 | AE8: 2 | AF8: 2 | AG8: =((AC8*$D$5/3)+(AD8*$E$5/3)+(AE8*$F$5/3)+(AF8*$G$5/3))*90 -> 60 | AH8: 2 | AI8: 3 | AJ8: 3 | AK8: 2 | AL8: =((AH8*$D$5/3)+(AI8*$E$5/3)+(AJ8*$F$5/3)+(AK8*$G$5/3))*90 -> 72 | AM8: 2 | AN8: 3 | AO8: 3 | AP8: 1 | AQ8: =((AM8*$D$5/3)+(AN8*$E$5/3)+(AO8*$F$5/3)+(AP8*$G$5/3))*90 -> 57
A9: ='INPUT DAFTAR PESERTA'!A7 -> 4 | B9: ='INPUT DAFTAR PESERTA'!B7 -> 2409046026 | C9: ='INPUT DAFTAR PESERTA'!C7 -> Aisha Aqmarina Fathiyya Hawwa | D9: 3 | E9: 2 | F9: 2 | G9: 3 | H9: =((D9*$D$5/3)+(E9*$E$5/3)+(F9*$F$5/3)+(G9*$G$5/3))*90 -> 78 | I9: 3 | J9: 3 | K9: 3 | L9: 3 | M9: =((I9*$D$5/3)+(J9*$E$5/3)+(K9*$F$5/3)+(L9*$G$5/3))*90 -> 90 | N9: 3 | O9: 3 | P9: 3 | Q9: 2 | R9: =((N9*$D$5/3)+(O9*$E$5/3)+(P9*$F$5/3)+(Q9*$G$5/3))*90 -> 75 | S9: 3 | T9: 3 | U9: 3 | V9: 2 | W9: =((S9*$D$5/3)+(T9*$E$5/3)+(U9*$F$5/3)+(V9*$G$5/3))*90 -> 75 | X9: 1 | Y9: 1 | Z9: 1 | AA9: 1 | AB9: =((X9*$D$5/3)+(Y9*$E$5/3)+(Z9*$F$5/3)+(AA9*$G$5/3))*90 -> 30 | AC9: 3 | AD9: 2 | AE9: 2 | AF9: 2 | AG9: =((AC9*$D$5/3)+(AD9*$E$5/3)+(AE9*$F$5/3)+(AF9*$G$5/3))*90 -> 63 | AH9: 2 | AI9: 3 | AJ9: 3 | AK9: 1 | AL9: =((AH9*$D$5/3)+(AI9*$E$5/3)+(AJ9*$F$5/3)+(AK9*$G$5/3))*90 -> 57 | AM9: 3 | AN9: 3 | AO9: 3 | AP9: 3 | AQ9: =((AM9*$D$5/3)+(AN9*$E$5/3)+(AO9*$F$5/3)+(AP9*$G$5/3))*90 -> 90
A10: ='INPUT DAFTAR PESERTA'!A8 -> 5 | B10: ='INPUT DAFTAR PESERTA'!B8 -> 2409046027 | C10: ='INPUT DAFTAR PESERTA'!C8 -> Faykar Alfarisi Armadani | D10: 3 | E10: 3 | F10: 3 | G10: 1 | H10: =((D10*$D$5/3)+(E10*$E$5/3)+(F10*$F$5/3)+(G10*$G$5/3))*90 -> 60 | I10: 3 | J10: 3 | K10: 3 | L10: 2 | M10: =((I10*$D$5/3)+(J10*$E$5/3)+(K10*$F$5/3)+(L10*$G$5/3))*90 -> 75 | N10: 3 | O10: 3 | P10: 3 | Q10: 2 | R10: =((N10*$D$5/3)+(O10*$E$5/3)+(P10*$F$5/3)+(Q10*$G$5/3))*90 -> 75 | S10: 3 | T10: 3 | U10: 3 | V10: 2 | W10: =((S10*$D$5/3)+(T10*$E$5/3)+(U10*$F$5/3)+(V10*$G$5/3))*90 -> 75 | X10: 3 | Y10: 3 | Z10: 3 | AA10: 3 | AB10: =((X10*$D$5/3)+(Y10*$E$5/3)+(Z10*$F$5/3)+(AA10*$G$5/3))*90 -> 90 | AC10: 3 | AD10: 2 | AE10: 2 | AF10: 2 | AG10: =((AC10*$D$5/3)+(AD10*$E$5/3)+(AE10*$F$5/3)+(AF10*$G$5/3))*90 -> 63 | AH10: 2 | AI10: 3 | AJ10: 3 | AK10: 3 | AL10: =((AH10*$D$5/3)+(AI10*$E$5/3)+(AJ10*$F$5/3)+(AK10*$G$5/3))*90 -> 87 | AM10: 3 | AN10: 3 | AO10: 3 | AP10: 1 | AQ10: =((AM10*$D$5/3)+(AN10*$E$5/3)+(AO10*$F$5/3)+(AP10*$G$5/3))*90 -> 60
A11: ='INPUT DAFTAR PESERTA'!A9 -> 6 | B11: ='INPUT DAFTAR PESERTA'!B9 -> 2409046034 | C11: ='INPUT DAFTAR PESERTA'!C9 -> Annisa Nurdin | D11: 3 | E11: 3 | F11: 3 | G11: 1 | H11: =((D11*$D$5/3)+(E11*$E$5/3)+(F11*$F$5/3)+(G11*$G$5/3))*90 -> 60 | I11: 3 | J11: 3 | K11: 3 | L11: 3 | M11: =((I11*$D$5/3)+(J11*$E$5/3)+(K11*$F$5/3)+(L11*$G$5/3))*90 -> 90 | N11: 3 | O11: 3 | P11: 3 | Q11: 3 | R11: =((N11*$D$5/3)+(O11*$E$5/3)+(P11*$F$5/3)+(Q11*$G$5/3))*90 -> 90 | S11: 3 | T11: 3 | U11: 3 | V11: 3 | W11: =((S11*$D$5/3)+(T11*$E$5/3)+(U11*$F$5/3)+(V11*$G$5/3))*90 -> 90 | X11: 3 | Y11: 3 | Z11: 3 | AA11: 3 | AB11: =((X11*$D$5/3)+(Y11*$E$5/3)+(Z11*$F$5/3)+(AA11*$G$5/3))*90 -> 90 | AC11: 3 | AD11: 2 | AE11: 2 | AF11: 2 | AG11: =((AC11*$D$5/3)+(AD11*$E$5/3)+(AE11*$F$5/3)+(AF11*$G$5/3))*90 -> 63 | AH11: 2 | AI11: 3 | AJ11: 3 | AK11: 3 | AL11: =((AH11*$D$5/3)+(AI11*$E$5/3)+(AJ11*$F$5/3)+(AK11*$G$5/3))*90 -> 87 | AM11: 2 | AN11: 3 | AO11: 3 | AP11: 1 | AQ11: =((AM11*$D$5/3)+(AN11*$E$5/3)+(AO11*$F$5/3)+(AP11*$G$5/3))*90 -> 57
A12: ='INPUT DAFTAR PESERTA'!A10 -> 7 | B12: ='INPUT DAFTAR PESERTA'!B10 -> 2409046042 | C12: ='INPUT DAFTAR PESERTA'!C10 -> Aflahal Aula | D12: 3 | E12: 3 | F12: 3 | G12: 1 | H12: =((D12*$D$5/3)+(E12*$E$5/3)+(F12*$F$5/3)+(G12*$G$5/3))*90 -> 60 | I12: 3 | J12: 3 | K12: 3 | L12: 1 | M12: =((I12*$D$5/3)+(J12*$E$5/3)+(K12*$F$5/3)+(L12*$G$5/3))*90 -> 60 | N12: 3 | O12: 3 | P12: 3 | Q12: 3 | R12: =((N12*$D$5/3)+(O12*$E$5/3)+(P12*$F$5/3)+(Q12*$G$5/3))*90 -> 90 | S12: 3 | T12: 3 | U12: 3 | V12: 3 | W12: =((S12*$D$5/3)+(T12*$E$5/3)+(U12*$F$5/3)+(V12*$G$5/3))*90 -> 90 | X12: 3 | Y12: 3 | Z12: 3 | AA12: 3 | AB12: =((X12*$D$5/3)+(Y12*$E$5/3)+(Z12*$F$5/3)+(AA12*$G$5/3))*90 -> 90 | AC12: 3 | AD12: 2 | AE12: 2 | AF12: 2 | AG12: =((AC12*$D$5/3)+(AD12*$E$5/3)+(AE12*$F$5/3)+(AF12*$G$5/3))*90 -> 63 | AH12: 2 | AI12: 3 | AJ12: 3 | AK12: 3 | AL12: =((AH12*$D$5/3)+(AI12*$E$5/3)+(AJ12*$F$5/3)+(AK12*$G$5/3))*90 -> 87 | AM12: 3 | AN12: 3 | AO12: 3 | AP12: 1 | AQ12: =((AM12*$D$5/3)+(AN12*$E$5/3)+(AO12*$F$5/3)+(AP12*$G$5/3))*90 -> 60
A13: ='INPUT DAFTAR PESERTA'!A11 -> 8 | B13: ='INPUT DAFTAR PESERTA'!B11 -> 2409046045 | C13: ='INPUT DAFTAR PESERTA'!C11 -> Jofan Ananda Sulle | D13: 3 | E13: 3 | F13: 3 | G13: 1 | H13: =((D13*$D$5/3)+(E13*$E$5/3)+(F13*$F$5/3)+(G13*$G$5/3))*90 -> 60 | I13: 3 | J13: 3 | K13: 3 | L13: 2 | M13: =((I13*$D$5/3)+(J13*$E$5/3)+(K13*$F$5/3)+(L13*$G$5/3))*90 -> 75 | N13: 3 | O13: 3 | P13: 3 | Q13: 3 | R13: =((N13*$D$5/3)+(O13*$E$5/3)+(P13*$F$5/3)+(Q13*$G$5/3))*90 -> 90 | S13: 3 | T13: 3 | U13: 3 | V13: 3 | W13: =((S13*$D$5/3)+(T13*$E$5/3)+(U13*$F$5/3)+(V13*$G$5/3))*90 -> 90 | X13: 3 | Y13: 3 | Z13: 3 | AA13: 3 | AB13: =((X13*$D$5/3)+(Y13*$E$5/3)+(Z13*$F$5/3)+(AA13*$G$5/3))*90 -> 90 | AC13: 3 | AD13: 2 | AE13: 2 | AF13: 2 | AG13: =((AC13*$D$5/3)+(AD13*$E$5/3)+(AE13*$F$5/3)+(AF13*$G$5/3))*90 -> 63 | AH13: 2 | AI13: 3 | AJ13: 3 | AK13: 1 | AL13: =((AH13*$D$5/3)+(AI13*$E$5/3)+(AJ13*$F$5/3)+(AK13*$G$5/3))*90 -> 57 | AM13: 3 | AN13: 3 | AO13: 3 | AP13: 1 | AQ13: =((AM13*$D$5/3)+(AN13*$E$5/3)+(AO13*$F$5/3)+(AP13*$G$5/3))*90 -> 60
A14: ='INPUT DAFTAR PESERTA'!A12 -> 9 | B14: ='INPUT DAFTAR PESERTA'!B12 -> 2409046046 | C14: ='INPUT DAFTAR PESERTA'!C12 -> Muhammad Ananda Harisyah Putra | D14: 3 | E14: 3 | F14: 3 | G14: 3 | H14: =((D14*$D$5/3)+(E14*$E$5/3)+(F14*$F$5/3)+(G14*$G$5/3))*90 -> 90 | I14: 3 | J14: 3 | K14: 3 | L14: 3 | M14: =((I14*$D$5/3)+(J14*$E$5/3)+(K14*$F$5/3)+(L14*$G$5/3))*90 -> 90 | N14: 3 | O14: 3 | P14: 3 | Q14: 3 | R14: =((N14*$D$5/3)+(O14*$E$5/3)+(P14*$F$5/3)+(Q14*$G$5/3))*90 -> 90 | S14: 3 | T14: 3 | U14: 3 | V14: 3 | W14: =((S14*$D$5/3)+(T14*$E$5/3)+(U14*$F$5/3)+(V14*$G$5/3))*90 -> 90 | X14: 3 | Y14: 3 | Z14: 3 | AA14: 3 | AB14: =((X14*$D$5/3)+(Y14*$E$5/3)+(Z14*$F$5/3)+(AA14*$G$5/3))*90 -> 90 | AC14: 2 | AD14: 2 | AE14: 2 | AF14: 2 | AG14: =((AC14*$D$5/3)+(AD14*$E$5/3)+(AE14*$F$5/3)+(AF14*$G$5/3))*90 -> 60 | AH14: 2 | AI14: 3 | AJ14: 3 | AK14: 3 | AL14: =((AH14*$D$5/3)+(AI14*$E$5/3)+(AJ14*$F$5/3)+(AK14*$G$5/3))*90 -> 87 | AM14: 3 | AN14: 3 | AO14: 3 | AP14: 1 | AQ14: =((AM14*$D$5/3)+(AN14*$E$5/3)+(AO14*$F$5/3)+(AP14*$G$5/3))*90 -> 60
A15: ='INPUT DAFTAR PESERTA'!A13 -> 10 | B15: ='INPUT DAFTAR PESERTA'!B13 -> 2409046048 | C15: ='INPUT DAFTAR PESERTA'!C13 -> Zaid Iman At-Tamam | D15: 3 | E15: 3 | F15: 3 | G15: 2 | H15: =((D15*$D$5/3)+(E15*$E$5/3)+(F15*$F$5/3)+(G15*$G$5/3))*90 -> 75 | I15: 3 | J15: 3 | K15: 3 | L15: 2 | M15: =((I15*$D$5/3)+(J15*$E$5/3)+(K15*$F$5/3)+(L15*$G$5/3))*90 -> 75 | N15: 3 | O15: 3 | P15: 3 | Q15: 2 | R15: =((N15*$D$5/3)+(O15*$E$5/3)+(P15*$F$5/3)+(Q15*$G$5/3))*90 -> 75 | S15: 3 | T15: 3 | U15: 3 | V15: 2 | W15: =((S15*$D$5/3)+(T15*$E$5/3)+(U15*$F$5/3)+(V15*$G$5/3))*90 -> 75 | X15: 3 | Y15: 3 | Z15: 3 | AA15: 3 | AB15: =((X15*$D$5/3)+(Y15*$E$5/3)+(Z15*$F$5/3)+(AA15*$G$5/3))*90 -> 90 | AC15: 2 | AD15: 2 | AE15: 2 | AF15: 2 | AG15: =((AC15*$D$5/3)+(AD15*$E$5/3)+(AE15*$F$5/3)+(AF15*$G$5/3))*90 -> 60 | AH15: 2 | AI15: 3 | AJ15: 3 | AK15: 2 | AL15: =((AH15*$D$5/3)+(AI15*$E$5/3)+(AJ15*$F$5/3)+(AK15*$G$5/3))*90 -> 72 | AM15: 3 | AN15: 3 | AO15: 3 | AP15: 1 | AQ15: =((AM15*$D$5/3)+(AN15*$E$5/3)+(AO15*$F$5/3)+(AP15*$G$5/3))*90 -> 60
A16: ='INPUT DAFTAR PESERTA'!A14 -> 11 | B16: ='INPUT DAFTAR PESERTA'!B14 -> 2409046050 | C16: ='INPUT DAFTAR PESERTA'!C14 -> Fachri Zia Pasha | D16: 3 | E16: 3 | F16: 3 | G16: 3 | H16: =((D16*$D$5/3)+(E16*$E$5/3)+(F16*$F$5/3)+(G16*$G$5/3))*90 -> 90 | I16: 3 | J16: 3 | K16: 3 | L16: 3 | M16: =((I16*$D$5/3)+(J16*$E$5/3)+(K16*$F$5/3)+(L16*$G$5/3))*90 -> 90 | N16: 3 | O16: 3 | P16: 3 | Q16: 3 | R16: =((N16*$D$5/3)+(O16*$E$5/3)+(P16*$F$5/3)+(Q16*$G$5/3))*90 -> 90 | S16: 3 | T16: 3 | U16: 3 | V16: 3 | W16: =((S16*$D$5/3)+(T16*$E$5/3)+(U16*$F$5/3)+(V16*$G$5/3))*90 -> 90 | X16: 3 | Y16: 3 | Z16: 3 | AA16: 3 | AB16: =((X16*$D$5/3)+(Y16*$E$5/3)+(Z16*$F$5/3)+(AA16*$G$5/3))*90 -> 90 | AC16: 2 | AD16: 2 | AE16: 2 | AF16: 2 | AG16: =((AC16*$D$5/3)+(AD16*$E$5/3)+(AE16*$F$5/3)+(AF16*$G$5/3))*90 -> 60 | AH16: 2 | AI16: 3 | AJ16: 3 | AK16: 3 | AL16: =((AH16*$D$5/3)+(AI16*$E$5/3)+(AJ16*$F$5/3)+(AK16*$G$5/3))*90 -> 87 | AM16: 3 | AN16: 3 | AO16: 3 | AP16: 2 | AQ16: =((AM16*$D$5/3)+(AN16*$E$5/3)+(AO16*$F$5/3)+(AP16*$G$5/3))*90 -> 75
A17: ='INPUT DAFTAR PESERTA'!A15 -> 12 | B17: ='INPUT DAFTAR PESERTA'!B15 -> 2409046051 | C17: ='INPUT DAFTAR PESERTA'!C15 -> Aziffa Reisazalea | D17: 3 | E17: 3 | F17: 3 | G17: 3 | H17: =((D17*$D$5/3)+(E17*$E$5/3)+(F17*$F$5/3)+(G17*$G$5/3))*90 -> 90 | I17: 3 | J17: 3 | K17: 3 | L17: 3 | M17: =((I17*$D$5/3)+(J17*$E$5/3)+(K17*$F$5/3)+(L17*$G$5/3))*90 -> 90 | N17: 3 | O17: 3 | P17: 3 | Q17: 3 | R17: =((N17*$D$5/3)+(O17*$E$5/3)+(P17*$F$5/3)+(Q17*$G$5/3))*90 -> 90 | S17: 3 | T17: 3 | U17: 3 | V17: 3 | W17: =((S17*$D$5/3)+(T17*$E$5/3)+(U17*$F$5/3)+(V17*$G$5/3))*90 -> 90 | X17: 3 | Y17: 3 | Z17: 3 | AA17: 3 | AB17: =((X17*$D$5/3)+(Y17*$E$5/3)+(Z17*$F$5/3)+(AA17*$G$5/3))*90 -> 90 | AC17: 2 | AD17: 2 | AE17: 2 | AF17: 2 | AG17: =((AC17*$D$5/3)+(AD17*$E$5/3)+(AE17*$F$5/3)+(AF17*$G$5/3))*90 -> 60 | AH17: 2 | AI17: 3 | AJ17: 3 | AK17: 3 | AL17: =((AH17*$D$5/3)+(AI17*$E$5/3)+(AJ17*$F$5/3)+(AK17*$G$5/3))*90 -> 87 | AM17: 3 | AN17: 3 | AO17: 3 | AP17: 2 | AQ17: =((AM17*$D$5/3)+(AN17*$E$5/3)+(AO17*$F$5/3)+(AP17*$G$5/3))*90 -> 75
... A26: ='INPUT DAFTAR PESERTA'!A24 -> 21 | B26: ='INPUT DAFTAR PESERTA'!B24 -> 2509046005 | C26: ='INPUT DAFTAR PESERTA'!C24 -> Seysa Puji Annura | D26: 3 | E26: 2 | F26: 3 | G26: 1 | H26: =((D26*$D$5/3)+(E26*$E$5/3)+(F26*$F$5/3)+(G26*$G$5/3))*90 -> 54 | I26: 2 | J26: 3 | K26: 2 | L26: 1 | M26: =((I26*$D$5/3)+(J26*$E$5/3)+(K26*$F$5/3)+(L26*$G$5/3))*90 -> 51 | N26: 3 | O26: 3 | P26: 3 | Q26: 1 | R26: =((N26*$D$5/3)+(O26*$E$5/3)+(P26*$F$5/3)+(Q26*$G$5/3))*90 -> 60 | S26: 3 | T26: 3 | U26: 3 | V26: 1 | W26: =((S26*$D$5/3)+(T26*$E$5/3)+(U26*$F$5/3)+(V26*$G$5/3))*90 -> 60 | X26: 2 | Y26: 2 | Z26: 2 | AA26: 1 | AB26: =((X26*$D$5/3)+(Y26*$E$5/3)+(Z26*$F$5/3)+(AA26*$G$5/3))*90 -> 45 | AC26: 3 | AD26: 3 | AE26: 3 | AF26: 3 | AG26: =((AC26*$D$5/3)+(AD26*$E$5/3)+(AE26*$F$5/3)+(AF26*$G$5/3))*90 -> 90 | AH26: 2 | AI26: 3 | AJ26: 3 | AK26: 1 | AL26: =((AH26*$D$5/3)+(AI26*$E$5/3)+(AJ26*$F$5/3)+(AK26*$G$5/3))*90 -> 57 | AM26: 3 | AN26: 3 | AO26: 3 | AP26: 0 | AQ26: =((AM26*$D$5/3)+(AN26*$E$5/3)+(AO26*$F$5/3)+(AP26*$G$5/3))*90 -> 45
A27: ='INPUT DAFTAR PESERTA'!A25 -> 22 | B27: ='INPUT DAFTAR PESERTA'!B25 -> 2509046006 | C27: ='INPUT DAFTAR PESERTA'!C25 -> Gita Ramadhani Supriyadi | H27: =((D27*$D$5/3)+(E27*$E$5/3)+(F27*$F$5/3)+(G27*$G$5/3))*90 -> 0 | I27: 1 | J27: 1 | K27: 1 | L27: 1 | M27: =((I27*$D$5/3)+(J27*$E$5/3)+(K27*$F$5/3)+(L27*$G$5/3))*90 -> 30 | N27: 0 | O27: 0 | P27: 0 | Q27: 0 | R27: =((N27*$D$5/3)+(O27*$E$5/3)+(P27*$F$5/3)+(Q27*$G$5/3))*90 -> 0 | S27: 0 | T27: 0 | U27: 0 | V27: 0 | W27: =((S27*$D$5/3)+(T27*$E$5/3)+(U27*$F$5/3)+(V27*$G$5/3))*90 -> 0 | X27: 1 | Y27: 1 | Z27: 1 | AA27: 1 | AB27: =((X27*$D$5/3)+(Y27*$E$5/3)+(Z27*$F$5/3)+(AA27*$G$5/3))*90 -> 30 | AC27: 0 | AD27: 0 | AE27: 0 | AF27: 0 | AG27: =((AC27*$D$5/3)+(AD27*$E$5/3)+(AE27*$F$5/3)+(AF27*$G$5/3))*90 -> 0 | AH27: 0 | AI27: 0 | AJ27: 0 | AK27: 0 | AL27: =((AH27*$D$5/3)+(AI27*$E$5/3)+(AJ27*$F$5/3)+(AK27*$G$5/3))*90 -> 0 | AM27: 0 | AN27: 0 | AO27: 0 | AP27: 0 | AQ27: =((AM27*$D$5/3)+(AN27*$E$5/3)+(AO27*$F$5/3)+(AP27*$G$5/3))*90 -> 0
A28: ='INPUT DAFTAR PESERTA'!A26 -> 23 | B28: ='INPUT DAFTAR PESERTA'!B26 -> 2509046007 | C28: ='INPUT DAFTAR PESERTA'!C26 -> Fabio Cannavaro Sinaga | D28: 3 | E28: 3 | F28: 3 | G28: 3 | H28: =((D28*$D$5/3)+(E28*$E$5/3)+(F28*$F$5/3)+(G28*$G$5/3))*90 -> 90 | I28: 3 | J28: 3 | K28: 2 | L28: 2 | M28: =((I28*$D$5/3)+(J28*$E$5/3)+(K28*$F$5/3)+(L28*$G$5/3))*90 -> 69 | N28: 3 | O28: 3 | P28: 3 | Q28: 3 | R28: =((N28*$D$5/3)+(O28*$E$5/3)+(P28*$F$5/3)+(Q28*$G$5/3))*90 -> 90 | S28: 3 | T28: 3 | U28: 3 | V28: 3 | W28: =((S28*$D$5/3)+(T28*$E$5/3)+(U28*$F$5/3)+(V28*$G$5/3))*90 -> 90 | X28: 2 | Y28: 2 | Z28: 2 | AA28: 3 | AB28: =((X28*$D$5/3)+(Y28*$E$5/3)+(Z28*$F$5/3)+(AA28*$G$5/3))*90 -> 75 | AC28: 3 | AD28: 3 | AE28: 3 | AF28: 2 | AG28: =((AC28*$D$5/3)+(AD28*$E$5/3)+(AE28*$F$5/3)+(AF28*$G$5/3))*90 -> 75 | AH28: 2 | AI28: 3 | AJ28: 3 | AK28: 2 | AL28: =((AH28*$D$5/3)+(AI28*$E$5/3)+(AJ28*$F$5/3)+(AK28*$G$5/3))*90 -> 72 | AM28: 3 | AN28: 3 | AO28: 3 | AP28: 1 | AQ28: =((AM28*$D$5/3)+(AN28*$E$5/3)+(AO28*$F$5/3)+(AP28*$G$5/3))*90 -> 60
A29: ='INPUT DAFTAR PESERTA'!A27 -> 24 | B29: ='INPUT DAFTAR PESERTA'!B27 -> 2509046008 | C29: ='INPUT DAFTAR PESERTA'!C27 -> Hayatun Nisa | D29: 3 | E29: 3 | F29: 3 | G29: 2 | H29: =((D29*$D$5/3)+(E29*$E$5/3)+(F29*$F$5/3)+(G29*$G$5/3))*90 -> 75 | I29: 3 | J29: 3 | K29: 3 | L29: 1 | M29: =((I29*$D$5/3)+(J29*$E$5/3)+(K29*$F$5/3)+(L29*$G$5/3))*90 -> 60 | N29: 3 | O29: 3 | P29: 3 | Q29: 2 | R29: =((N29*$D$5/3)+(O29*$E$5/3)+(P29*$F$5/3)+(Q29*$G$5/3))*90 -> 75 | S29: 3 | T29: 3 | U29: 3 | V29: 1 | W29: =((S29*$D$5/3)+(T29*$E$5/3)+(U29*$F$5/3)+(V29*$G$5/3))*90 -> 60 | X29: 2 | Y29: 2 | Z29: 2 | AA29: 3 | AB29: =((X29*$D$5/3)+(Y29*$E$5/3)+(Z29*$F$5/3)+(AA29*$G$5/3))*90 -> 75 | AC29: 3 | AD29: 2 | AE29: 2 | AF29: 2 | AG29: =((AC29*$D$5/3)+(AD29*$E$5/3)+(AE29*$F$5/3)+(AF29*$G$5/3))*90 -> 63 | AH29: 2 | AI29: 3 | AJ29: 3 | AK29: 1 | AL29: =((AH29*$D$5/3)+(AI29*$E$5/3)+(AJ29*$F$5/3)+(AK29*$G$5/3))*90 -> 57 | AM29: 3 | AN29: 3 | AO29: 3 | AP29: 1 | AQ29: =((AM29*$D$5/3)+(AN29*$E$5/3)+(AO29*$F$5/3)+(AP29*$G$5/3))*90 -> 60
A30: ='INPUT DAFTAR PESERTA'!A28 -> 25 | B30: ='INPUT DAFTAR PESERTA'!B28 -> 2509046009 | C30: ='INPUT DAFTAR PESERTA'!C28 -> Khalilah Denissa Ardia Cahyani | D30: 3 | E30: 3 | F30: 3 | G30: 2 | H30: =((D30*$D$5/3)+(E30*$E$5/3)+(F30*$F$5/3)+(G30*$G$5/3))*90 -> 75 | I30: 3 | J30: 3 | K30: 3 | L30: 1 | M30: =((I30*$D$5/3)+(J30*$E$5/3)+(K30*$F$5/3)+(L30*$G$5/3))*90 -> 60 | N30: 3 | O30: 3 | P30: 3 | Q30: 2 | R30: =((N30*$D$5/3)+(O30*$E$5/3)+(P30*$F$5/3)+(Q30*$G$5/3))*90 -> 75 | S30: 2 | T30: 3 | U30: 3 | V30: 2 | W30: =((S30*$D$5/3)+(T30*$E$5/3)+(U30*$F$5/3)+(V30*$G$5/3))*90 -> 72 | X30: 2 | Y30: 3 | Z30: 3 | AA30: 2 | AB30: =((X30*$D$5/3)+(Y30*$E$5/3)+(Z30*$F$5/3)+(AA30*$G$5/3))*90 -> 72 | AC30: 3 | AD30: 2 | AE30: 2 | AF30: 2 | AG30: =((AC30*$D$5/3)+(AD30*$E$5/3)+(AE30*$F$5/3)+(AF30*$G$5/3))*90 -> 63 | AH30: 2 | AI30: 3 | AJ30: 3 | AK30: 1 | AL30: =((AH30*$D$5/3)+(AI30*$E$5/3)+(AJ30*$F$5/3)+(AK30*$G$5/3))*90 -> 57 | AM30: 0 | AN30: 0 | AO30: 0 | AP30: 0 | AQ30: =((AM30*$D$5/3)+(AN30*$E$5/3)+(AO30*$F$5/3)+(AP30*$G$5/3))*90 -> 0
A31: ='INPUT DAFTAR PESERTA'!A29 -> 26 | B31: ='INPUT DAFTAR PESERTA'!B29 -> 2509046010 | C31: ='INPUT DAFTAR PESERTA'!C29 -> Athila Nadya Zalikha | D31: 3 | E31: 3 | F31: 3 | G31: 2 | H31: =((D31*$D$5/3)+(E31*$E$5/3)+(F31*$F$5/3)+(G31*$G$5/3))*90 -> 75 | I31: 1 | J31: 1 | K31: 1 | L31: 1 | M31: =((I31*$D$5/3)+(J31*$E$5/3)+(K31*$F$5/3)+(L31*$G$5/3))*90 -> 30 | N31: 0 | O31: 0 | P31: 0 | Q31: 0 | R31: =((N31*$D$5/3)+(O31*$E$5/3)+(P31*$F$5/3)+(Q31*$G$5/3))*90 -> 0 | S31: 0 | T31: 0 | U31: 0 | V31: 0 | W31: =((S31*$D$5/3)+(T31*$E$5/3)+(U31*$F$5/3)+(V31*$G$5/3))*90 -> 0 | X31: 2 | Y31: 2 | Z31: 2 | AA31: 3 | AB31: =((X31*$D$5/3)+(Y31*$E$5/3)+(Z31*$F$5/3)+(AA31*$G$5/3))*90 -> 75 | AC31: 3 | AD31: 2 | AE31: 2 | AF31: 2 | AG31: =((AC31*$D$5/3)+(AD31*$E$5/3)+(AE31*$F$5/3)+(AF31*$G$5/3))*90 -> 63 | AH31: 2 | AI31: 3 | AJ31: 3 | AK31: 1 | AL31: =((AH31*$D$5/3)+(AI31*$E$5/3)+(AJ31*$F$5/3)+(AK31*$G$5/3))*90 -> 57 | AM31: 0 | AN31: 0 | AO31: 0 | AP31: 0 | AQ31: =((AM31*$D$5/3)+(AN31*$E$5/3)+(AO31*$F$5/3)+(AP31*$G$5/3))*90 -> 0
A32: ='INPUT DAFTAR PESERTA'!A30 -> 27 | B32: ='INPUT DAFTAR PESERTA'!B30 -> 2509046011 | C32: ='INPUT DAFTAR PESERTA'!C30 -> Aditya Pratama | D32: 3 | E32: 3 | F32: 3 | G32: 2 | H32: =((D32*$D$5/3)+(E32*$E$5/3)+(F32*$F$5/3)+(G32*$G$5/3))*90 -> 75 | I32: 3 | J32: 3 | K32: 3 | L32: 1 | M32: =((I32*$D$5/3)+(J32*$E$5/3)+(K32*$F$5/3)+(L32*$G$5/3))*90 -> 60 | N32: 0 | O32: 0 | P32: 0 | Q32: 0 | R32: =((N32*$D$5/3)+(O32*$E$5/3)+(P32*$F$5/3)+(Q32*$G$5/3))*90 -> 0 | S32: 0 | T32: 0 | U32: 0 | V32: 0 | W32: =((S32*$D$5/3)+(T32*$E$5/3)+(U32*$F$5/3)+(V32*$G$5/3))*90 -> 0 | X32: 1 | Y32: 1 | Z32: 1 | AA32: 1 | AB32: =((X32*$D$5/3)+(Y32*$E$5/3)+(Z32*$F$5/3)+(AA32*$G$5/3))*90 -> 30 | AC32: 0 | AD32: 0 | AE32: 0 | AF32: 0 | AG32: =((AC32*$D$5/3)+(AD32*$E$5/3)+(AE32*$F$5/3)+(AF32*$G$5/3))*90 -> 0 | AH32: 2 | AI32: 3 | AJ32: 3 | AK32: 1 | AL32: =((AH32*$D$5/3)+(AI32*$E$5/3)+(AJ32*$F$5/3)+(AK32*$G$5/3))*90 -> 57 | AM32: 0 | AN32: 0 | AO32: 0 | AP32: 0 | AQ32: =((AM32*$D$5/3)+(AN32*$E$5/3)+(AO32*$F$5/3)+(AP32*$G$5/3))*90 -> 0
A33: ='INPUT DAFTAR PESERTA'!A31 -> 28 | B33: ='INPUT DAFTAR PESERTA'!B31 -> 2509046012 | C33: ='INPUT DAFTAR PESERTA'!C31 -> Atiiqah Permata Hati | D33: 3 | E33: 3 | F33: 3 | G33: 1 | H33: =((D33*$D$5/3)+(E33*$E$5/3)+(F33*$F$5/3)+(G33*$G$5/3))*90 -> 60 | I33: 2 | J33: 2 | K33: 2 | L33: 1 | M33: =((I33*$D$5/3)+(J33*$E$5/3)+(K33*$F$5/3)+(L33*$G$5/3))*90 -> 45 | N33: 2 | O33: 3 | P33: 3 | Q33: 1 | R33: =((N33*$D$5/3)+(O33*$E$5/3)+(P33*$F$5/3)+(Q33*$G$5/3))*90 -> 57 | S33: 3 | T33: 3 | U33: 3 | V33: 1 | W33: =((S33*$D$5/3)+(T33*$E$5/3)+(U33*$F$5/3)+(V33*$G$5/3))*90 -> 60 | X33: 3 | Y33: 2 | Z33: 3 | AA33: 1 | AB33: =((X33*$D$5/3)+(Y33*$E$5/3)+(Z33*$F$5/3)+(AA33*$G$5/3))*90 -> 54 | AC33: 3 | AD33: 2 | AE33: 2 | AF33: 2 | AG33: =((AC33*$D$5/3)+(AD33*$E$5/3)+(AE33*$F$5/3)+(AF33*$G$5/3))*90 -> 63 | AH33: 2 | AI33: 3 | AJ33: 3 | AK33: 1 | AL33: =((AH33*$D$5/3)+(AI33*$E$5/3)+(AJ33*$F$5/3)+(AK33*$G$5/3))*90 -> 57 | AM33: 3 | AN33: 3 | AO33: 3 | AP33: 1 | AQ33: =((AM33*$D$5/3)+(AN33*$E$5/3)+(AO33*$F$5/3)+(AP33*$G$5/3))*90 -> 60
A34: ='INPUT DAFTAR PESERTA'!A32 -> 29 | B34: ='INPUT DAFTAR PESERTA'!B32 -> 2509046013 | C34: ='INPUT DAFTAR PESERTA'!C32 -> Yolanda Denis Aprilia | D34: 3 | E34: 3 | F34: 3 | G34: 2 | H34: =((D34*$D$5/3)+(E34*$E$5/3)+(F34*$F$5/3)+(G34*$G$5/3))*90 -> 75 | I34: 2 | J34: 2 | K34: 2 | L34: 1 | M34: =((I34*$D$5/3)+(J34*$E$5/3)+(K34*$F$5/3)+(L34*$G$5/3))*90 -> 45 | N34: 3 | O34: 3 | P34: 3 | Q34: 2 | R34: =((N34*$D$5/3)+(O34*$E$5/3)+(P34*$F$5/3)+(Q34*$G$5/3))*90 -> 75 | S34: 3 | T34: 3 | U34: 3 | V34: 1 | W34: =((S34*$D$5/3)+(T34*$E$5/3)+(U34*$F$5/3)+(V34*$G$5/3))*90 -> 60 | X34: 3 | Y34: 2 | Z34: 3 | AA34: 1 | AB34: =((X34*$D$5/3)+(Y34*$E$5/3)+(Z34*$F$5/3)+(AA34*$G$5/3))*90 -> 54 | AC34: 3 | AD34: 2 | AE34: 2 | AF34: 2 | AG34: =((AC34*$D$5/3)+(AD34*$E$5/3)+(AE34*$F$5/3)+(AF34*$G$5/3))*90 -> 63 | AH34: 2 | AI34: 3 | AJ34: 3 | AK34: 1 | AL34: =((AH34*$D$5/3)+(AI34*$E$5/3)+(AJ34*$F$5/3)+(AK34*$G$5/3))*90 -> 57 | AM34: 3 | AN34: 3 | AO34: 3 | AP34: 1 | AQ34: =((AM34*$D$5/3)+(AN34*$E$5/3)+(AO34*$F$5/3)+(AP34*$G$5/3))*90 -> 60
A35: ='INPUT DAFTAR PESERTA'!A33 -> 30 | B35: ='INPUT DAFTAR PESERTA'!B33 -> 2509046014 | C35: ='INPUT DAFTAR PESERTA'!C33 -> Farah Najma | D35: 2 | E35: 2 | F35: 2 | G35: 3 | H35: =((D35*$D$5/3)+(E35*$E$5/3)+(F35*$F$5/3)+(G35*$G$5/3))*90 -> 75 | I35: 2 | J35: 2 | K35: 2 | L35: 1 | M35: =((I35*$D$5/3)+(J35*$E$5/3)+(K35*$F$5/3)+(L35*$G$5/3))*90 -> 45 | N35: 2 | O35: 3 | P35: 3 | Q35: 1 | R35: =((N35*$D$5/3)+(O35*$E$5/3)+(P35*$F$5/3)+(Q35*$G$5/3))*90 -> 57 | S35: 3 | T35: 3 | U35: 3 | V35: 1 | W35: =((S35*$D$5/3)+(T35*$E$5/3)+(U35*$F$5/3)+(V35*$G$5/3))*90 -> 60 | X35: 3 | Y35: 3 | Z35: 3 | AA35: 1 | AB35: =((X35*$D$5/3)+(Y35*$E$5/3)+(Z35*$F$5/3)+(AA35*$G$5/3))*90 -> 60 | AC35: 3 | AD35: 2 | AE35: 2 | AF35: 2 | AG35: =((AC35*$D$5/3)+(AD35*$E$5/3)+(AE35*$F$5/3)+(AF35*$G$5/3))*90 -> 63 | AH35: 2 | AI35: 3 | AJ35: 3 | AK35: 1 | AL35: =((AH35*$D$5/3)+(AI35*$E$5/3)+(AJ35*$F$5/3)+(AK35*$G$5/3))*90 -> 57 | AM35: 3 | AN35: 3 | AO35: 3 | AP35: 1 | AQ35: =((AM35*$D$5/3)+(AN35*$E$5/3)+(AO35*$F$5/3)+(AP35*$G$5/3))*90 -> 60
A36: ='INPUT DAFTAR PESERTA'!A34 -> 31 | B36: ='INPUT DAFTAR PESERTA'!B34 -> 2509046015 | C36: ='INPUT DAFTAR PESERTA'!C34 -> Muhammad Abdul Mu'in | D36: 2 | E36: 3 | F36: 2 | G36: 2 | H36: =((D36*$D$5/3)+(E36*$E$5/3)+(F36*$F$5/3)+(G36*$G$5/3))*90 -> 66 | I36: 2 | J36: 2 | K36: 2 | L36: 1 | M36: =((I36*$D$5/3)+(J36*$E$5/3)+(K36*$F$5/3)+(L36*$G$5/3))*90 -> 45 | N36: 3 | O36: 3 | P36: 3 | Q36: 1 | R36: =((N36*$D$5/3)+(O36*$E$5/3)+(P36*$F$5/3)+(Q36*$G$5/3))*90 -> 60 | S36: 3 | T36: 3 | U36: 3 | V36: 1 | W36: =((S36*$D$5/3)+(T36*$E$5/3)+(U36*$F$5/3)+(V36*$G$5/3))*90 -> 60 | X36: 3 | Y36: 3 | Z36: 3 | AA36: 1 | AB36: =((X36*$D$5/3)+(Y36*$E$5/3)+(Z36*$F$5/3)+(AA36*$G$5/3))*90 -> 60 | AC36: 3 | AD36: 2 | AE36: 2 | AF36: 2 | AG36: =((AC36*$D$5/3)+(AD36*$E$5/3)+(AE36*$F$5/3)+(AF36*$G$5/3))*90 -> 63 | AH36: 3 | AI36: 3 | AJ36: 3 | AK36: 1 | AL36: =((AH36*$D$5/3)+(AI36*$E$5/3)+(AJ36*$F$5/3)+(AK36*$G$5/3))*90 -> 60 | AM36: 3 | AN36: 3 | AO36: 3 | AP36: 1 | AQ36: =((AM36*$D$5/3)+(AN36*$E$5/3)+(AO36*$F$5/3)+(AP36*$G$5/3))*90 -> 60
A37: ='INPUT DAFTAR PESERTA'!A35 -> 32 | B37: ='INPUT DAFTAR PESERTA'!B35 -> 2509046016 | C37: ='INPUT DAFTAR PESERTA'!C35 -> Muhammad Rofiq Al-Hakim | D37: 1 | E37: 2 | F37: 3 | G37: 3 | H37: =((D37*$D$5/3)+(E37*$E$5/3)+(F37*$F$5/3)+(G37*$G$5/3))*90 -> 78 | I37: 1 | J37: 1 | K37: 1 | L37: 1 | M37: =((I37*$D$5/3)+(J37*$E$5/3)+(K37*$F$5/3)+(L37*$G$5/3))*90 -> 30 | N37: 0 | O37: 0 | P37: 0 | Q37: 0 | R37: =((N37*$D$5/3)+(O37*$E$5/3)+(P37*$F$5/3)+(Q37*$G$5/3))*90 -> 0 | S37: 3 | T37: 3 | U37: 3 | V37: 1 | W37: =((S37*$D$5/3)+(T37*$E$5/3)+(U37*$F$5/3)+(V37*$G$5/3))*90 -> 60 | X37: 3 | Y37: 2 | Z37: 2 | AA37: 3 | AB37: =((X37*$D$5/3)+(Y37*$E$5/3)+(Z37*$F$5/3)+(AA37*$G$5/3))*90 -> 78 | AC37: 3 | AD37: 2 | AE37: 2 | AF37: 2 | AG37: =((AC37*$D$5/3)+(AD37*$E$5/3)+(AE37*$F$5/3)+(AF37*$G$5/3))*90 -> 63 | AH37: 2 | AI37: 3 | AJ37: 3 | AK37: 3 | AL37: =((AH37*$D$5/3)+(AI37*$E$5/3)+(AJ37*$F$5/3)+(AK37*$G$5/3))*90 -> 87 | AM37: 2 | AN37: 3 | AO37: 3 | AP37: 1 | AQ37: =((AM37*$D$5/3)+(AN37*$E$5/3)+(AO37*$F$5/3)+(AP37*$G$5/3))*90 -> 57
A38: ='INPUT DAFTAR PESERTA'!A36 -> 33 | B38: ='INPUT DAFTAR PESERTA'!B36 -> 2509046017 | C38: ='INPUT DAFTAR PESERTA'!C36 -> Nadia Eka Pratiwi | D38: 3 | E38: 3 | F38: 3 | G38: 3 | H38: =((D38*$D$5/3)+(E38*$E$5/3)+(F38*$F$5/3)+(G38*$G$5/3))*90 -> 90 | I38: 1 | J38: 1 | K38: 1 | L38: 1 | M38: =((I38*$D$5/3)+(J38*$E$5/3)+(K38*$F$5/3)+(L38*$G$5/3))*90 -> 30 | N38: 3 | O38: 3 | P38: 3 | Q38: 2 | R38: =((N38*$D$5/3)+(O38*$E$5/3)+(P38*$F$5/3)+(Q38*$G$5/3))*90 -> 75 | S38: 3 | T38: 3 | U38: 3 | V38: 2 | W38: =((S38*$D$5/3)+(T38*$E$5/3)+(U38*$F$5/3)+(V38*$G$5/3))*90 -> 75 | X38: 3 | Y38: 3 | Z38: 2 | AA38: 3 | AB38: =((X38*$D$5/3)+(Y38*$E$5/3)+(Z38*$F$5/3)+(AA38*$G$5/3))*90 -> 84 | AC38: 3 | AD38: 2 | AE38: 2 | AF38: 2 | AG38: =((AC38*$D$5/3)+(AD38*$E$5/3)+(AE38*$F$5/3)+(AF38*$G$5/3))*90 -> 63 | AH38: 2 | AI38: 3 | AJ38: 3 | AK38: 3 | AL38: =((AH38*$D$5/3)+(AI38*$E$5/3)+(AJ38*$F$5/3)+(AK38*$G$5/3))*90 -> 87 | AM38: 2 | AN38: 3 | AO38: 3 | AP38: 3 | AQ38: =((AM38*$D$5/3)+(AN38*$E$5/3)+(AO38*$F$5/3)+(AP38*$G$5/3))*90 -> 87
A39: ='INPUT DAFTAR PESERTA'!A37 -> 34 | B39: ='INPUT DAFTAR PESERTA'!B37 -> 2509046018 | C39: ='INPUT DAFTAR PESERTA'!C37 -> Rayhana Erda Affiyah | D39: 1 | E39: 2 | F39: 2 | G39: 3 | H39: =((D39*$D$5/3)+(E39*$E$5/3)+(F39*$F$5/3)+(G39*$G$5/3))*90 -> 72 | I39: 1 | J39: 1 | K39: 1 | L39: 1 | M39: =((I39*$D$5/3)+(J39*$E$5/3)+(K39*$F$5/3)+(L39*$G$5/3))*90 -> 30 | N39: 3 | O39: 3 | P39: 3 | Q39: 3 | R39: =((N39*$D$5/3)+(O39*$E$5/3)+(P39*$F$5/3)+(Q39*$G$5/3))*90 -> 90 | S39: 3 | T39: 3 | U39: 3 | V39: 3 | W39: =((S39*$D$5/3)+(T39*$E$5/3)+(U39*$F$5/3)+(V39*$G$5/3))*90 -> 90 | X39: 3 | Y39: 3 | Z39: 2 | AA39: 3 | AB39: =((X39*$D$5/3)+(Y39*$E$5/3)+(Z39*$F$5/3)+(AA39*$G$5/3))*90 -> 84 | AC39: 3 | AD39: 2 | AE39: 2 | AF39: 2 | AG39: =((AC39*$D$5/3)+(AD39*$E$5/3)+(AE39*$F$5/3)+(AF39*$G$5/3))*90 -> 63 | AH39: 2 | AI39: 3 | AJ39: 3 | AK39: 3 | AL39: =((AH39*$D$5/3)+(AI39*$E$5/3)+(AJ39*$F$5/3)+(AK39*$G$5/3))*90 -> 87 | AM39: 2 | AN39: 3 | AO39: 3 | AP39: 2 | AQ39: =((AM39*$D$5/3)+(AN39*$E$5/3)+(AO39*$F$5/3)+(AP39*$G$5/3))*90 -> 72
A40: ='INPUT DAFTAR PESERTA'!A38 -> 35 | B40: ='INPUT DAFTAR PESERTA'!B38 -> 2509046019 | C40: ='INPUT DAFTAR PESERTA'!C38 -> Astrina Nadhiroh Illiyin | D40: 3 | E40: 3 | F40: 3 | G40: 2 | H40: =((D40*$D$5/3)+(E40*$E$5/3)+(F40*$F$5/3)+(G40*$G$5/3))*90 -> 75 | I40: 1 | J40: 1 | K40: 1 | L40: 1 | M40: =((I40*$D$5/3)+(J40*$E$5/3)+(K40*$F$5/3)+(L40*$G$5/3))*90 -> 30 | N40: 3 | O40: 3 | P40: 3 | Q40: 3 | R40: =((N40*$D$5/3)+(O40*$E$5/3)+(P40*$F$5/3)+(Q40*$G$5/3))*90 -> 90 | S40: 3 | T40: 3 | U40: 3 | V40: 3 | W40: =((S40*$D$5/3)+(T40*$E$5/3)+(U40*$F$5/3)+(V40*$G$5/3))*90 -> 90 | X40: 3 | Y40: 2 | Z40: 3 | AA40: 3 | AB40: =((X40*$D$5/3)+(Y40*$E$5/3)+(Z40*$F$5/3)+(AA40*$G$5/3))*90 -> 84 | AC40: 3 | AD40: 2 | AE40: 2 | AF40: 2 | AG40: =((AC40*$D$5/3)+(AD40*$E$5/3)+(AE40*$F$5/3)+(AF40*$G$5/3))*90 -> 63 | AH40: 2 | AI40: 3 | AJ40: 3 | AK40: 3 | AL40: =((AH40*$D$5/3)+(AI40*$E$5/3)+(AJ40*$F$5/3)+(AK40*$G$5/3))*90 -> 87 | AM40: 2 | AN40: 3 | AO40: 3 | AP40: 1.5 | AQ40: =((AM40*$D$5/3)+(AN40*$E$5/3)+(AO40*$F$5/3)+(AP40*$G$5/3))*90 -> 64.5
A41: ='INPUT DAFTAR PESERTA'!A39 -> 36 | B41: ='INPUT DAFTAR PESERTA'!B39 -> 2509046020 | C41: ='INPUT DAFTAR PESERTA'!C39 -> Muhammad Davindia Akmaluza | D41: 3 | E41: 3 | F41: 3 | G41: 1 | H41: =((D41*$D$5/3)+(E41*$E$5/3)+(F41*$F$5/3)+(G41*$G$5/3))*90 -> 60 | I41: 1 | J41: 1 | K41: 1 | L41: 1 | M41: =((I41*$D$5/3)+(J41*$E$5/3)+(K41*$F$5/3)+(L41*$G$5/3))*90 -> 30 | N41: 0 | O41: 0 | P41: 0 | Q41: 0 | R41: =((N41*$D$5/3)+(O41*$E$5/3)+(P41*$F$5/3)+(Q41*$G$5/3))*90 -> 0 | S41: 0 | T41: 0 | U41: 0 | V41: 0 | W41: =((S41*$D$5/3)+(T41*$E$5/3)+(U41*$F$5/3)+(V41*$G$5/3))*90 -> 0 | X41: 1 | Y41: 1 | Z41: 1 | AA41: 1 | AB41: =((X41*$D$5/3)+(Y41*$E$5/3)+(Z41*$F$5/3)+(AA41*$G$5/3))*90 -> 30 | AC41: 3 | AD41: 2 | AE41: 2 | AF41: 2 | AG41: =((AC41*$D$5/3)+(AD41*$E$5/3)+(AE41*$F$5/3)+(AF41*$G$5/3))*90 -> 63 | AH41: 2 | AI41: 3 | AJ41: 3 | AK41: 1 | AL41: =((AH41*$D$5/3)+(AI41*$E$5/3)+(AJ41*$F$5/3)+(AK41*$G$5/3))*90 -> 57 | AQ41: =((AM41*$D$5/3)+(AN41*$E$5/3)+(AO41*$F$5/3)+(AP41*$G$5/3))*90 -> 0
A42: ='INPUT DAFTAR PESERTA'!A40 -> 37 | B42: ='INPUT DAFTAR PESERTA'!B40 -> 2509046021 | C42: ='INPUT DAFTAR PESERTA'!C40 -> Muhammad Naufal Sabilillah | D42: 3 | E42: 3 | F42: 3 | G42: 2 | H42: =((D42*$D$5/3)+(E42*$E$5/3)+(F42*$F$5/3)+(G42*$G$5/3))*90 -> 75 | I42: 2 | J42: 2 | K42: 2 | L42: 1 | M42: =((I42*$D$5/3)+(J42*$E$5/3)+(K42*$F$5/3)+(L42*$G$5/3))*90 -> 45 | N42: 3 | O42: 3 | P42: 3 | Q42: 3 | R42: =((N42*$D$5/3)+(O42*$E$5/3)+(P42*$F$5/3)+(Q42*$G$5/3))*90 -> 90 | S42: 3 | T42: 3 | U42: 3 | V42: 3 | W42: =((S42*$D$5/3)+(T42*$E$5/3)+(U42*$F$5/3)+(V42*$G$5/3))*90 -> 90 | X42: 3 | Y42: 3 | Z42: 3 | AA42: 3 | AB42: =((X42*$D$5/3)+(Y42*$E$5/3)+(Z42*$F$5/3)+(AA42*$G$5/3))*90 -> 90 | AC42: 3 | AD42: 2 | AE42: 2 | AF42: 2 | AG42: =((AC42*$D$5/3)+(AD42*$E$5/3)+(AE42*$F$5/3)+(AF42*$G$5/3))*90 -> 63 | AH42: 2 | AI42: 3 | AJ42: 3 | AK42: 3 | AL42: =((AH42*$D$5/3)+(AI42*$E$5/3)+(AJ42*$F$5/3)+(AK42*$G$5/3))*90 -> 87 | AM42: 2 | AN42: 3 | AO42: 3 | AP42: 2 | AQ42: =((AM42*$D$5/3)+(AN42*$E$5/3)+(AO42*$F$5/3)+(AP42*$G$5/3))*90 -> 72
A43: ='INPUT DAFTAR PESERTA'!A41 -> 38 | B43: ='INPUT DAFTAR PESERTA'!B41 -> 2509046022 | C43: ='INPUT DAFTAR PESERTA'!C41 -> Miranda Nur Salsabila | D43: 2 | E43: 3 | F43: 3 | G43: 2 | H43: =((D43*$D$5/3)+(E43*$E$5/3)+(F43*$F$5/3)+(G43*$G$5/3))*90 -> 72 | I43: 2 | J43: 2 | K43: 2 | L43: 1 | M43: =((I43*$D$5/3)+(J43*$E$5/3)+(K43*$F$5/3)+(L43*$G$5/3))*90 -> 45 | N43: 3 | O43: 3 | P43: 3 | Q43: 1 | R43: =((N43*$D$5/3)+(O43*$E$5/3)+(P43*$F$5/3)+(Q43*$G$5/3))*90 -> 60 | S43: 3 | T43: 3 | U43: 3 | V43: 1 | W43: =((S43*$D$5/3)+(T43*$E$5/3)+(U43*$F$5/3)+(V43*$G$5/3))*90 -> 60 | X43: 2 | Y43: 2 | Z43: 2 | AA43: 3 | AB43: =((X43*$D$5/3)+(Y43*$E$5/3)+(Z43*$F$5/3)+(AA43*$G$5/3))*90 -> 75 | AC43: 3 | AD43: 2 | AE43: 2 | AF43: 2 | AG43: =((AC43*$D$5/3)+(AD43*$E$5/3)+(AE43*$F$5/3)+(AF43*$G$5/3))*90 -> 63 | AH43: 2 | AI43: 3 | AJ43: 3 | AK43: 3 | AL43: =((AH43*$D$5/3)+(AI43*$E$5/3)+(AJ43*$F$5/3)+(AK43*$G$5/3))*90 -> 87 | AM43: 2 | AN43: 3 | AO43: 3 | AP43: 1 | AQ43: =((AM43*$D$5/3)+(AN43*$E$5/3)+(AO43*$F$5/3)+(AP43*$G$5/3))*90 -> 57
A44: ='INPUT DAFTAR PESERTA'!A42 -> 39 | B44: ='INPUT DAFTAR PESERTA'!B42 -> 2509046023 | C44: ='INPUT DAFTAR PESERTA'!C42 -> Dinar Rahmatheta | D44: 2 | E44: 3 | F44: 3 | G44: 3 | H44: =((D44*$D$5/3)+(E44*$E$5/3)+(F44*$F$5/3)+(G44*$G$5/3))*90 -> 87 | I44: 2 | J44: 2 | K44: 2 | L44: 1 | M44: =((I44*$D$5/3)+(J44*$E$5/3)+(K44*$F$5/3)+(L44*$G$5/3))*90 -> 45 | N44: 3 | O44: 3 | P44: 3 | Q44: 1 | R44: =((N44*$D$5/3)+(O44*$E$5/3)+(P44*$F$5/3)+(Q44*$G$5/3))*90 -> 60 | S44: 3 | T44: 3 | U44: 3 | V44: 1 | W44: =((S44*$D$5/3)+(T44*$E$5/3)+(U44*$F$5/3)+(V44*$G$5/3))*90 -> 60 | X44: 3 | Y44: 2 | Z44: 2 | AA44: 3 | AB44: =((X44*$D$5/3)+(Y44*$E$5/3)+(Z44*$F$5/3)+(AA44*$G$5/3))*90 -> 78 | AC44: 3 | AD44: 2 | AE44: 2 | AF44: 2 | AG44: =((AC44*$D$5/3)+(AD44*$E$5/3)+(AE44*$F$5/3)+(AF44*$G$5/3))*90 -> 63 | AH44: 2 | AI44: 3 | AJ44: 3 | AK44: 3 | AL44: =((AH44*$D$5/3)+(AI44*$E$5/3)+(AJ44*$F$5/3)+(AK44*$G$5/3))*90 -> 87 | AM44: 2 | AN44: 3 | AO44: 3 | AP44: 2 | AQ44: =((AM44*$D$5/3)+(AN44*$E$5/3)+(AO44*$F$5/3)+(AP44*$G$5/3))*90 -> 72
A45: ='INPUT DAFTAR PESERTA'!A43 -> 40 | B45: ='INPUT DAFTAR PESERTA'!B43 -> 2509046024 | C45: ='INPUT DAFTAR PESERTA'!C43 -> Muh. Yasir Naufal | D45: 3 | E45: 3 | F45: 3 | G45: 1 | H45: =((D45*$D$5/3)+(E45*$E$5/3)+(F45*$F$5/3)+(G45*$G$5/3))*90 -> 60 | I45: 1 | J45: 1 | K45: 1 | L45: 1 | M45: =((I45*$D$5/3)+(J45*$E$5/3)+(K45*$F$5/3)+(L45*$G$5/3))*90 -> 30 | N45: 0 | O45: 0 | P45: 0 | Q45: 0 | R45: =((N45*$D$5/3)+(O45*$E$5/3)+(P45*$F$5/3)+(Q45*$G$5/3))*90 -> 0 | S45: 0 | T45: 0 | U45: 0 | V45: 0 | W45: =((S45*$D$5/3)+(T45*$E$5/3)+(U45*$F$5/3)+(V45*$G$5/3))*90 -> 0 | X45: 1 | Y45: 1 | Z45: 1 | AA45: 1 | AB45: =((X45*$D$5/3)+(Y45*$E$5/3)+(Z45*$F$5/3)+(AA45*$G$5/3))*90 -> 30 | AC45: 3 | AD45: 3 | AE45: 3 | AF45: 3 | AG45: =((AC45*$D$5/3)+(AD45*$E$5/3)+(AE45*$F$5/3)+(AF45*$G$5/3))*90 -> 90 | AH45: 2 | AI45: 3 | AJ45: 3 | AK45: 1 | AL45: =((AH45*$D$5/3)+(AI45*$E$5/3)+(AJ45*$F$5/3)+(AK45*$G$5/3))*90 -> 57 | AQ45: =((AM45*$D$5/3)+(AN45*$E$5/3)+(AO45*$F$5/3)+(AP45*$G$5/3))*90 -> 0
A46: ='INPUT DAFTAR PESERTA'!A44 -> 41 | B46: ='INPUT DAFTAR PESERTA'!B44 -> 2509046025 | C46: ='INPUT DAFTAR PESERTA'!C44 -> Andi Nada Bunga Zahra | D46: 3 | E46: 3 | F46: 3 | G46: 2 | H46: =((D46*$D$5/3)+(E46*$E$5/3)+(F46*$F$5/3)+(G46*$G$5/3))*90 -> 75 | I46: 3 | J46: 3 | K46: 3 | L46: 3 | M46: =((I46*$D$5/3)+(J46*$E$5/3)+(K46*$F$5/3)+(L46*$G$5/3))*90 -> 90 | N46: 3 | O46: 3 | P46: 3 | Q46: 2 | R46: =((N46*$D$5/3)+(O46*$E$5/3)+(P46*$F$5/3)+(Q46*$G$5/3))*90 -> 75 | S46: 3 | T46: 3 | U46: 3 | V46: 1 | W46: =((S46*$D$5/3)+(T46*$E$5/3)+(U46*$F$5/3)+(V46*$G$5/3))*90 -> 60 | X46: 2 | Y46: 3 | Z46: 3 | AA46: 1 | AB46: =((X46*$D$5/3)+(Y46*$E$5/3)+(Z46*$F$5/3)+(AA46*$G$5/3))*90 -> 57 | AC46: 3 | AD46: 3 | AE46: 3 | AF46: 2 | AG46: =((AC46*$D$5/3)+(AD46*$E$5/3)+(AE46*$F$5/3)+(AF46*$G$5/3))*90 -> 75 | AH46: 3 | AI46: 3 | AJ46: 3 | AK46: 3 | AL46: =((AH46*$D$5/3)+(AI46*$E$5/3)+(AJ46*$F$5/3)+(AK46*$G$5/3))*90 -> 90 | AM46: 3 | AN46: 3 | AO46: 3 | AP46: 3 | AQ46: =((AM46*$D$5/3)+(AN46*$E$5/3)+(AO46*$F$5/3)+(AP46*$G$5/3))*90 -> 90
A47: ='INPUT DAFTAR PESERTA'!A45 -> 42 | B47: ='INPUT DAFTAR PESERTA'!B45 -> 2509046026 | C47: ='INPUT DAFTAR PESERTA'!C45 -> Nabil Rafif Makarim | D47: 3 | E47: 3 | F47: 3 | G47: 2 | H47: =((D47*$D$5/3)+(E47*$E$5/3)+(F47*$F$5/3)+(G47*$G$5/3))*90 -> 75 | I47: 1 | J47: 1 | K47: 1 | L47: 1 | M47: =((I47*$D$5/3)+(J47*$E$5/3)+(K47*$F$5/3)+(L47*$G$5/3))*90 -> 30 | N47: 3 | O47: 3 | P47: 3 | Q47: 1 | R47: =((N47*$D$5/3)+(O47*$E$5/3)+(P47*$F$5/3)+(Q47*$G$5/3))*90 -> 60 | S47: 3 | T47: 3 | U47: 3 | V47: 1 | W47: =((S47*$D$5/3)+(T47*$E$5/3)+(U47*$F$5/3)+(V47*$G$5/3))*90 -> 60 | X47: 2 | Y47: 3 | Z47: 3 | AA47: 1 | AB47: =((X47*$D$5/3)+(Y47*$E$5/3)+(Z47*$F$5/3)+(AA47*$G$5/3))*90 -> 57 | AC47: 3 | AD47: 2 | AE47: 2 | AF47: 2 | AG47: =((AC47*$D$5/3)+(AD47*$E$5/3)+(AE47*$F$5/3)+(AF47*$G$5/3))*90 -> 63 | AH47: 3 | AI47: 3 | AJ47: 3 | AK47: 2 | AL47: =((AH47*$D$5/3)+(AI47*$E$5/3)+(AJ47*$F$5/3)+(AK47*$G$5/3))*90 -> 75 | AM47: 3 | AN47: 3 | AO47: 3 | AP47: 1 | AQ47: =((AM47*$D$5/3)+(AN47*$E$5/3)+(AO47*$F$5/3)+(AP47*$G$5/3))*90 -> 60
A48: ='INPUT DAFTAR PESERTA'!A46 -> 43 | B48: ='INPUT DAFTAR PESERTA'!B46 -> 2509046027 | C48: ='INPUT DAFTAR PESERTA'!C46 -> Natasya Camelia Az-Zahra | D48: 3 | E48: 3 | F48: 3 | G48: 3 | H48: =((D48*$D$5/3)+(E48*$E$5/3)+(F48*$F$5/3)+(G48*$G$5/3))*90 -> 90 | I48: 3 | J48: 3 | K48: 3 | L48: 2 | M48: =((I48*$D$5/3)+(J48*$E$5/3)+(K48*$F$5/3)+(L48*$G$5/3))*90 -> 75 | N48: 3 | O48: 3 | P48: 3 | Q48: 2 | R48: =((N48*$D$5/3)+(O48*$E$5/3)+(P48*$F$5/3)+(Q48*$G$5/3))*90 -> 75 | S48: 3 | T48: 3 | U48: 3 | V48: 1 | W48: =((S48*$D$5/3)+(T48*$E$5/3)+(U48*$F$5/3)+(V48*$G$5/3))*90 -> 60 | X48: 2 | Y48: 3 | Z48: 3 | AA48: 1 | AB48: =((X48*$D$5/3)+(Y48*$E$5/3)+(Z48*$F$5/3)+(AA48*$G$5/3))*90 -> 57 | AC48: 3 | AD48: 3 | AE48: 3 | AF48: 2 | AG48: =((AC48*$D$5/3)+(AD48*$E$5/3)+(AE48*$F$5/3)+(AF48*$G$5/3))*90 -> 75 | AH48: 3 | AI48: 3 | AJ48: 3 | AK48: 3 | AL48: =((AH48*$D$5/3)+(AI48*$E$5/3)+(AJ48*$F$5/3)+(AK48*$G$5/3))*90 -> 90 | AM48: 3 | AN48: 3 | AO48: 3 | AP48: 3 | AQ48: =((AM48*$D$5/3)+(AN48*$E$5/3)+(AO48*$F$5/3)+(AP48*$G$5/3))*90 -> 90
A49: ='INPUT DAFTAR PESERTA'!A47 -> 44 | B49: ='INPUT DAFTAR PESERTA'!B47 -> 2509046028 | C49: ='INPUT DAFTAR PESERTA'!C47 -> Afirah Al Abidah | D49: 2 | E49: 3 | F49: 2 | G49: 1 | H49: =((D49*$D$5/3)+(E49*$E$5/3)+(F49*$F$5/3)+(G49*$G$5/3))*90 -> 51 | I49: 1 | J49: 1 | K49: 1 | L49: 1 | M49: =((I49*$D$5/3)+(J49*$E$5/3)+(K49*$F$5/3)+(L49*$G$5/3))*90 -> 30 | N49: 3 | O49: 3 | P49: 3 | Q49: 1 | R49: =((N49*$D$5/3)+(O49*$E$5/3)+(P49*$F$5/3)+(Q49*$G$5/3))*90 -> 60 | S49: 3 | T49: 3 | U49: 3 | V49: 1 | W49: =((S49*$D$5/3)+(T49*$E$5/3)+(U49*$F$5/3)+(V49*$G$5/3))*90 -> 60 | X49: 3 | Y49: 2 | Z49: 3 | AA49: 1 | AB49: =((X49*$D$5/3)+(Y49*$E$5/3)+(Z49*$F$5/3)+(AA49*$G$5/3))*90 -> 54 | AC49: 3 | AD49: 3 | AE49: 3 | AF49: 3 | AG49: =((AC49*$D$5/3)+(AD49*$E$5/3)+(AE49*$F$5/3)+(AF49*$G$5/3))*90 -> 90 | AH49: 3 | AI49: 3 | AJ49: 3 | AK49: 1 | AL49: =((AH49*$D$5/3)+(AI49*$E$5/3)+(AJ49*$F$5/3)+(AK49*$G$5/3))*90 -> 60 | AM49: 3 | AN49: 3 | AO49: 3 | AP49: 1 | AQ49: =((AM49*$D$5/3)+(AN49*$E$5/3)+(AO49*$F$5/3)+(AP49*$G$5/3))*90 -> 60
A50: ='INPUT DAFTAR PESERTA'!A48 -> 45 | B50: ='INPUT DAFTAR PESERTA'!B48 -> 2509046029 | C50: ='INPUT DAFTAR PESERTA'!C48 -> Anisa Syalwa | D50: 2 | E50: 3 | F50: 2 | G50: 3 | H50: =((D50*$D$5/3)+(E50*$E$5/3)+(F50*$F$5/3)+(G50*$G$5/3))*90 -> 81 | I50: 3 | J50: 3 | K50: 3 | L50: 1 | M50: =((I50*$D$5/3)+(J50*$E$5/3)+(K50*$F$5/3)+(L50*$G$5/3))*90 -> 60 | N50: 3 | O50: 3 | P50: 3 | Q50: 1 | R50: =((N50*$D$5/3)+(O50*$E$5/3)+(P50*$F$5/3)+(Q50*$G$5/3))*90 -> 60 | S50: 3 | T50: 3 | U50: 3 | V50: 1 | W50: =((S50*$D$5/3)+(T50*$E$5/3)+(U50*$F$5/3)+(V50*$G$5/3))*90 -> 60 | X50: 1 | Y50: 1 | Z50: 1 | AA50: 1 | AB50: =((X50*$D$5/3)+(Y50*$E$5/3)+(Z50*$F$5/3)+(AA50*$G$5/3))*90 -> 30 | AC50: 3 | AD50: 3 | AE50: 3 | AF50: 3 | AG50: =((AC50*$D$5/3)+(AD50*$E$5/3)+(AE50*$F$5/3)+(AF50*$G$5/3))*90 -> 90 | AH50: 3 | AI50: 3 | AJ50: 3 | AK50: 1 | AL50: =((AH50*$D$5/3)+(AI50*$E$5/3)+(AJ50*$F$5/3)+(AK50*$G$5/3))*90 -> 60 | AM50: 3 | AN50: 3 | AO50: 3 | AP50: 1 | AQ50: =((AM50*$D$5/3)+(AN50*$E$5/3)+(AO50*$F$5/3)+(AP50*$G$5/3))*90 -> 60
A51: ='INPUT DAFTAR PESERTA'!A49 -> 46 | B51: ='INPUT DAFTAR PESERTA'!B49 -> 2509046030 | C51: ='INPUT DAFTAR PESERTA'!C49 -> Fikri Firoos Kinarya | D51: 3 | E51: 3 | F51: 3 | G51: 3 | H51: =((D51*$D$5/3)+(E51*$E$5/3)+(F51*$F$5/3)+(G51*$G$5/3))*90 -> 90 | I51: 3 | J51: 3 | K51: 3 | L51: 1 | M51: =((I51*$D$5/3)+(J51*$E$5/3)+(K51*$F$5/3)+(L51*$G$5/3))*90 -> 60 | N51: 3 | O51: 3 | P51: 3 | Q51: 1 | R51: =((N51*$D$5/3)+(O51*$E$5/3)+(P51*$F$5/3)+(Q51*$G$5/3))*90 -> 60 | S51: 0 | T51: 0 | U51: 0 | V51: 0 | W51: =((S51*$D$5/3)+(T51*$E$5/3)+(U51*$F$5/3)+(V51*$G$5/3))*90 -> 0 | X51: 1 | Y51: 1 | Z51: 1 | AA51: 1 | AB51: =((X51*$D$5/3)+(Y51*$E$5/3)+(Z51*$F$5/3)+(AA51*$G$5/3))*90 -> 30 | AC51: 3 | AD51: 3 | AE51: 3 | AF51: 3 | AG51: =((AC51*$D$5/3)+(AD51*$E$5/3)+(AE51*$F$5/3)+(AF51*$G$5/3))*90 -> 90 | AH51: 3 | AI51: 3 | AJ51: 3 | AK51: 1 | AL51: =((AH51*$D$5/3)+(AI51*$E$5/3)+(AJ51*$F$5/3)+(AK51*$G$5/3))*90 -> 60 | AM51: 3 | AN51: 3 | AO51: 3 | AP51: 1 | AQ51: =((AM51*$D$5/3)+(AN51*$E$5/3)+(AO51*$F$5/3)+(AP51*$G$5/3))*90 -> 60
A52: ='INPUT DAFTAR PESERTA'!A50 -> 47 | B52: ='INPUT DAFTAR PESERTA'!B50 -> 2509046031 | C52: ='INPUT DAFTAR PESERTA'!C50 -> Armitha Luthfiana Andini | D52: 2 | E52: 3 | F52: 2 | G52: 2 | H52: =((D52*$D$5/3)+(E52*$E$5/3)+(F52*$F$5/3)+(G52*$G$5/3))*90 -> 66 | I52: 3 | J52: 3 | K52: 3 | L52: 1 | M52: =((I52*$D$5/3)+(J52*$E$5/3)+(K52*$F$5/3)+(L52*$G$5/3))*90 -> 60 | N52: 3 | O52: 3 | P52: 3 | Q52: 1 | R52: =((N52*$D$5/3)+(O52*$E$5/3)+(P52*$F$5/3)+(Q52*$G$5/3))*90 -> 60 | S52: 3 | T52: 3 | U52: 3 | V52: 3 | W52: =((S52*$D$5/3)+(T52*$E$5/3)+(U52*$F$5/3)+(V52*$G$5/3))*90 -> 90 | X52: 3 | Y52: 3 | Z52: 3 | AA52: 1 | AB52: =((X52*$D$5/3)+(Y52*$E$5/3)+(Z52*$F$5/3)+(AA52*$G$5/3))*90 -> 60 | AC52: 3 | AD52: 3 | AE52: 3 | AF52: 3 | AG52: =((AC52*$D$5/3)+(AD52*$E$5/3)+(AE52*$F$5/3)+(AF52*$G$5/3))*90 -> 90 | AH52: 3 | AI52: 3 | AJ52: 3 | AK52: 1 | AL52: =((AH52*$D$5/3)+(AI52*$E$5/3)+(AJ52*$F$5/3)+(AK52*$G$5/3))*90 -> 60 | AM52: 3 | AN52: 3 | AO52: 3 | AP52: 1 | AQ52: =((AM52*$D$5/3)+(AN52*$E$5/3)+(AO52*$F$5/3)+(AP52*$G$5/3))*90 -> 60
A53: ='INPUT DAFTAR PESERTA'!A51 -> 48 | B53: ='INPUT DAFTAR PESERTA'!B51 -> 2509046032 | C53: ='INPUT DAFTAR PESERTA'!C51 -> Fabio Aditya Purnomo | D53: 3 | E53: 3 | F53: 3 | G53: 1 | H53: =((D53*$D$5/3)+(E53*$E$5/3)+(F53*$F$5/3)+(G53*$G$5/3))*90 -> 60 | I53: 3 | J53: 3 | K53: 3 | L53: 1 | M53: =((I53*$D$5/3)+(J53*$E$5/3)+(K53*$F$5/3)+(L53*$G$5/3))*90 -> 60 | N53: 3 | O53: 3 | P53: 3 | Q53: 2 | R53: =((N53*$D$5/3)+(O53*$E$5/3)+(P53*$F$5/3)+(Q53*$G$5/3))*90 -> 75 | S53: 3 | T53: 3 | U53: 3 | V53: 3 | W53: =((S53*$D$5/3)+(T53*$E$5/3)+(U53*$F$5/3)+(V53*$G$5/3))*90 -> 90 | X53: 3 | Y53: 3 | Z53: 3 | AA53: 1 | AB53: =((X53*$D$5/3)+(Y53*$E$5/3)+(Z53*$F$5/3)+(AA53*$G$5/3))*90 -> 60 | AC53: 3 | AD53: 3 | AE53: 3 | AF53: 2 | AG53: =((AC53*$D$5/3)+(AD53*$E$5/3)+(AE53*$F$5/3)+(AF53*$G$5/3))*90 -> 75 | AH53: 3 | AI53: 3 | AJ53: 3 | AK53: 2 | AL53: =((AH53*$D$5/3)+(AI53*$E$5/3)+(AJ53*$F$5/3)+(AK53*$G$5/3))*90 -> 75 | AM53: 3 | AN53: 3 | AO53: 3 | AP53: 2 | AQ53: =((AM53*$D$5/3)+(AN53*$E$5/3)+(AO53*$F$5/3)+(AP53*$G$5/3))*90 -> 75
A54: ='INPUT DAFTAR PESERTA'!A52 -> 49 | B54: ='INPUT DAFTAR PESERTA'!B52 -> 2509046033 | C54: ='INPUT DAFTAR PESERTA'!C52 -> Rifa Davina Zalfa | D54: 3 | E54: 2 | F54: 2 | G54: 2 | H54: =((D54*$D$5/3)+(E54*$E$5/3)+(F54*$F$5/3)+(G54*$G$5/3))*90 -> 63 | I54: 3 | J54: 3 | K54: 3 | L54: 2 | M54: =((I54*$D$5/3)+(J54*$E$5/3)+(K54*$F$5/3)+(L54*$G$5/3))*90 -> 75 | N54: 3 | O54: 3 | P54: 3 | Q54: 2 | R54: =((N54*$D$5/3)+(O54*$E$5/3)+(P54*$F$5/3)+(Q54*$G$5/3))*90 -> 75 | S54: 3 | T54: 3 | U54: 3 | V54: 3 | W54: =((S54*$D$5/3)+(T54*$E$5/3)+(U54*$F$5/3)+(V54*$G$5/3))*90 -> 90 | X54: 3 | Y54: 3 | Z54: 3 | AA54: 1 | AB54: =((X54*$D$5/3)+(Y54*$E$5/3)+(Z54*$F$5/3)+(AA54*$G$5/3))*90 -> 60 | AC54: 3 | AD54: 3 | AE54: 3 | AF54: 2 | AG54: =((AC54*$D$5/3)+(AD54*$E$5/3)+(AE54*$F$5/3)+(AF54*$G$5/3))*90 -> 75 | AH54: 3 | AI54: 3 | AJ54: 3 | AK54: 2 | AL54: =((AH54*$D$5/3)+(AI54*$E$5/3)+(AJ54*$F$5/3)+(AK54*$G$5/3))*90 -> 75 | AM54: 3 | AN54: 3 | AO54: 3 | AP54: 1 | AQ54: =((AM54*$D$5/3)+(AN54*$E$5/3)+(AO54*$F$5/3)+(AP54*$G$5/3))*90 -> 60
A55: ='INPUT DAFTAR PESERTA'!A53 -> 50 | B55: ='INPUT DAFTAR PESERTA'!B53 -> 2509046034 | C55: ='INPUT DAFTAR PESERTA'!C53 -> Nilna Fergita Nouriansa | D55: 3 | E55: 2 | F55: 2 | G55: 3 | H55: =((D55*$D$5/3)+(E55*$E$5/3)+(F55*$F$5/3)+(G55*$G$5/3))*90 -> 78 | I55: 3 | J55: 3 | K55: 3 | L55: 1 | M55: =((I55*$D$5/3)+(J55*$E$5/3)+(K55*$F$5/3)+(L55*$G$5/3))*90 -> 60 | N55: 3 | O55: 3 | P55: 3 | Q55: 2 | R55: =((N55*$D$5/3)+(O55*$E$5/3)+(P55*$F$5/3)+(Q55*$G$5/3))*90 -> 75 | S55: 3 | T55: 3 | U55: 3 | V55: 1 | W55: =((S55*$D$5/3)+(T55*$E$5/3)+(U55*$F$5/3)+(V55*$G$5/3))*90 -> 60 | X55: 2 | Y55: 2 | Z55: 2 | AA55: 1 | AB55: =((X55*$D$5/3)+(Y55*$E$5/3)+(Z55*$F$5/3)+(AA55*$G$5/3))*90 -> 45 | AC55: 3 | AD55: 3 | AE55: 3 | AF55: 2 | AG55: =((AC55*$D$5/3)+(AD55*$E$5/3)+(AE55*$F$5/3)+(AF55*$G$5/3))*90 -> 75 | AH55: 3 | AI55: 3 | AJ55: 3 | AK55: 1 | AL55: =((AH55*$D$5/3)+(AI55*$E$5/3)+(AJ55*$F$5/3)+(AK55*$G$5/3))*90 -> 60 | AM55: 3 | AN55: 3 | AO55: 3 | AP55: 1 | AQ55: =((AM55*$D$5/3)+(AN55*$E$5/3)+(AO55*$F$5/3)+(AP55*$G$5/3))*90 -> 60
A56: ='INPUT DAFTAR PESERTA'!A54 -> 51 | B56: ='INPUT DAFTAR PESERTA'!B54 -> 2509046035 | C56: ='INPUT DAFTAR PESERTA'!C54 -> Sandi Prakoso | H56: =((D56*$D$5/3)+(E56*$E$5/3)+(F56*$F$5/3)+(G56*$G$5/3))*90 -> 0 | M56: =((I56*$D$5/3)+(J56*$E$5/3)+(K56*$F$5/3)+(L56*$G$5/3))*90 -> 0 | R56: =((N56*$D$5/3)+(O56*$E$5/3)+(P56*$F$5/3)+(Q56*$G$5/3))*90 -> 0 | W56: =((S56*$D$5/3)+(T56*$E$5/3)+(U56*$F$5/3)+(V56*$G$5/3))*90 -> 0 | X56: 1 | Y56: 1 | Z56: 1 | AA56: 1 | AB56: =((X56*$D$5/3)+(Y56*$E$5/3)+(Z56*$F$5/3)+(AA56*$G$5/3))*90 -> 30 | AG56: =((AC56*$D$5/3)+(AD56*$E$5/3)+(AE56*$F$5/3)+(AF56*$G$5/3))*90 -> 0 | AH56: 3 | AI56: 3 | AJ56: 3 | AK56: 1 | AL56: =((AH56*$D$5/3)+(AI56*$E$5/3)+(AJ56*$F$5/3)+(AK56*$G$5/3))*90 -> 60 | AQ56: =((AM56*$D$5/3)+(AN56*$E$5/3)+(AO56*$F$5/3)+(AP56*$G$5/3))*90 -> 0
A57: ='INPUT DAFTAR PESERTA'!A55 -> 52 | B57: ='INPUT DAFTAR PESERTA'!B55 -> 2509046036 | C57: ='INPUT DAFTAR PESERTA'!C55 -> Yarasy Ebed Petra Richard Nanuru | H57: =((D57*$D$5/3)+(E57*$E$5/3)+(F57*$F$5/3)+(G57*$G$5/3))*90 -> 0 | M57: =((I57*$D$5/3)+(J57*$E$5/3)+(K57*$F$5/3)+(L57*$G$5/3))*90 -> 0 | R57: =((N57*$D$5/3)+(O57*$E$5/3)+(P57*$F$5/3)+(Q57*$G$5/3))*90 -> 0 | W57: =((S57*$D$5/3)+(T57*$E$5/3)+(U57*$F$5/3)+(V57*$G$5/3))*90 -> 0 | X57: 1 | Y57: 1 | Z57: 1 | AA57: 1 | AB57: =((X57*$D$5/3)+(Y57*$E$5/3)+(Z57*$F$5/3)+(AA57*$G$5/3))*90 -> 30 | AG57: =((AC57*$D$5/3)+(AD57*$E$5/3)+(AE57*$F$5/3)+(AF57*$G$5/3))*90 -> 0 | AL57: =((AH57*$D$5/3)+(AI57*$E$5/3)+(AJ57*$F$5/3)+(AK57*$G$5/3))*90 -> 0 | AQ57: =((AM57*$D$5/3)+(AN57*$E$5/3)+(AO57*$F$5/3)+(AP57*$G$5/3))*90 -> 0
A58: ='INPUT DAFTAR PESERTA'!A56 -> 53 | B58: ='INPUT DAFTAR PESERTA'!B56 -> 2509046037 | C58: ='INPUT DAFTAR PESERTA'!C56 -> Rasya Hanindya Putri | H58: =((D58*$D$5/3)+(E58*$E$5/3)+(F58*$F$5/3)+(G58*$G$5/3))*90 -> 0 | M58: =((I58*$D$5/3)+(J58*$E$5/3)+(K58*$F$5/3)+(L58*$G$5/3))*90 -> 0 | R58: =((N58*$D$5/3)+(O58*$E$5/3)+(P58*$F$5/3)+(Q58*$G$5/3))*90 -> 0 | W58: =((S58*$D$5/3)+(T58*$E$5/3)+(U58*$F$5/3)+(V58*$G$5/3))*90 -> 0 | X58: 1 | Y58: 1 | Z58: 1 | AA58: 1 | AB58: =((X58*$D$5/3)+(Y58*$E$5/3)+(Z58*$F$5/3)+(AA58*$G$5/3))*90 -> 30 | AC58: 3 | AD58: 3 | AE58: 3 | AF58: 2 | AG58: =((AC58*$D$5/3)+(AD58*$E$5/3)+(AE58*$F$5/3)+(AF58*$G$5/3))*90 -> 75 | AL58: =((AH58*$D$5/3)+(AI58*$E$5/3)+(AJ58*$F$5/3)+(AK58*$G$5/3))*90 -> 0 | AQ58: =((AM58*$D$5/3)+(AN58*$E$5/3)+(AO58*$F$5/3)+(AP58*$G$5/3))*90 -> 0
A59: ='INPUT DAFTAR PESERTA'!A57 -> 54 | B59: ='INPUT DAFTAR PESERTA'!B57 -> 2509046038 | C59: ='INPUT DAFTAR PESERTA'!C57 -> Stefania Diah Pramestirehi | D59: 3 | E59: 3 | F59: 3 | G59: 1 | H59: =((D59*$D$5/3)+(E59*$E$5/3)+(F59*$F$5/3)+(G59*$G$5/3))*90 -> 60 | I59: 2 | J59: 3 | K59: 3 | L59: 3 | M59: =((I59*$D$5/3)+(J59*$E$5/3)+(K59*$F$5/3)+(L59*$G$5/3))*90 -> 87 | N59: 3 | O59: 3 | P59: 3 | Q59: 1 | R59: =((N59*$D$5/3)+(O59*$E$5/3)+(P59*$F$5/3)+(Q59*$G$5/3))*90 -> 60 | S59: 3 | T59: 3 | U59: 3 | V59: 3 | W59: =((S59*$D$5/3)+(T59*$E$5/3)+(U59*$F$5/3)+(V59*$G$5/3))*90 -> 90 | X59: 2 | Y59: 2 | Z59: 2 | AA59: 3 | AB59: =((X59*$D$5/3)+(Y59*$E$5/3)+(Z59*$F$5/3)+(AA59*$G$5/3))*90 -> 75 | AC59: 3 | AD59: 3 | AE59: 3 | AF59: 2 | AG59: =((AC59*$D$5/3)+(AD59*$E$5/3)+(AE59*$F$5/3)+(AF59*$G$5/3))*90 -> 75 | AH59: 2 | AI59: 3 | AJ59: 3 | AK59: 1 | AL59: =((AH59*$D$5/3)+(AI59*$E$5/3)+(AJ59*$F$5/3)+(AK59*$G$5/3))*90 -> 57 | AM59: 2 | AN59: 3 | AO59: 3 | AP59: 1 | AQ59: =((AM59*$D$5/3)+(AN59*$E$5/3)+(AO59*$F$5/3)+(AP59*$G$5/3))*90 -> 57
A60: ='INPUT DAFTAR PESERTA'!A58 -> 55 | B60: ='INPUT DAFTAR PESERTA'!B58 -> 2509046039 | C60: ='INPUT DAFTAR PESERTA'!C58 -> Azarina Azzahra | D60: 3 | E60: 3 | F60: 3 | G60: 3 | H60: =((D60*$D$5/3)+(E60*$E$5/3)+(F60*$F$5/3)+(G60*$G$5/3))*90 -> 90 | I60: 2 | J60: 3 | K60: 3 | L60: 3 | M60: =((I60*$D$5/3)+(J60*$E$5/3)+(K60*$F$5/3)+(L60*$G$5/3))*90 -> 87 | N60: 3 | O60: 3 | P60: 3 | Q60: 3 | R60: =((N60*$D$5/3)+(O60*$E$5/3)+(P60*$F$5/3)+(Q60*$G$5/3))*90 -> 90 | S60: 3 | T60: 3 | U60: 3 | V60: 3 | W60: =((S60*$D$5/3)+(T60*$E$5/3)+(U60*$F$5/3)+(V60*$G$5/3))*90 -> 90 | X60: 2 | Y60: 2 | Z60: 2 | AA60: 3 | AB60: =((X60*$D$5/3)+(Y60*$E$5/3)+(Z60*$F$5/3)+(AA60*$G$5/3))*90 -> 75 | AC60: 3 | AD60: 3 | AE60: 3 | AF60: 2 | AG60: =((AC60*$D$5/3)+(AD60*$E$5/3)+(AE60*$F$5/3)+(AF60*$G$5/3))*90 -> 75 | AH60: 2 | AI60: 3 | AJ60: 2 | AK60: 2 | AL60: =((AH60*$D$5/3)+(AI60*$E$5/3)+(AJ60*$F$5/3)+(AK60*$G$5/3))*90 -> 66 | AM60: 3 | AN60: 3 | AO60: 3 | AP60: 3 | AQ60: =((AM60*$D$5/3)+(AN60*$E$5/3)+(AO60*$F$5/3)+(AP60*$G$5/3))*90 -> 90
A61: ='INPUT DAFTAR PESERTA'!A59 -> 56 | B61: ='INPUT DAFTAR PESERTA'!B59 -> 2509046040 | C61: ='INPUT DAFTAR PESERTA'!C59 -> Muhammad Bintang Anugrah | D61: 3 | E61: 3 | F61: 3 | G61: 3 | H61: =((D61*$D$5/3)+(E61*$E$5/3)+(F61*$F$5/3)+(G61*$G$5/3))*90 -> 90 | I61: 3 | J61: 3 | K61: 3 | L61: 3 | M61: =((I61*$D$5/3)+(J61*$E$5/3)+(K61*$F$5/3)+(L61*$G$5/3))*90 -> 90 | N61: 2 | O61: 3 | P61: 3 | Q61: 2 | R61: =((N61*$D$5/3)+(O61*$E$5/3)+(P61*$F$5/3)+(Q61*$G$5/3))*90 -> 72 | S61: 3 | T61: 3 | U61: 3 | V61: 3 | W61: =((S61*$D$5/3)+(T61*$E$5/3)+(U61*$F$5/3)+(V61*$G$5/3))*90 -> 90 | X61: 2 | Y61: 2 | Z61: 2 | AA61: 3 | AB61: =((X61*$D$5/3)+(Y61*$E$5/3)+(Z61*$F$5/3)+(AA61*$G$5/3))*90 -> 75 | AC61: 3 | AD61: 3 | AE61: 3 | AF61: 2 | AG61: =((AC61*$D$5/3)+(AD61*$E$5/3)+(AE61*$F$5/3)+(AF61*$G$5/3))*90 -> 75 | AH61: 2 | AI61: 2 | AJ61: 3 | AK61: 3 | AL61: =((AH61*$D$5/3)+(AI61*$E$5/3)+(AJ61*$F$5/3)+(AK61*$G$5/3))*90 -> 81 | AM61: 3 | AN61: 3 | AO61: 3 | AP61: 1 | AQ61: =((AM61*$D$5/3)+(AN61*$E$5/3)+(AO61*$F$5/3)+(AP61*$G$5/3))*90 -> 60
A62: ='INPUT DAFTAR PESERTA'!A60 -> 57 | B62: ='INPUT DAFTAR PESERTA'!B60 -> 2509046041 | C62: ='INPUT DAFTAR PESERTA'!C60 -> Marcel Rizky Indrawan | D62: 3 | E62: 3 | F62: 3 | G62: 1 | H62: =((D62*$D$5/3)+(E62*$E$5/3)+(F62*$F$5/3)+(G62*$G$5/3))*90 -> 60 | I62: 3 | J62: 3 | K62: 3 | L62: 1 | M62: =((I62*$D$5/3)+(J62*$E$5/3)+(K62*$F$5/3)+(L62*$G$5/3))*90 -> 60 | N62: 2 | O62: 3 | P62: 3 | Q62: 1 | R62: =((N62*$D$5/3)+(O62*$E$5/3)+(P62*$F$5/3)+(Q62*$G$5/3))*90 -> 57 | S62: 2 | T62: 3 | U62: 3 | V62: 3 | W62: =((S62*$D$5/3)+(T62*$E$5/3)+(U62*$F$5/3)+(V62*$G$5/3))*90 -> 87 | X62: 2 | Y62: 2 | Z62: 2 | AA62: 1 | AB62: =((X62*$D$5/3)+(Y62*$E$5/3)+(Z62*$F$5/3)+(AA62*$G$5/3))*90 -> 45 | AC62: 3 | AD62: 2 | AE62: 2 | AF62: 2 | AG62: =((AC62*$D$5/3)+(AD62*$E$5/3)+(AE62*$F$5/3)+(AF62*$G$5/3))*90 -> 63 | AH62: 2 | AI62: 2 | AJ62: 3 | AK62: 1 | AL62: =((AH62*$D$5/3)+(AI62*$E$5/3)+(AJ62*$F$5/3)+(AK62*$G$5/3))*90 -> 51 | AM62: 3 | AN62: 3 | AO62: 3 | AP62: 1 | AQ62: =((AM62*$D$5/3)+(AN62*$E$5/3)+(AO62*$F$5/3)+(AP62*$G$5/3))*90 -> 60
A63: ='INPUT DAFTAR PESERTA'!A61 -> 58 | B63: ='INPUT DAFTAR PESERTA'!B61 -> 2509046042 | C63: ='INPUT DAFTAR PESERTA'!C61 -> Mega Dwi Eriyanti | D63: 3 | E63: 3 | F63: 3 | G63: 3 | H63: =((D63*$D$5/3)+(E63*$E$5/3)+(F63*$F$5/3)+(G63*$G$5/3))*90 -> 90 | I63: 3 | J63: 3 | K63: 3 | L63: 3 | M63: =((I63*$D$5/3)+(J63*$E$5/3)+(K63*$F$5/3)+(L63*$G$5/3))*90 -> 90 | N63: 3 | O63: 3 | P63: 3 | Q63: 3 | R63: =((N63*$D$5/3)+(O63*$E$5/3)+(P63*$F$5/3)+(Q63*$G$5/3))*90 -> 90 | S63: 3 | T63: 3 | U63: 3 | V63: 3 | W63: =((S63*$D$5/3)+(T63*$E$5/3)+(U63*$F$5/3)+(V63*$G$5/3))*90 -> 90 | X63: 2 | Y63: 2 | Z63: 2 | AA63: 3 | AB63: =((X63*$D$5/3)+(Y63*$E$5/3)+(Z63*$F$5/3)+(AA63*$G$5/3))*90 -> 75 | AC63: 3 | AD63: 2 | AE63: 2 | AF63: 2 | AG63: =((AC63*$D$5/3)+(AD63*$E$5/3)+(AE63*$F$5/3)+(AF63*$G$5/3))*90 -> 63 | AH63: 2 | AI63: 2 | AJ63: 3 | AK63: 2 | AL63: =((AH63*$D$5/3)+(AI63*$E$5/3)+(AJ63*$F$5/3)+(AK63*$G$5/3))*90 -> 66 | AM63: 3 | AN63: 3 | AO63: 3 | AP63: 2 | AQ63: =((AM63*$D$5/3)+(AN63*$E$5/3)+(AO63*$F$5/3)+(AP63*$G$5/3))*90 -> 75
A64: ='INPUT DAFTAR PESERTA'!A62 -> 59 | B64: ='INPUT DAFTAR PESERTA'!B62 -> 2509046043 | C64: ='INPUT DAFTAR PESERTA'!C62 -> Jessen Jeremi Sinaga | H64: =((D64*$D$5/3)+(E64*$E$5/3)+(F64*$F$5/3)+(G64*$G$5/3))*90 -> 0 | M64: =((I64*$D$5/3)+(J64*$E$5/3)+(K64*$F$5/3)+(L64*$G$5/3))*90 -> 0 | R64: =((N64*$D$5/3)+(O64*$E$5/3)+(P64*$F$5/3)+(Q64*$G$5/3))*90 -> 0 | W64: =((S64*$D$5/3)+(T64*$E$5/3)+(U64*$F$5/3)+(V64*$G$5/3))*90 -> 0 | X64: 1 | Y64: 1 | Z64: 1 | AA64: 1 | AB64: =((X64*$D$5/3)+(Y64*$E$5/3)+(Z64*$F$5/3)+(AA64*$G$5/3))*90 -> 30 | AG64: =((AC64*$D$5/3)+(AD64*$E$5/3)+(AE64*$F$5/3)+(AF64*$G$5/3))*90 -> 0 | AL64: =((AH64*$D$5/3)+(AI64*$E$5/3)+(AJ64*$F$5/3)+(AK64*$G$5/3))*90 -> 0 | AQ64: =((AM64*$D$5/3)+(AN64*$E$5/3)+(AO64*$F$5/3)+(AP64*$G$5/3))*90 -> 0
A65: ='INPUT DAFTAR PESERTA'!A63 -> 60 | B65: ='INPUT DAFTAR PESERTA'!B63 -> 2509046044 | C65: ='INPUT DAFTAR PESERTA'!C63 -> Mohammad Bagus Leo Widiantara | H65: =((D65*$D$5/3)+(E65*$E$5/3)+(F65*$F$5/3)+(G65*$G$5/3))*90 -> 0 | M65: =((I65*$D$5/3)+(J65*$E$5/3)+(K65*$F$5/3)+(L65*$G$5/3))*90 -> 0 | R65: =((N65*$D$5/3)+(O65*$E$5/3)+(P65*$F$5/3)+(Q65*$G$5/3))*90 -> 0 | W65: =((S65*$D$5/3)+(T65*$E$5/3)+(U65*$F$5/3)+(V65*$G$5/3))*90 -> 0 | X65: 1 | Y65: 1 | Z65: 1 | AA65: 1 | AB65: =((X65*$D$5/3)+(Y65*$E$5/3)+(Z65*$F$5/3)+(AA65*$G$5/3))*90 -> 30 | AG65: =((AC65*$D$5/3)+(AD65*$E$5/3)+(AE65*$F$5/3)+(AF65*$G$5/3))*90 -> 0 | AL65: =((AH65*$D$5/3)+(AI65*$E$5/3)+(AJ65*$F$5/3)+(AK65*$G$5/3))*90 -> 0 | AQ65: =((AM65*$D$5/3)+(AN65*$E$5/3)+(AO65*$F$5/3)+(AP65*$G$5/3))*90 -> 0
A66: ='INPUT DAFTAR PESERTA'!A64 -> 61 | B66: ='INPUT DAFTAR PESERTA'!B64 -> 2509046045 | C66: ='INPUT DAFTAR PESERTA'!C64 -> Najwa Aliffah Falah | H66: =((D66*$D$5/3)+(E66*$E$5/3)+(F66*$F$5/3)+(G66*$G$5/3))*90 -> 0 | M66: =((I66*$D$5/3)+(J66*$E$5/3)+(K66*$F$5/3)+(L66*$G$5/3))*90 -> 0 | R66: =((N66*$D$5/3)+(O66*$E$5/3)+(P66*$F$5/3)+(Q66*$G$5/3))*90 -> 0 | W66: =((S66*$D$5/3)+(T66*$E$5/3)+(U66*$F$5/3)+(V66*$G$5/3))*90 -> 0 | X66: 1 | Y66: 1 | Z66: 1 | AA66: 1 | AB66: =((X66*$D$5/3)+(Y66*$E$5/3)+(Z66*$F$5/3)+(AA66*$G$5/3))*90 -> 30 | AG66: =((AC66*$D$5/3)+(AD66*$E$5/3)+(AE66*$F$5/3)+(AF66*$G$5/3))*90 -> 0 | AL66: =((AH66*$D$5/3)+(AI66*$E$5/3)+(AJ66*$F$5/3)+(AK66*$G$5/3))*90 -> 0 | AQ66: =((AM66*$D$5/3)+(AN66*$E$5/3)+(AO66*$F$5/3)+(AP66*$G$5/3))*90 -> 0
A67: ='INPUT DAFTAR PESERTA'!A65 -> 62 | B67: ='INPUT DAFTAR PESERTA'!B65 -> 2509046046 | C67: ='INPUT DAFTAR PESERTA'!C65 -> Jezlhine Suretno | H67: =((D67*$D$5/3)+(E67*$E$5/3)+(F67*$F$5/3)+(G67*$G$5/3))*90 -> 0 | I67: 2 | J67: 2 | K67: 1 | L67: 1 | M67: =((I67*$D$5/3)+(J67*$E$5/3)+(K67*$F$5/3)+(L67*$G$5/3))*90 -> 39 | N67: 3 | O67: 3 | P67: 3 | Q67: 1 | R67: =((N67*$D$5/3)+(O67*$E$5/3)+(P67*$F$5/3)+(Q67*$G$5/3))*90 -> 60 | S67: 2 | T67: 3 | U67: 3 | V67: 1 | W67: =((S67*$D$5/3)+(T67*$E$5/3)+(U67*$F$5/3)+(V67*$G$5/3))*90 -> 57 | X67: 3 | Y67: 2 | Z67: 2 | AA67: 1 | AB67: =((X67*$D$5/3)+(Y67*$E$5/3)+(Z67*$F$5/3)+(AA67*$G$5/3))*90 -> 48 | AC67: 3 | AD67: 3 | AE67: 2 | AF67: 2 | AG67: =((AC67*$D$5/3)+(AD67*$E$5/3)+(AE67*$F$5/3)+(AF67*$G$5/3))*90 -> 69 | AH67: 2 | AI67: 3 | AJ67: 3 | AK67: 2 | AL67: =((AH67*$D$5/3)+(AI67*$E$5/3)+(AJ67*$F$5/3)+(AK67*$G$5/3))*90 -> 72 | AM67: 3 | AN67: 3 | AO67: 3 | AP67: 3 | AQ67: =((AM67*$D$5/3)+(AN67*$E$5/3)+(AO67*$F$5/3)+(AP67*$G$5/3))*90 -> 90
A68: ='INPUT DAFTAR PESERTA'!A66 -> 63 | B68: ='INPUT DAFTAR PESERTA'!B66 -> 2509046047 | C68: ='INPUT DAFTAR PESERTA'!C66 -> Gideon Giorgy Aipassa | D68: 3 | E68: 3 | F68: 3 | G68: 1 | H68: =((D68*$D$5/3)+(E68*$E$5/3)+(F68*$F$5/3)+(G68*$G$5/3))*90 -> 60 | I68: 1 | J68: 1 | K68: 1 | L68: 1 | M68: =((I68*$D$5/3)+(J68*$E$5/3)+(K68*$F$5/3)+(L68*$G$5/3))*90 -> 30 | N68: 3 | O68: 3 | P68: 3 | R68: =((N68*$D$5/3)+(O68*$E$5/3)+(P68*$F$5/3)+(Q68*$G$5/3))*90 -> 45 | S68: 2 | T68: 3 | U68: 3 | V68: 1 | W68: =((S68*$D$5/3)+(T68*$E$5/3)+(U68*$F$5/3)+(V68*$G$5/3))*90 -> 57 | X68: 3 | Y68: 2 | Z68: 2 | AA68: 1 | AB68: =((X68*$D$5/3)+(Y68*$E$5/3)+(Z68*$F$5/3)+(AA68*$G$5/3))*90 -> 48 | AC68: 3 | AD68: 2 | AE68: 2 | AF68: 2 | AG68: =((AC68*$D$5/3)+(AD68*$E$5/3)+(AE68*$F$5/3)+(AF68*$G$5/3))*90 -> 63 | AH68: 2 | AI68: 2 | AJ68: 2 | AK68: 2 | AL68: =((AH68*$D$5/3)+(AI68*$E$5/3)+(AJ68*$F$5/3)+(AK68*$G$5/3))*90 -> 60 | AM68: 2 | AN68: 3 | AO68: 3 | AP68: 1 | AQ68: =((AM68*$D$5/3)+(AN68*$E$5/3)+(AO68*$F$5/3)+(AP68*$G$5/3))*90 -> 57
A69: ='INPUT DAFTAR PESERTA'!A67 -> 64 | B69: ='INPUT DAFTAR PESERTA'!B67 -> 2509046048 | C69: ='INPUT DAFTAR PESERTA'!C67 -> Talitha Kayana Nugroho | D69: 3 | E69: 2 | F69: 3 | G69: 3 | H69: =((D69*$D$5/3)+(E69*$E$5/3)+(F69*$F$5/3)+(G69*$G$5/3))*90 -> 84 | I69: 3 | J69: 3 | K69: 3 | L69: 1 | M69: =((I69*$D$5/3)+(J69*$E$5/3)+(K69*$F$5/3)+(L69*$G$5/3))*90 -> 60 | N69: 2 | O69: 3 | P69: 3 | Q69: 2 | R69: =((N69*$D$5/3)+(O69*$E$5/3)+(P69*$F$5/3)+(Q69*$G$5/3))*90 -> 72 | S69: 3 | T69: 3 | U69: 3 | V69: 2 | W69: =((S69*$D$5/3)+(T69*$E$5/3)+(U69*$F$5/3)+(V69*$G$5/3))*90 -> 75 | X69: 3 | Y69: 2 | Z69: 2 | AA69: 3 | AB69: =((X69*$D$5/3)+(Y69*$E$5/3)+(Z69*$F$5/3)+(AA69*$G$5/3))*90 -> 78 | AG69: =((AC69*$D$5/3)+(AD69*$E$5/3)+(AE69*$F$5/3)+(AF69*$G$5/3))*90 -> 0 | AH69: 2 | AI69: 3 | AJ69: 3 | AK69: 1 | AL69: =((AH69*$D$5/3)+(AI69*$E$5/3)+(AJ69*$F$5/3)+(AK69*$G$5/3))*90 -> 57 | AM69: 2 | AN69: 2 | AO69: 2 | AP69: 1 | AQ69: =((AM69*$D$5/3)+(AN69*$E$5/3)+(AO69*$F$5/3)+(AP69*$G$5/3))*90 -> 45
A70: ='INPUT DAFTAR PESERTA'!A68 -> 65 | B70: ='INPUT DAFTAR PESERTA'!B68 -> 2509046049 | C70: ='INPUT DAFTAR PESERTA'!C68 -> Josef Alexandro Wijaya Kusuma | H70: =((D70*$D$5/3)+(E70*$E$5/3)+(F70*$F$5/3)+(G70*$G$5/3))*90 -> 0 | M70: =((I70*$D$5/3)+(J70*$E$5/3)+(K70*$F$5/3)+(L70*$G$5/3))*90 -> 0 | R70: =((N70*$D$5/3)+(O70*$E$5/3)+(P70*$F$5/3)+(Q70*$G$5/3))*90 -> 0 | W70: =((S70*$D$5/3)+(T70*$E$5/3)+(U70*$F$5/3)+(V70*$G$5/3))*90 -> 0 | X70: 1 | Y70: 1 | Z70: 1 | AA70: 1 | AB70: =((X70*$D$5/3)+(Y70*$E$5/3)+(Z70*$F$5/3)+(AA70*$G$5/3))*90 -> 30 | AG70: =((AC70*$D$5/3)+(AD70*$E$5/3)+(AE70*$F$5/3)+(AF70*$G$5/3))*90 -> 0 | AL70: =((AH70*$D$5/3)+(AI70*$E$5/3)+(AJ70*$F$5/3)+(AK70*$G$5/3))*90 -> 0 | AQ70: =((AM70*$D$5/3)+(AN70*$E$5/3)+(AO70*$F$5/3)+(AP70*$G$5/3))*90 -> 0
A71: ='INPUT DAFTAR PESERTA'!A69 -> 66 | B71: ='INPUT DAFTAR PESERTA'!B69 -> 2509046050 | C71: ='INPUT DAFTAR PESERTA'!C69 -> Surya Buana Putra Kamil | H71: =((D71*$D$5/3)+(E71*$E$5/3)+(F71*$F$5/3)+(G71*$G$5/3))*90 -> 0 | M71: =((I71*$D$5/3)+(J71*$E$5/3)+(K71*$F$5/3)+(L71*$G$5/3))*90 -> 0 | R71: =((N71*$D$5/3)+(O71*$E$5/3)+(P71*$F$5/3)+(Q71*$G$5/3))*90 -> 0 | W71: =((S71*$D$5/3)+(T71*$E$5/3)+(U71*$F$5/3)+(V71*$G$5/3))*90 -> 0 | X71: 2 | Y71: 3 | Z71: 3 | AA71: 1 | AB71: =((X71*$D$5/3)+(Y71*$E$5/3)+(Z71*$F$5/3)+(AA71*$G$5/3))*90 -> 57 | AG71: =((AC71*$D$5/3)+(AD71*$E$5/3)+(AE71*$F$5/3)+(AF71*$G$5/3))*90 -> 0 | AL71: =((AH71*$D$5/3)+(AI71*$E$5/3)+(AJ71*$F$5/3)+(AK71*$G$5/3))*90 -> 0 | AQ71: =((AM71*$D$5/3)+(AN71*$E$5/3)+(AO71*$F$5/3)+(AP71*$G$5/3))*90 -> 0
A72: ='INPUT DAFTAR PESERTA'!A70 -> 67 | B72: ='INPUT DAFTAR PESERTA'!B70 -> 2509046051 | C72: ='INPUT DAFTAR PESERTA'!C70 -> Arifatus Saidah | D72: 3 | E72: 3 | F72: 3 | G72: 1 | H72: =((D72*$D$5/3)+(E72*$E$5/3)+(F72*$F$5/3)+(G72*$G$5/3))*90 -> 60 | I72: 1 | J72: 1 | K72: 1 | L72: 1 | M72: =((I72*$D$5/3)+(J72*$E$5/3)+(K72*$F$5/3)+(L72*$G$5/3))*90 -> 30 | R72: =((N72*$D$5/3)+(O72*$E$5/3)+(P72*$F$5/3)+(Q72*$G$5/3))*90 -> 0 | S72: 3 | T72: 3 | U72: 3 | V72: 3 | W72: =((S72*$D$5/3)+(T72*$E$5/3)+(U72*$F$5/3)+(V72*$G$5/3))*90 -> 90 | X72: 2 | Y72: 3 | Z72: 3 | AA72: 1 | AB72: =((X72*$D$5/3)+(Y72*$E$5/3)+(Z72*$F$5/3)+(AA72*$G$5/3))*90 -> 57 | AC72: 3 | AD72: 2 | AE72: 2 | AF72: 2 | AG72: =((AC72*$D$5/3)+(AD72*$E$5/3)+(AE72*$F$5/3)+(AF72*$G$5/3))*90 -> 63 | AH72: 2 | AI72: 3 | AJ72: 3 | AK72: 2 | AL72: =((AH72*$D$5/3)+(AI72*$E$5/3)+(AJ72*$F$5/3)+(AK72*$G$5/3))*90 -> 72 | AQ72: =((AM72*$D$5/3)+(AN72*$E$5/3)+(AO72*$F$5/3)+(AP72*$G$5/3))*90 -> 0
A73: ='INPUT DAFTAR PESERTA'!A71 -> 68 | B73: ='INPUT DAFTAR PESERTA'!B71 -> 2509046052 | C73: ='INPUT DAFTAR PESERTA'!C71 -> Syarifah Sarah Ashilah | D73: 1 | E73: 1 | F73: 1 | G73: 3 | H73: =((D73*$D$5/3)+(E73*$E$5/3)+(F73*$F$5/3)+(G73*$G$5/3))*90 -> 60 | I73: 3 | J73: 2 | K73: 2 | L73: 3 | M73: =((I73*$D$5/3)+(J73*$E$5/3)+(K73*$F$5/3)+(L73*$G$5/3))*90 -> 78 | N73: 2 | O73: 2 | P73: 3 | Q73: 2 | R73: =((N73*$D$5/3)+(O73*$E$5/3)+(P73*$F$5/3)+(Q73*$G$5/3))*90 -> 66 | S73: 3 | T73: 3 | U73: 3 | V73: 1 | W73: =((S73*$D$5/3)+(T73*$E$5/3)+(U73*$F$5/3)+(V73*$G$5/3))*90 -> 60 | X73: 1 | Y73: 2 | Z73: 1 | AA73: 3 | AB73: =((X73*$D$5/3)+(Y73*$E$5/3)+(Z73*$F$5/3)+(AA73*$G$5/3))*90 -> 66 | AC73: 3 | AD73: 2 | AE73: 2 | AF73: 2 | AG73: =((AC73*$D$5/3)+(AD73*$E$5/3)+(AE73*$F$5/3)+(AF73*$G$5/3))*90 -> 63 | AH73: 2 | AI73: 3 | AJ73: 3 | AK73: 1 | AL73: =((AH73*$D$5/3)+(AI73*$E$5/3)+(AJ73*$F$5/3)+(AK73*$G$5/3))*90 -> 57 | AM73: 2 | AN73: 2 | AO73: 2 | AP73: 1 | AQ73: =((AM73*$D$5/3)+(AN73*$E$5/3)+(AO73*$F$5/3)+(AP73*$G$5/3))*90 -> 45
A74: ='INPUT DAFTAR PESERTA'!A72 -> 69 | B74: ='INPUT DAFTAR PESERTA'!B72 -> 2509046053 | C74: ='INPUT DAFTAR PESERTA'!C72 -> Muhammad Aufa Syarif Prabowo | D74: 3 | E74: 2 | F74: 2 | G74: 1 | H74: =((D74*$D$5/3)+(E74*$E$5/3)+(F74*$F$5/3)+(G74*$G$5/3))*90 -> 48 | M74: =((I74*$D$5/3)+(J74*$E$5/3)+(K74*$F$5/3)+(L74*$G$5/3))*90 -> 0 | R74: =((N74*$D$5/3)+(O74*$E$5/3)+(P74*$F$5/3)+(Q74*$G$5/3))*90 -> 0 | W74: =((S74*$D$5/3)+(T74*$E$5/3)+(U74*$F$5/3)+(V74*$G$5/3))*90 -> 0 | X74: 1 | Y74: 1 | Z74: 1 | AA74: 1 | AB74: =((X74*$D$5/3)+(Y74*$E$5/3)+(Z74*$F$5/3)+(AA74*$G$5/3))*90 -> 30 | AC74: 3 | AD74: 2 | AE74: 2 | AF74: 2 | AG74: =((AC74*$D$5/3)+(AD74*$E$5/3)+(AE74*$F$5/3)+(AF74*$G$5/3))*90 -> 63 | AH74: 2 | AI74: 3 | AJ74: 3 | AK74: 1 | AL74: =((AH74*$D$5/3)+(AI74*$E$5/3)+(AJ74*$F$5/3)+(AK74*$G$5/3))*90 -> 57 | AM74: 2 | AN74: 2 | AO74: 2 | AP74: 1 | AQ74: =((AM74*$D$5/3)+(AN74*$E$5/3)+(AO74*$F$5/3)+(AP74*$G$5/3))*90 -> 45
A75: ='INPUT DAFTAR PESERTA'!A73 -> 70 | B75: ='INPUT DAFTAR PESERTA'!B73 -> 2509046054 | C75: ='INPUT DAFTAR PESERTA'!C73 -> Kezia Aulia Putri | D75: 3 | E75: 3 | F75: 3 | G75: 1 | H75: =((D75*$D$5/3)+(E75*$E$5/3)+(F75*$F$5/3)+(G75*$G$5/3))*90 -> 60 | M75: =((I75*$D$5/3)+(J75*$E$5/3)+(K75*$F$5/3)+(L75*$G$5/3))*90 -> 0 | R75: =((N75*$D$5/3)+(O75*$E$5/3)+(P75*$F$5/3)+(Q75*$G$5/3))*90 -> 0 | W75: =((S75*$D$5/3)+(T75*$E$5/3)+(U75*$F$5/3)+(V75*$G$5/3))*90 -> 0 | X75: 1 | Y75: 1 | Z75: 1 | AA75: 1 | AB75: =((X75*$D$5/3)+(Y75*$E$5/3)+(Z75*$F$5/3)+(AA75*$G$5/3))*90 -> 30 | AC75: 3 | AD75: 2 | AE75: 2 | AF75: 2 | AG75: =((AC75*$D$5/3)+(AD75*$E$5/3)+(AE75*$F$5/3)+(AF75*$G$5/3))*90 -> 63 | AH75: 2 | AI75: 3 | AJ75: 3 | AK75: 1 | AL75: =((AH75*$D$5/3)+(AI75*$E$5/3)+(AJ75*$F$5/3)+(AK75*$G$5/3))*90 -> 57 | AQ75: =((AM75*$D$5/3)+(AN75*$E$5/3)+(AO75*$F$5/3)+(AP75*$G$5/3))*90 -> 0
A76: ='INPUT DAFTAR PESERTA'!A74 -> 71 | B76: ='INPUT DAFTAR PESERTA'!B74 -> 2509046055 | C76: ='INPUT DAFTAR PESERTA'!C74 -> Nailah Aisya Ainurrahman | D76: 2 | E76: 3 | F76: 3 | G76: 1 | H76: =((D76*$D$5/3)+(E76*$E$5/3)+(F76*$F$5/3)+(G76*$G$5/3))*90 -> 57 | I76: 2 | J76: 3 | K76: 3 | L76: 1 | M76: =((I76*$D$5/3)+(J76*$E$5/3)+(K76*$F$5/3)+(L76*$G$5/3))*90 -> 57 | N76: 3 | O76: 3 | P76: 2 | Q76: 1 | R76: =((N76*$D$5/3)+(O76*$E$5/3)+(P76*$F$5/3)+(Q76*$G$5/3))*90 -> 54 | S76: 3 | T76: 3 | U76: 3 | V76: 1 | W76: =((S76*$D$5/3)+(T76*$E$5/3)+(U76*$F$5/3)+(V76*$G$5/3))*90 -> 60 | X76: 3 | Y76: 3 | Z76: 3 | AA76: 1 | AB76: =((X76*$D$5/3)+(Y76*$E$5/3)+(Z76*$F$5/3)+(AA76*$G$5/3))*90 -> 60 | AC76: 2 | AD76: 2 | AE76: 2 | AF76: 2 | AG76: =((AC76*$D$5/3)+(AD76*$E$5/3)+(AE76*$F$5/3)+(AF76*$G$5/3))*90 -> 60 | AH76: 2 | AI76: 3 | AJ76: 3 | AK76: 1 | AL76: =((AH76*$D$5/3)+(AI76*$E$5/3)+(AJ76*$F$5/3)+(AK76*$G$5/3))*90 -> 57 | AM76: 2 | AN76: 3 | AO76: 3 | AP76: 3 | AQ76: =((AM76*$D$5/3)+(AN76*$E$5/3)+(AO76*$F$5/3)+(AP76*$G$5/3))*90 -> 87
A77: ='INPUT DAFTAR PESERTA'!A75 -> 72 | B77: ='INPUT DAFTAR PESERTA'!B75 -> 2509046056 | C77: ='INPUT DAFTAR PESERTA'!C75 -> Nadine Olivia | D77: 3 | E77: 3 | F77: 3 | G77: 1 | H77: =((D77*$D$5/3)+(E77*$E$5/3)+(F77*$F$5/3)+(G77*$G$5/3))*90 -> 60 | I77: 2 | J77: 3 | K77: 3 | L77: 1 | M77: =((I77*$D$5/3)+(J77*$E$5/3)+(K77*$F$5/3)+(L77*$G$5/3))*90 -> 57 | N77: 3 | O77: 3 | P77: 3 | Q77: 2 | R77: =((N77*$D$5/3)+(O77*$E$5/3)+(P77*$F$5/3)+(Q77*$G$5/3))*90 -> 75 | S77: 3 | T77: 3 | U77: 3 | V77: 1 | W77: =((S77*$D$5/3)+(T77*$E$5/3)+(U77*$F$5/3)+(V77*$G$5/3))*90 -> 60 | X77: 3 | Y77: 3 | Z77: 3 | AA77: 2 | AB77: =((X77*$D$5/3)+(Y77*$E$5/3)+(Z77*$F$5/3)+(AA77*$G$5/3))*90 -> 75 | AC77: 2 | AD77: 2 | AE77: 2 | AF77: 2 | AG77: =((AC77*$D$5/3)+(AD77*$E$5/3)+(AE77*$F$5/3)+(AF77*$G$5/3))*90 -> 60 | AH77: 2 | AI77: 3 | AJ77: 3 | AK77: 1 | AL77: =((AH77*$D$5/3)+(AI77*$E$5/3)+(AJ77*$F$5/3)+(AK77*$G$5/3))*90 -> 57 | AM77: 2 | AN77: 3 | AO77: 3 | AP77: 3 | AQ77: =((AM77*$D$5/3)+(AN77*$E$5/3)+(AO77*$F$5/3)+(AP77*$G$5/3))*90 -> 87
A78: ='INPUT DAFTAR PESERTA'!A76 -> 73 | B78: ='INPUT DAFTAR PESERTA'!B76 -> 2509046057 | C78: ='INPUT DAFTAR PESERTA'!C76 -> Fadhaail Ali Syaban | H78: =((D78*$D$5/3)+(E78*$E$5/3)+(F78*$F$5/3)+(G78*$G$5/3))*90 -> 0 | M78: =((I78*$D$5/3)+(J78*$E$5/3)+(K78*$F$5/3)+(L78*$G$5/3))*90 -> 0 | R78: =((N78*$D$5/3)+(O78*$E$5/3)+(P78*$F$5/3)+(Q78*$G$5/3))*90 -> 0 | W78: =((S78*$D$5/3)+(T78*$E$5/3)+(U78*$F$5/3)+(V78*$G$5/3))*90 -> 0 | X78: 1 | Y78: 1 | Z78: 1 | AA78: 1 | AB78: =((X78*$D$5/3)+(Y78*$E$5/3)+(Z78*$F$5/3)+(AA78*$G$5/3))*90 -> 30 | AG78: =((AC78*$D$5/3)+(AD78*$E$5/3)+(AE78*$F$5/3)+(AF78*$G$5/3))*90 -> 0 | AH78: 2 | AI78: 3 | AJ78: 3 | AK78: 1 | AL78: =((AH78*$D$5/3)+(AI78*$E$5/3)+(AJ78*$F$5/3)+(AK78*$G$5/3))*90 -> 57 | AQ78: =((AM78*$D$5/3)+(AN78*$E$5/3)+(AO78*$F$5/3)+(AP78*$G$5/3))*90 -> 0
A79: ='INPUT DAFTAR PESERTA'!A77 -> 74 | B79: ='INPUT DAFTAR PESERTA'!B77 -> 2509046058 | C79: ='INPUT DAFTAR PESERTA'!C77 -> Tri Partogi Utama Manalu | D79: 2 | E79: 2 | F79: 2 | G79: 1 | H79: =((D79*$D$5/3)+(E79*$E$5/3)+(F79*$F$5/3)+(G79*$G$5/3))*90 -> 45 | I79: 2 | J79: 3 | K79: 3 | L79: 1 | M79: =((I79*$D$5/3)+(J79*$E$5/3)+(K79*$F$5/3)+(L79*$G$5/3))*90 -> 57 | N79: 3 | O79: 3 | P79: 2 | Q79: 1 | R79: =((N79*$D$5/3)+(O79*$E$5/3)+(P79*$F$5/3)+(Q79*$G$5/3))*90 -> 54 | S79: 3 | T79: 3 | U79: 3 | V79: 1 | W79: =((S79*$D$5/3)+(T79*$E$5/3)+(U79*$F$5/3)+(V79*$G$5/3))*90 -> 60 | X79: 3 | Y79: 3 | Z79: 3 | AA79: 1 | AB79: =((X79*$D$5/3)+(Y79*$E$5/3)+(Z79*$F$5/3)+(AA79*$G$5/3))*90 -> 60 | AC79: 2 | AD79: 2 | AE79: 2 | AF79: 2 | AG79: =((AC79*$D$5/3)+(AD79*$E$5/3)+(AE79*$F$5/3)+(AF79*$G$5/3))*90 -> 60 | AH79: 2 | AI79: 3 | AJ79: 3 | AK79: 1 | AL79: =((AH79*$D$5/3)+(AI79*$E$5/3)+(AJ79*$F$5/3)+(AK79*$G$5/3))*90 -> 57 | AM79: 2 | AN79: 3 | AO79: 3 | AP79: 1 | AQ79: =((AM79*$D$5/3)+(AN79*$E$5/3)+(AO79*$F$5/3)+(AP79*$G$5/3))*90 -> 57
A80: ='INPUT DAFTAR PESERTA'!A78 -> 75 | B80: ='INPUT DAFTAR PESERTA'!B78 -> 2509046059 | C80: ='INPUT DAFTAR PESERTA'!C78 -> Fa'iz Pasha Novian | H80: =((D80*$D$5/3)+(E80*$E$5/3)+(F80*$F$5/3)+(G80*$G$5/3))*90 -> 0 | M80: =((I80*$D$5/3)+(J80*$E$5/3)+(K80*$F$5/3)+(L80*$G$5/3))*90 -> 0 | R80: =((N80*$D$5/3)+(O80*$E$5/3)+(P80*$F$5/3)+(Q80*$G$5/3))*90 -> 0 | W80: =((S80*$D$5/3)+(T80*$E$5/3)+(U80*$F$5/3)+(V80*$G$5/3))*90 -> 0 | X80: 1 | Y80: 1 | Z80: 1 | AA80: 1 | AB80: =((X80*$D$5/3)+(Y80*$E$5/3)+(Z80*$F$5/3)+(AA80*$G$5/3))*90 -> 30 | AG80: =((AC80*$D$5/3)+(AD80*$E$5/3)+(AE80*$F$5/3)+(AF80*$G$5/3))*90 -> 0 | AL80: =((AH80*$D$5/3)+(AI80*$E$5/3)+(AJ80*$F$5/3)+(AK80*$G$5/3))*90 -> 0 | AQ80: =((AM80*$D$5/3)+(AN80*$E$5/3)+(AO80*$F$5/3)+(AP80*$G$5/3))*90 -> 0
A81: ='INPUT DAFTAR PESERTA'!A79 -> 76 | B81: ='INPUT DAFTAR PESERTA'!B79 -> 2509046060 | C81: ='INPUT DAFTAR PESERTA'!C79 -> Shasya Tri Fauziah | D81: 2 | E81: 2 | F81: 1 | G81: 2 | H81: =((D81*$D$5/3)+(E81*$E$5/3)+(F81*$F$5/3)+(G81*$G$5/3))*90 -> 54 | I81: 2 | J81: 3 | K81: 3 | L81: 3 | M81: =((I81*$D$5/3)+(J81*$E$5/3)+(K81*$F$5/3)+(L81*$G$5/3))*90 -> 87 | N81: 2 | O81: 3 | P81: 3 | Q81: 3 | R81: =((N81*$D$5/3)+(O81*$E$5/3)+(P81*$F$5/3)+(Q81*$G$5/3))*90 -> 87 | S81: 3 | T81: 3 | U81: 3 | V81: 1 | W81: =((S81*$D$5/3)+(T81*$E$5/3)+(U81*$F$5/3)+(V81*$G$5/3))*90 -> 60 | X81: 3 | Y81: 2 | Z81: 2 | AA81: 1 | AB81: =((X81*$D$5/3)+(Y81*$E$5/3)+(Z81*$F$5/3)+(AA81*$G$5/3))*90 -> 48 | AG81: =((AC81*$D$5/3)+(AD81*$E$5/3)+(AE81*$F$5/3)+(AF81*$G$5/3))*90 -> 0 | AH81: 2 | AI81: 3 | AJ81: 3 | AK81: 1 | AL81: =((AH81*$D$5/3)+(AI81*$E$5/3)+(AJ81*$F$5/3)+(AK81*$G$5/3))*90 -> 57 | AM81: 2 | AN81: 3 | AO81: 3 | AP81: 1.5 | AQ81: =((AM81*$D$5/3)+(AN81*$E$5/3)+(AO81*$F$5/3)+(AP81*$G$5/3))*90 -> 64.5
A82: ='INPUT DAFTAR PESERTA'!A80 -> 77 | B82: ='INPUT DAFTAR PESERTA'!B80 -> 2509046061 | C82: ='INPUT DAFTAR PESERTA'!C80 -> Alyah Nur Jannah | D82: 1 | E82: 1 | F82: 1 | G82: 1 | H82: =((D82*$D$5/3)+(E82*$E$5/3)+(F82*$F$5/3)+(G82*$G$5/3))*90 -> 30 | I82: 3 | J82: 2 | K82: 2 | L82: 1 | M82: =((I82*$D$5/3)+(J82*$E$5/3)+(K82*$F$5/3)+(L82*$G$5/3))*90 -> 48 | N82: 1 | O82: 1 | P82: 1 | Q82: 1 | R82: =((N82*$D$5/3)+(O82*$E$5/3)+(P82*$F$5/3)+(Q82*$G$5/3))*90 -> 30 | S82: 1 | T82: 1 | U82: 1 | V82: 1 | W82: =((S82*$D$5/3)+(T82*$E$5/3)+(U82*$F$5/3)+(V82*$G$5/3))*90 -> 30 | X82: 1 | Y82: 1 | Z82: 1 | AA82: 1 | AB82: =((X82*$D$5/3)+(Y82*$E$5/3)+(Z82*$F$5/3)+(AA82*$G$5/3))*90 -> 30 | AC82: 3 | AD82: 3 | AE82: 3 | AF82: 2 | AG82: =((AC82*$D$5/3)+(AD82*$E$5/3)+(AE82*$F$5/3)+(AF82*$G$5/3))*90 -> 75 | AH82: 1 | AI82: 1 | AJ82: 1 | AK82: 1 | AL82: =((AH82*$D$5/3)+(AI82*$E$5/3)+(AJ82*$F$5/3)+(AK82*$G$5/3))*90 -> 30 | AM82: 2 | AN82: 3 | AO82: 3 | AP82: 1 | AQ82: =((AM82*$D$5/3)+(AN82*$E$5/3)+(AO82*$F$5/3)+(AP82*$G$5/3))*90 -> 57
A83: ='INPUT DAFTAR PESERTA'!A81 -> 78 | B83: ='INPUT DAFTAR PESERTA'!B81 -> 2509046062 | C83: ='INPUT DAFTAR PESERTA'!C81 -> Rendi Sidebang | D83: 3 | E83: 3 | F83: 3 | G83: 1 | H83: =((D83*$D$5/3)+(E83*$E$5/3)+(F83*$F$5/3)+(G83*$G$5/3))*90 -> 60 | I83: 2 | J83: 3 | K83: 3 | L83: 1 | M83: =((I83*$D$5/3)+(J83*$E$5/3)+(K83*$F$5/3)+(L83*$G$5/3))*90 -> 57 | N83: 3 | O83: 3 | P83: 2 | Q83: 2 | R83: =((N83*$D$5/3)+(O83*$E$5/3)+(P83*$F$5/3)+(Q83*$G$5/3))*90 -> 69 | S83: 3 | T83: 3 | U83: 3 | V83: 1 | W83: =((S83*$D$5/3)+(T83*$E$5/3)+(U83*$F$5/3)+(V83*$G$5/3))*90 -> 60 | X83: 3 | Y83: 3 | Z83: 3 | AA83: 1 | AB83: =((X83*$D$5/3)+(Y83*$E$5/3)+(Z83*$F$5/3)+(AA83*$G$5/3))*90 -> 60 | AC83: 3 | AD83: 3 | AE83: 3 | AF83: 2 | AG83: =((AC83*$D$5/3)+(AD83*$E$5/3)+(AE83*$F$5/3)+(AF83*$G$5/3))*90 -> 75 | AH83: 2 | AI83: 3 | AJ83: 3 | AK83: 1 | AL83: =((AH83*$D$5/3)+(AI83*$E$5/3)+(AJ83*$F$5/3)+(AK83*$G$5/3))*90 -> 57 | AQ83: =((AM83*$D$5/3)+(AN83*$E$5/3)+(AO83*$F$5/3)+(AP83*$G$5/3))*90 -> 0
A84: ='INPUT DAFTAR PESERTA'!A82 -> 79 | B84: ='INPUT DAFTAR PESERTA'!B82 -> 2509046063 | C84: ='INPUT DAFTAR PESERTA'!C82 -> Panca Vito Anandio | D84: 1 | E84: 1 | F84: 2 | G84: 1 | H84: =((D84*$D$5/3)+(E84*$E$5/3)+(F84*$F$5/3)+(G84*$G$5/3))*90 -> 36 | I84: 3 | J84: 3 | K84: 2 | L84: 1 | M84: =((I84*$D$5/3)+(J84*$E$5/3)+(K84*$F$5/3)+(L84*$G$5/3))*90 -> 54 | R84: =((N84*$D$5/3)+(O84*$E$5/3)+(P84*$F$5/3)+(Q84*$G$5/3))*90 -> 0 | W84: =((S84*$D$5/3)+(T84*$E$5/3)+(U84*$F$5/3)+(V84*$G$5/3))*90 -> 0 | X84: 1 | Y84: 1 | Z84: 1 | AA84: 1 | AB84: =((X84*$D$5/3)+(Y84*$E$5/3)+(Z84*$F$5/3)+(AA84*$G$5/3))*90 -> 30 | AC84: 3 | AD84: 3 | AE84: 3 | AF84: 2 | AG84: =((AC84*$D$5/3)+(AD84*$E$5/3)+(AE84*$F$5/3)+(AF84*$G$5/3))*90 -> 75 | AL84: =((AH84*$D$5/3)+(AI84*$E$5/3)+(AJ84*$F$5/3)+(AK84*$G$5/3))*90 -> 0 | AQ84: =((AM84*$D$5/3)+(AN84*$E$5/3)+(AO84*$F$5/3)+(AP84*$G$5/3))*90 -> 0
A85: ='INPUT DAFTAR PESERTA'!A83 -> 80 | B85: ='INPUT DAFTAR PESERTA'!B83 -> 2509046064 | C85: ='INPUT DAFTAR PESERTA'!C83 -> Nabila Lestari | D85: 3 | E85: 1 | F85: 2 | G85: 1 | H85: =((D85*$D$5/3)+(E85*$E$5/3)+(F85*$F$5/3)+(G85*$G$5/3))*90 -> 42 | I85: 3 | J85: 3 | K85: 2 | L85: 1 | M85: =((I85*$D$5/3)+(J85*$E$5/3)+(K85*$F$5/3)+(L85*$G$5/3))*90 -> 54 | N85: 3 | O85: 3 | P85: 3 | Q85: 1 | R85: =((N85*$D$5/3)+(O85*$E$5/3)+(P85*$F$5/3)+(Q85*$G$5/3))*90 -> 60 | S85: 2 | T85: 3 | U85: 3 | V85: 1 | W85: =((S85*$D$5/3)+(T85*$E$5/3)+(U85*$F$5/3)+(V85*$G$5/3))*90 -> 57 | X85: 2 | Y85: 2 | Z85: 2 | AA85: 1 | AB85: =((X85*$D$5/3)+(Y85*$E$5/3)+(Z85*$F$5/3)+(AA85*$G$5/3))*90 -> 45 | AC85: 2 | AD85: 2 | AE85: 2 | AF85: 2 | AG85: =((AC85*$D$5/3)+(AD85*$E$5/3)+(AE85*$F$5/3)+(AF85*$G$5/3))*90 -> 60 | AH85: 2 | AI85: 3 | AJ85: 3 | AK85: 1 | AL85: =((AH85*$D$5/3)+(AI85*$E$5/3)+(AJ85*$F$5/3)+(AK85*$G$5/3))*90 -> 57 | AM85: 3 | AN85: 3 | AO85: 3 | AP85: 1 | AQ85: =((AM85*$D$5/3)+(AN85*$E$5/3)+(AO85*$F$5/3)+(AP85*$G$5/3))*90 -> 60
A86: ='INPUT DAFTAR PESERTA'!A84 -> 81 | B86: ='INPUT DAFTAR PESERTA'!B84 -> 2509046065 | C86: ='INPUT DAFTAR PESERTA'!C84 -> Muhammad Mudrikah Salim | H86: =((D86*$D$5/3)+(E86*$E$5/3)+(F86*$F$5/3)+(G86*$G$5/3))*90 -> 0 | M86: =((I86*$D$5/3)+(J86*$E$5/3)+(K86*$F$5/3)+(L86*$G$5/3))*90 -> 0 | R86: =((N86*$D$5/3)+(O86*$E$5/3)+(P86*$F$5/3)+(Q86*$G$5/3))*90 -> 0 | W86: =((S86*$D$5/3)+(T86*$E$5/3)+(U86*$F$5/3)+(V86*$G$5/3))*90 -> 0 | X86: 1 | Y86: 1 | Z86: 1 | AA86: 1 | AB86: =((X86*$D$5/3)+(Y86*$E$5/3)+(Z86*$F$5/3)+(AA86*$G$5/3))*90 -> 30 | AG86: =((AC86*$D$5/3)+(AD86*$E$5/3)+(AE86*$F$5/3)+(AF86*$G$5/3))*90 -> 0 | AL86: =((AH86*$D$5/3)+(AI86*$E$5/3)+(AJ86*$F$5/3)+(AK86*$G$5/3))*90 -> 0 | AQ86: =((AM86*$D$5/3)+(AN86*$E$5/3)+(AO86*$F$5/3)+(AP86*$G$5/3))*90 -> 0
A87: ='INPUT DAFTAR PESERTA'!A85 -> 82 | B87: ='INPUT DAFTAR PESERTA'!B85 -> 2509046066 | C87: ='INPUT DAFTAR PESERTA'!C85 -> Nisriina Nahdah Hizbullah | D87: 3 | E87: 3 | F87: 3 | G87: 2 | H87: =((D87*$D$5/3)+(E87*$E$5/3)+(F87*$F$5/3)+(G87*$G$5/3))*90 -> 75 | I87: 3 | J87: 3 | K87: 2 | L87: 1 | M87: =((I87*$D$5/3)+(J87*$E$5/3)+(K87*$F$5/3)+(L87*$G$5/3))*90 -> 54 | N87: 3 | O87: 3 | P87: 3 | Q87: 1 | R87: =((N87*$D$5/3)+(O87*$E$5/3)+(P87*$F$5/3)+(Q87*$G$5/3))*90 -> 60 | S87: 2 | T87: 3 | U87: 3 | V87: 1 | W87: =((S87*$D$5/3)+(T87*$E$5/3)+(U87*$F$5/3)+(V87*$G$5/3))*90 -> 57 | X87: 3 | Y87: 3 | Z87: 3 | AA87: 1 | AB87: =((X87*$D$5/3)+(Y87*$E$5/3)+(Z87*$F$5/3)+(AA87*$G$5/3))*90 -> 60 | AC87: 2 | AD87: 2 | AE87: 2 | AF87: 2 | AG87: =((AC87*$D$5/3)+(AD87*$E$5/3)+(AE87*$F$5/3)+(AF87*$G$5/3))*90 -> 60 | AL87: =((AH87*$D$5/3)+(AI87*$E$5/3)+(AJ87*$F$5/3)+(AK87*$G$5/3))*90 -> 0 | AM87: 3 | AN87: 3 | AO87: 3 | AP87: 1 | AQ87: =((AM87*$D$5/3)+(AN87*$E$5/3)+(AO87*$F$5/3)+(AP87*$G$5/3))*90 -> 60
A88: ='INPUT DAFTAR PESERTA'!A86 -> 83 | B88: ='INPUT DAFTAR PESERTA'!B86 -> 2509046067 | C88: ='INPUT DAFTAR PESERTA'!C86 -> Rhooid Azzaky | H88: =((D88*$D$5/3)+(E88*$E$5/3)+(F88*$F$5/3)+(G88*$G$5/3))*90 -> 0 | M88: =((I88*$D$5/3)+(J88*$E$5/3)+(K88*$F$5/3)+(L88*$G$5/3))*90 -> 0 | R88: =((N88*$D$5/3)+(O88*$E$5/3)+(P88*$F$5/3)+(Q88*$G$5/3))*90 -> 0 | W88: =((S88*$D$5/3)+(T88*$E$5/3)+(U88*$F$5/3)+(V88*$G$5/3))*90 -> 0 | X88: 1 | Y88: 1 | Z88: 1 | AA88: 1 | AB88: =((X88*$D$5/3)+(Y88*$E$5/3)+(Z88*$F$5/3)+(AA88*$G$5/3))*90 -> 30 | AC88: 3 | AD88: 3 | AE88: 3 | AF88: 2 | AG88: =((AC88*$D$5/3)+(AD88*$E$5/3)+(AE88*$F$5/3)+(AF88*$G$5/3))*90 -> 75 | AH88: 2 | AI88: 3 | AJ88: 3 | AK88: 1 | AL88: =((AH88*$D$5/3)+(AI88*$E$5/3)+(AJ88*$F$5/3)+(AK88*$G$5/3))*90 -> 57 | AQ88: =((AM88*$D$5/3)+(AN88*$E$5/3)+(AO88*$F$5/3)+(AP88*$G$5/3))*90 -> 0
A89: ='INPUT DAFTAR PESERTA'!A87 -> 84 | B89: ='INPUT DAFTAR PESERTA'!B87 -> 2509046068 | C89: ='INPUT DAFTAR PESERTA'!C87 -> Olga Agnes Violeta Simatupang | H89: =((D89*$D$5/3)+(E89*$E$5/3)+(F89*$F$5/3)+(G89*$G$5/3))*90 -> 0 | I89: 2 | J89: 3 | K89: 3 | L89: 1 | M89: =((I89*$D$5/3)+(J89*$E$5/3)+(K89*$F$5/3)+(L89*$G$5/3))*90 -> 57 | R89: =((N89*$D$5/3)+(O89*$E$5/3)+(P89*$F$5/3)+(Q89*$G$5/3))*90 -> 0 | S89: 0 | T89: 0 | U89: 0 | V89: 0 | W89: =((S89*$D$5/3)+(T89*$E$5/3)+(U89*$F$5/3)+(V89*$G$5/3))*90 -> 0 | X89: 1 | Y89: 1 | Z89: 1 | AA89: 1 | AB89: =((X89*$D$5/3)+(Y89*$E$5/3)+(Z89*$F$5/3)+(AA89*$G$5/3))*90 -> 30 | AC89: 3 | AD89: 3 | AE89: 3 | AF89: 2 | AG89: =((AC89*$D$5/3)+(AD89*$E$5/3)+(AE89*$F$5/3)+(AF89*$G$5/3))*90 -> 75 | AH89: 2 | AI89: 3 | AJ89: 3 | AK89: 3 | AL89: =((AH89*$D$5/3)+(AI89*$E$5/3)+(AJ89*$F$5/3)+(AK89*$G$5/3))*90 -> 87 | AM89: 2 | AN89: 3 | AO89: 3 | AP89: 1 | AQ89: =((AM89*$D$5/3)+(AN89*$E$5/3)+(AO89*$F$5/3)+(AP89*$G$5/3))*90 -> 57
A90: ='INPUT DAFTAR PESERTA'!A88 -> 85 | B90: ='INPUT DAFTAR PESERTA'!B88 -> 2509046070 | C90: ='INPUT DAFTAR PESERTA'!C88 -> Muhammad Ibrahim Habibullah | H90: =((D90*$D$5/3)+(E90*$E$5/3)+(F90*$F$5/3)+(G90*$G$5/3))*90 -> 0 | L90: 1 | M90: =((I90*$D$5/3)+(J90*$E$5/3)+(K90*$F$5/3)+(L90*$G$5/3))*90 -> 15 | R90: =((N90*$D$5/3)+(O90*$E$5/3)+(P90*$F$5/3)+(Q90*$G$5/3))*90 -> 0 | W90: =((S90*$D$5/3)+(T90*$E$5/3)+(U90*$F$5/3)+(V90*$G$5/3))*90 -> 0 | X90: 1 | Y90: 1 | Z90: 1 | AA90: 1 | AB90: =((X90*$D$5/3)+(Y90*$E$5/3)+(Z90*$F$5/3)+(AA90*$G$5/3))*90 -> 30 | AG90: =((AC90*$D$5/3)+(AD90*$E$5/3)+(AE90*$F$5/3)+(AF90*$G$5/3))*90 -> 0 | AL90: =((AH90*$D$5/3)+(AI90*$E$5/3)+(AJ90*$F$5/3)+(AK90*$G$5/3))*90 -> 0 | AQ90: =((AM90*$D$5/3)+(AN90*$E$5/3)+(AO90*$F$5/3)+(AP90*$G$5/3))*90 -> 0
A91: ='INPUT DAFTAR PESERTA'!A89 -> 86 | B91: ='INPUT DAFTAR PESERTA'!B89 -> 2509046071 | C91: ='INPUT DAFTAR PESERTA'!C89 -> M. Ali Dinar | H91: =((D91*$D$5/3)+(E91*$E$5/3)+(F91*$F$5/3)+(G91*$G$5/3))*90 -> 0 | M91: =((I91*$D$5/3)+(J91*$E$5/3)+(K91*$F$5/3)+(L91*$G$5/3))*90 -> 0 | R91: =((N91*$D$5/3)+(O91*$E$5/3)+(P91*$F$5/3)+(Q91*$G$5/3))*90 -> 0 | W91: =((S91*$D$5/3)+(T91*$E$5/3)+(U91*$F$5/3)+(V91*$G$5/3))*90 -> 0 | X91: 1 | Y91: 1 | Z91: 1 | AA91: 1 | AB91: =((X91*$D$5/3)+(Y91*$E$5/3)+(Z91*$F$5/3)+(AA91*$G$5/3))*90 -> 30 | AG91: =((AC91*$D$5/3)+(AD91*$E$5/3)+(AE91*$F$5/3)+(AF91*$G$5/3))*90 -> 0 | AL91: =((AH91*$D$5/3)+(AI91*$E$5/3)+(AJ91*$F$5/3)+(AK91*$G$5/3))*90 -> 0 | AQ91: =((AM91*$D$5/3)+(AN91*$E$5/3)+(AO91*$F$5/3)+(AP91*$G$5/3))*90 -> 0
A92: ='INPUT DAFTAR PESERTA'!A90 -> 87 | B92: ='INPUT DAFTAR PESERTA'!B90 -> 2509046072 | C92: ='INPUT DAFTAR PESERTA'!C90 -> Julianitha Tabitha Angi | H92: =((D92*$D$5/3)+(E92*$E$5/3)+(F92*$F$5/3)+(G92*$G$5/3))*90 -> 0 | M92: =((I92*$D$5/3)+(J92*$E$5/3)+(K92*$F$5/3)+(L92*$G$5/3))*90 -> 0 | R92: =((N92*$D$5/3)+(O92*$E$5/3)+(P92*$F$5/3)+(Q92*$G$5/3))*90 -> 0 | S92: 2 | T92: 3 | U92: 3 | V92: 2 | W92: =((S92*$D$5/3)+(T92*$E$5/3)+(U92*$F$5/3)+(V92*$G$5/3))*90 -> 72 | X92: 2 | Y92: 2 | Z92: 2 | AA92: 1 | AB92: =((X92*$D$5/3)+(Y92*$E$5/3)+(Z92*$F$5/3)+(AA92*$G$5/3))*90 -> 45 | AC92: 3 | AD92: 2 | AE92: 2 | AF92: 2 | AG92: =((AC92*$D$5/3)+(AD92*$E$5/3)+(AE92*$F$5/3)+(AF92*$G$5/3))*90 -> 63 | AH92: 3 | AI92: 3 | AJ92: 3 | AK92: 1 | AL92: =((AH92*$D$5/3)+(AI92*$E$5/3)+(AJ92*$F$5/3)+(AK92*$G$5/3))*90 -> 60 | AM92: 0 | AN92: 0 | AO92: 0 | AP92: 0 | AQ92: =((AM92*$D$5/3)+(AN92*$E$5/3)+(AO92*$F$5/3)+(AP92*$G$5/3))*90 -> 0
A93: ='INPUT DAFTAR PESERTA'!A91 -> 88 | B93: ='INPUT DAFTAR PESERTA'!B91 -> 2509046073 | C93: ='INPUT DAFTAR PESERTA'!C91 -> Sayyid Ahmad Raihan | H93: =((D93*$D$5/3)+(E93*$E$5/3)+(F93*$F$5/3)+(G93*$G$5/3))*90 -> 0 | M93: =((I93*$D$5/3)+(J93*$E$5/3)+(K93*$F$5/3)+(L93*$G$5/3))*90 -> 0 | R93: =((N93*$D$5/3)+(O93*$E$5/3)+(P93*$F$5/3)+(Q93*$G$5/3))*90 -> 0 | W93: =((S93*$D$5/3)+(T93*$E$5/3)+(U93*$F$5/3)+(V93*$G$5/3))*90 -> 0 | X93: 1 | Y93: 1 | Z93: 1 | AA93: 1 | AB93: =((X93*$D$5/3)+(Y93*$E$5/3)+(Z93*$F$5/3)+(AA93*$G$5/3))*90 -> 30 | AC93: 3 | AD93: 2 | AE93: 2 | AF93: 2 | AG93: =((AC93*$D$5/3)+(AD93*$E$5/3)+(AE93*$F$5/3)+(AF93*$G$5/3))*90 -> 63 | AL93: =((AH93*$D$5/3)+(AI93*$E$5/3)+(AJ93*$F$5/3)+(AK93*$G$5/3))*90 -> 0 | AQ93: =((AM93*$D$5/3)+(AN93*$E$5/3)+(AO93*$F$5/3)+(AP93*$G$5/3))*90 -> 0
A94: ='INPUT DAFTAR PESERTA'!A92 -> 89 | B94: ='INPUT DAFTAR PESERTA'!B92 -> 2509046074 | C94: ='INPUT DAFTAR PESERTA'!C92 -> Junior Agustian Culie | H94: =((D94*$D$5/3)+(E94*$E$5/3)+(F94*$F$5/3)+(G94*$G$5/3))*90 -> 0 | M94: =((I94*$D$5/3)+(J94*$E$5/3)+(K94*$F$5/3)+(L94*$G$5/3))*90 -> 0 | R94: =((N94*$D$5/3)+(O94*$E$5/3)+(P94*$F$5/3)+(Q94*$G$5/3))*90 -> 0 | W94: =((S94*$D$5/3)+(T94*$E$5/3)+(U94*$F$5/3)+(V94*$G$5/3))*90 -> 0 | X94: 1 | Y94: 1 | Z94: 1 | AA94: 1 | AB94: =((X94*$D$5/3)+(Y94*$E$5/3)+(Z94*$F$5/3)+(AA94*$G$5/3))*90 -> 30 | AG94: =((AC94*$D$5/3)+(AD94*$E$5/3)+(AE94*$F$5/3)+(AF94*$G$5/3))*90 -> 0 | AL94: =((AH94*$D$5/3)+(AI94*$E$5/3)+(AJ94*$F$5/3)+(AK94*$G$5/3))*90 -> 0 | AQ94: =((AM94*$D$5/3)+(AN94*$E$5/3)+(AO94*$F$5/3)+(AP94*$G$5/3))*90 -> 0
A95: ='INPUT DAFTAR PESERTA'!A93 -> 90 | B95: ='INPUT DAFTAR PESERTA'!B93 -> 2509046075 | C95: ='INPUT DAFTAR PESERTA'!C93 -> Andi Ahmad Dzaky Palewai Agri | H95: =((D95*$D$5/3)+(E95*$E$5/3)+(F95*$F$5/3)+(G95*$G$5/3))*90 -> 0 | M95: =((I95*$D$5/3)+(J95*$E$5/3)+(K95*$F$5/3)+(L95*$G$5/3))*90 -> 0 | R95: =((N95*$D$5/3)+(O95*$E$5/3)+(P95*$F$5/3)+(Q95*$G$5/3))*90 -> 0 | W95: =((S95*$D$5/3)+(T95*$E$5/3)+(U95*$F$5/3)+(V95*$G$5/3))*90 -> 0 | X95: 1 | Y95: 1 | Z95: 1 | AA95: 1 | AB95: =((X95*$D$5/3)+(Y95*$E$5/3)+(Z95*$F$5/3)+(AA95*$G$5/3))*90 -> 30 | AG95: =((AC95*$D$5/3)+(AD95*$E$5/3)+(AE95*$F$5/3)+(AF95*$G$5/3))*90 -> 0 | AL95: =((AH95*$D$5/3)+(AI95*$E$5/3)+(AJ95*$F$5/3)+(AK95*$G$5/3))*90 -> 0 | AQ95: =((AM95*$D$5/3)+(AN95*$E$5/3)+(AO95*$F$5/3)+(AP95*$G$5/3))*90 -> 0
A96: ='INPUT DAFTAR PESERTA'!A94 -> 91 | B96: ='INPUT DAFTAR PESERTA'!B94 -> 2509046076 | C96: ='INPUT DAFTAR PESERTA'!C94 -> Afif Ahmad Winarno | D96: 2 | E96: 2 | F96: 2 | G96: 1 | H96: =((D96*$D$5/3)+(E96*$E$5/3)+(F96*$F$5/3)+(G96*$G$5/3))*90 -> 45 | I96: 2 | J96: 3 | K96: 3 | L96: 1 | M96: =((I96*$D$5/3)+(J96*$E$5/3)+(K96*$F$5/3)+(L96*$G$5/3))*90 -> 57 | N96: 3 | O96: 3 | P96: 3 | Q96: 1 | R96: =((N96*$D$5/3)+(O96*$E$5/3)+(P96*$F$5/3)+(Q96*$G$5/3))*90 -> 60 | S96: 3 | T96: 3 | U96: 3 | V96: 1 | W96: =((S96*$D$5/3)+(T96*$E$5/3)+(U96*$F$5/3)+(V96*$G$5/3))*90 -> 60 | X96: 2 | Y96: 3 | Z96: 3 | AA96: 1 | AB96: =((X96*$D$5/3)+(Y96*$E$5/3)+(Z96*$F$5/3)+(AA96*$G$5/3))*90 -> 57 | AC96: 3 | AD96: 3 | AE96: 2 | AF96: 2 | AG96: =((AC96*$D$5/3)+(AD96*$E$5/3)+(AE96*$F$5/3)+(AF96*$G$5/3))*90 -> 69 | AH96: 3 | AI96: 3 | AJ96: 3 | AK96: 1 | AL96: =((AH96*$D$5/3)+(AI96*$E$5/3)+(AJ96*$F$5/3)+(AK96*$G$5/3))*90 -> 60 | AM96: 3 | AN96: 3 | AO96: 3 | AP96: 1 | AQ96: =((AM96*$D$5/3)+(AN96*$E$5/3)+(AO96*$F$5/3)+(AP96*$G$5/3))*90 -> 60
A97: ='INPUT DAFTAR PESERTA'!A95 -> 92 | B97: ='INPUT DAFTAR PESERTA'!B95 -> 2509046077 | C97: ='INPUT DAFTAR PESERTA'!C95 -> Muhammad Iqbal | H97: =((D97*$D$5/3)+(E97*$E$5/3)+(F97*$F$5/3)+(G97*$G$5/3))*90 -> 0 | M97: =((I97*$D$5/3)+(J97*$E$5/3)+(K97*$F$5/3)+(L97*$G$5/3))*90 -> 0 | R97: =((N97*$D$5/3)+(O97*$E$5/3)+(P97*$F$5/3)+(Q97*$G$5/3))*90 -> 0 | W97: =((S97*$D$5/3)+(T97*$E$5/3)+(U97*$F$5/3)+(V97*$G$5/3))*90 -> 0 | X97: 1 | Y97: 1 | Z97: 1 | AA97: 1 | AB97: =((X97*$D$5/3)+(Y97*$E$5/3)+(Z97*$F$5/3)+(AA97*$G$5/3))*90 -> 30 | AC97: 3 | AD97: 2 | AE97: 2 | AF97: 2 | AG97: =((AC97*$D$5/3)+(AD97*$E$5/3)+(AE97*$F$5/3)+(AF97*$G$5/3))*90 -> 63 | AH97: 3 | AI97: 3 | AJ97: 3 | AK97: 1 | AL97: =((AH97*$D$5/3)+(AI97*$E$5/3)+(AJ97*$F$5/3)+(AK97*$G$5/3))*90 -> 60 | AQ97: =((AM97*$D$5/3)+(AN97*$E$5/3)+(AO97*$F$5/3)+(AP97*$G$5/3))*90 -> 0
A98: ='INPUT DAFTAR PESERTA'!A96 -> 93 | B98: ='INPUT DAFTAR PESERTA'!B96 -> 2509046078 | C98: ='INPUT DAFTAR PESERTA'!C96 -> Shodiq Rizyuka Annaufla | H98: =((D98*$D$5/3)+(E98*$E$5/3)+(F98*$F$5/3)+(G98*$G$5/3))*90 -> 0 | M98: =((I98*$D$5/3)+(J98*$E$5/3)+(K98*$F$5/3)+(L98*$G$5/3))*90 -> 0 | R98: =((N98*$D$5/3)+(O98*$E$5/3)+(P98*$F$5/3)+(Q98*$G$5/3))*90 -> 0 | W98: =((S98*$D$5/3)+(T98*$E$5/3)+(U98*$F$5/3)+(V98*$G$5/3))*90 -> 0 | X98: 1 | Y98: 1 | Z98: 1 | AA98: 1 | AB98: =((X98*$D$5/3)+(Y98*$E$5/3)+(Z98*$F$5/3)+(AA98*$G$5/3))*90 -> 30 | AC98: 3 | AD98: 2 | AE98: 2 | AF98: 2 | AG98: =((AC98*$D$5/3)+(AD98*$E$5/3)+(AE98*$F$5/3)+(AF98*$G$5/3))*90 -> 63 | AL98: =((AH98*$D$5/3)+(AI98*$E$5/3)+(AJ98*$F$5/3)+(AK98*$G$5/3))*90 -> 0 | AQ98: =((AM98*$D$5/3)+(AN98*$E$5/3)+(AO98*$F$5/3)+(AP98*$G$5/3))*90 -> 0
A99: ='INPUT DAFTAR PESERTA'!A97 -> 94 | B99: ='INPUT DAFTAR PESERTA'!B97 -> 2509046079 | C99: ='INPUT DAFTAR PESERTA'!C97 -> Muhamad Jailani | H99: =((D99*$D$5/3)+(E99*$E$5/3)+(F99*$F$5/3)+(G99*$G$5/3))*90 -> 0 | M99: =((I99*$D$5/3)+(J99*$E$5/3)+(K99*$F$5/3)+(L99*$G$5/3))*90 -> 0 | R99: =((N99*$D$5/3)+(O99*$E$5/3)+(P99*$F$5/3)+(Q99*$G$5/3))*90 -> 0 | W99: =((S99*$D$5/3)+(T99*$E$5/3)+(U99*$F$5/3)+(V99*$G$5/3))*90 -> 0 | X99: 2 | Y99: 3 | Z99: 3 | AA99: 1 | AB99: =((X99*$D$5/3)+(Y99*$E$5/3)+(Z99*$F$5/3)+(AA99*$G$5/3))*90 -> 57 | AC99: 3 | AD99: 2 | AE99: 2 | AF99: 2 | AG99: =((AC99*$D$5/3)+(AD99*$E$5/3)+(AE99*$F$5/3)+(AF99*$G$5/3))*90 -> 63 | AL99: =((AH99*$D$5/3)+(AI99*$E$5/3)+(AJ99*$F$5/3)+(AK99*$G$5/3))*90 -> 0 | AQ99: =((AM99*$D$5/3)+(AN99*$E$5/3)+(AO99*$F$5/3)+(AP99*$G$5/3))*90 -> 0
A100: ='INPUT DAFTAR PESERTA'!A98 | B100: ='INPUT DAFTAR PESERTA'!B98 | C100: ='INPUT DAFTAR PESERTA'!C98
A101: ='INPUT DAFTAR PESERTA'!A99 | B101: ='INPUT DAFTAR PESERTA'!B99
A102: ='INPUT DAFTAR PESERTA'!A100

Sheet NILAI HARIAN
A3: No | B3: NIM | C3: Nama | D3: Afektif | N3: Kognitif | AF3: Psikomotorik
D4: Kehadiran | M4: Laporan | N4: Responsi | W4: Proses Asistensi | AF4: Kemampuan Praktek
D5: 1 | E5: 2 | F5: 3 | G5: 4 | H5: 5 | I5: 6 | J5: 7 | K5: 8 | L5: Rata-rata | M5: Rata-rata | N5: 1 | O5: 2 | P5: 3 | Q5: 4 | R5: 5 | S5: 6 | T5: 7 | U5: 8 | V5: Rata-rata | W5: 1 | X5: 2 | Y5: 3 | Z5: 4 | AA5: 5 | AB5: 6 | AC5: 7 | AD5: 8 | AE5: Rata-rata | AF5: 1 | AG5: 2 | AH5: 3 | AI5: 4 | AJ5: 5 | AK5: 6 | AL5: 7 | AM5: 8 | AN5: Rata-rata
A6: ='INPUT DAFTAR PESERTA'!A4 -> 1 | B6: ='INPUT DAFTAR PESERTA'!B4 -> 2109046048 | C6: ='INPUT DAFTAR PESERTA'!C4 -> Rafif Fitriansyah Nasution | D6: 100 | E6: 100 | F6: 100 | G6: 100 | H6: 100 | I6: 100 | J6: 100 | K6: 100 | L6: =(D6+E6+F6+G6+H6+I6+J6+K6)/8 -> 100 | M6: ='PENULISAN LAPORAN'!N5 -> 75.0625 | N6: 0 | O6: 0 | P6: 0 | Q6: 0 | R6: 0 | S6: 0 | T6: 0 | U6: 0 | V6: =(N6+O6+P6+Q6+R6+S6+T6+U6)/8 -> 0 | W6: 60 | X6: 30 | Y6: 70 | Z6: 70 | AA6: 30 | AB6: 60 | AC6: 30 | AD6: 30 | AE6: =(W6+X6+Y6+Z6+AA6+AB6+AC6+AD6)/8 -> 47.5 | AF6: ='KEMAMPUAN PRAKTIKUM'!H6 -> 57 | AG6: ='KEMAMPUAN PRAKTIKUM'!M6 -> 75 | AH6: ='KEMAMPUAN PRAKTIKUM'!R6 -> 90 | AI6: ='KEMAMPUAN PRAKTIKUM'!W6 -> 90 | AJ6: ='KEMAMPUAN PRAKTIKUM'!AB6 -> 78 | AK6: ='KEMAMPUAN PRAKTIKUM'!AG6 -> 63 | AL6: ='KEMAMPUAN PRAKTIKUM'!AL6 -> 87 | AM6: ='KEMAMPUAN PRAKTIKUM'!AQ6 -> 57 | AN6: =AVERAGE(AF6:AM6) -> 74.625
A7: ='INPUT DAFTAR PESERTA'!A5 -> 2 | B7: ='INPUT DAFTAR PESERTA'!B5 -> 2109046053 | C7: ='INPUT DAFTAR PESERTA'!C5 -> Muhamaad Rizky Ramdani | D7: 100 | E7: 100 | F7: 100 | G7: 100 | H7: 100 | I7: 100 | J7: 100 | K7: 100 | L7: =(D7+E7+F7+G7+H7+I7+J7+K7)/8 -> 100 | M7: ='PENULISAN LAPORAN'!N6 -> 63.5 | N7: 0 | O7: 0 | P7: 0 | Q7: 0 | R7: 0 | S7: 0 | T7: 0 | U7: 60 | V7: =(N7+O7+P7+Q7+R7+S7+T7+U7)/8 -> 7.5 | W7: 60 | X7: 30 | Y7: 70 | Z7: 30 | AA7: 30 | AB7: 60 | AC7: 30 | AD7: 30 | AE7: =(W7+X7+Y7+Z7+AA7+AB7+AC7+AD7)/8 -> 42.5 | AF7: ='KEMAMPUAN PRAKTIKUM'!H7 -> 81 | AG7: ='KEMAMPUAN PRAKTIKUM'!M7 -> 60 | AH7: ='KEMAMPUAN PRAKTIKUM'!R7 -> 75 | AI7: ='KEMAMPUAN PRAKTIKUM'!W7 -> 90 | AJ7: ='KEMAMPUAN PRAKTIKUM'!AB7 -> 78 | AK7: ='KEMAMPUAN PRAKTIKUM'!AG7 -> 63 | AL7: ='KEMAMPUAN PRAKTIKUM'!AL7 -> 72 | AM7: ='KEMAMPUAN PRAKTIKUM'!AQ7 -> 57 | AN7: =AVERAGE(AF7:AM7) -> 72
A8: ='INPUT DAFTAR PESERTA'!A6 -> 3 | B8: ='INPUT DAFTAR PESERTA'!B6 -> 2409046015 | C8: ='INPUT DAFTAR PESERTA'!C6 -> Nur Fadillah Septadi | D8: 100 | E8: 100 | F8: 100 | G8: 100 | H8: 100 | I8: 100 | J8: 100 | K8: 100 | L8: =(D8+E8+F8+G8+H8+I8+J8+K8)/8 -> 100 | M8: ='PENULISAN LAPORAN'!N7 -> 66.5625 | N8: 62 | O8: 62 | P8: 62 | Q8: 62 | R8: 62 | S8: 62 | T8: 62 | U8: 62 | V8: =(N8+O8+P8+Q8+R8+S8+T8+U8)/8 -> 62 | W8: 30 | X8: 30 | Y8: 70 | Z8: 70 | AA8: 30 | AB8: 30 | AC8: 30 | AD8: 0 | AE8: =(W8+X8+Y8+Z8+AA8+AB8+AC8+AD8)/8 -> 36.25 | AF8: ='KEMAMPUAN PRAKTIKUM'!H8 -> 63 | AG8: ='KEMAMPUAN PRAKTIKUM'!M8 -> 75 | AH8: ='KEMAMPUAN PRAKTIKUM'!R8 -> 90 | AI8: ='KEMAMPUAN PRAKTIKUM'!W8 -> 90 | AJ8: ='KEMAMPUAN PRAKTIKUM'!AB8 -> 87 | AK8: ='KEMAMPUAN PRAKTIKUM'!AG8 -> 60 | AL8: ='KEMAMPUAN PRAKTIKUM'!AL8 -> 72 | AM8: ='KEMAMPUAN PRAKTIKUM'!AQ8 -> 57 | AN8: =AVERAGE(AF8:AM8) -> 74.25
A9: ='INPUT DAFTAR PESERTA'!A7 -> 4 | B9: ='INPUT DAFTAR PESERTA'!B7 -> 2409046026 | C9: ='INPUT DAFTAR PESERTA'!C7 -> Aisha Aqmarina Fathiyya Hawwa | D9: 100 | E9: 100 | F9: 100 | G9: 100 | H9: 100 | I9: 100 | J9: 100 | K9: 100 | L9: =(D9+E9+F9+G9+H9+I9+J9+K9)/8 -> 100 | M9: ='PENULISAN LAPORAN'!N8 -> 68.6875 | N9: 0 | O9: 0 | P9: 0 | Q9: 0 | R9: 0 | S9: 0 | T9: 0 | U9: 0 | V9: =(N9+O9+P9+Q9+R9+S9+T9+U9)/8 -> 0 | W9: 30 | X9: 30 | Y9: 80 | Z9: 70 | AA9: 70 | AB9: 30 | AC9: 30 | AD9: 0 | AE9: =(W9+X9+Y9+Z9+AA9+AB9+AC9+AD9)/8 -> 42.5 | AF9: ='KEMAMPUAN PRAKTIKUM'!H9 -> 78 | AG9: ='KEMAMPUAN PRAKTIKUM'!M9 -> 90 | AH9: ='KEMAMPUAN PRAKTIKUM'!R9 -> 75 | AI9: ='KEMAMPUAN PRAKTIKUM'!W9 -> 75 | AJ9: ='KEMAMPUAN PRAKTIKUM'!AB9 -> 30 | AK9: ='KEMAMPUAN PRAKTIKUM'!AG9 -> 63 | AL9: ='KEMAMPUAN PRAKTIKUM'!AL9 -> 57 | AM9: ='KEMAMPUAN PRAKTIKUM'!AQ9 -> 90 | AN9: =AVERAGE(AF9:AM9) -> 69.75
A10: ='INPUT DAFTAR PESERTA'!A8 -> 5 | B10: ='INPUT DAFTAR PESERTA'!B8 -> 2409046027 | C10: ='INPUT DAFTAR PESERTA'!C8 -> Faykar Alfarisi Armadani | D10: 100 | E10: 100 | F10: 100 | G10: 100 | H10: 100 | I10: 100 | J10: 100 | K10: 100 | L10: =(D10+E10+F10+G10+H10+I10+J10+K10)/8 -> 100 | M10: ='PENULISAN LAPORAN'!N9 -> 69.5625 | N10: 0 | O10: 0 | P10: 0 | Q10: 0 | R10: 0 | S10: 0 | T10: 0 | U10: 0 | V10: =(N10+O10+P10+Q10+R10+S10+T10+U10)/8 -> 0 | W10: 70 | X10: 70 | Y10: 70 | Z10: 70 | AA10: 80 | AB10: 30 | AC10: 60 | AD10: 70 | AE10: =(W10+X10+Y10+Z10+AA10+AB10+AC10+AD10)/8 -> 65 | AF10: ='KEMAMPUAN PRAKTIKUM'!H10 -> 60 | AG10: ='KEMAMPUAN PRAKTIKUM'!M10 -> 75 | AH10: ='KEMAMPUAN PRAKTIKUM'!R10 -> 75 | AI10: ='KEMAMPUAN PRAKTIKUM'!W10 -> 75 | AJ10: ='KEMAMPUAN PRAKTIKUM'!AB10 -> 90 | AK10: ='KEMAMPUAN PRAKTIKUM'!AG10 -> 63 | AL10: ='KEMAMPUAN PRAKTIKUM'!AL10 -> 87 | AM10: ='KEMAMPUAN PRAKTIKUM'!AQ10 -> 60 | AN10: =AVERAGE(AF10:AM10) -> 73.125
A11: ='INPUT DAFTAR PESERTA'!A9 -> 6 | B11: ='INPUT DAFTAR PESERTA'!B9 -> 2409046034 | C11: ='INPUT DAFTAR PESERTA'!C9 -> Annisa Nurdin | D11: 100 | E11: 100 | F11: 100 | G11: 100 | H11: 100 | I11: 100 | K11: 100 | L11: =(D11+E11+F11+G11+H11+I11+J11+K11)/8 -> 87.5 | M11: ='PENULISAN LAPORAN'!N10 -> 66 | N11: 0 | O11: 0 | P11: 0 | Q11: 0 | R11: 0 | S11: 0 | T11: 0 | U11: 0 | V11: =(N11+O11+P11+Q11+R11+S11+T11+U11)/8 -> 0 | W11: 30 | X11: 30 | Y11: 30 | Z11: 30 | AA11: 30 | AB11: 30 | AC11: 60 | AD11: 0 | AE11: =(W11+X11+Y11+Z11+AA11+AB11+AC11+AD11)/8 -> 30 | AF11: ='KEMAMPUAN PRAKTIKUM'!H11 -> 60 | AG11: ='KEMAMPUAN PRAKTIKUM'!M11 -> 90 | AH11: ='KEMAMPUAN PRAKTIKUM'!R11 -> 90 | AI11: ='KEMAMPUAN PRAKTIKUM'!W11 -> 90 | AJ11: ='KEMAMPUAN PRAKTIKUM'!AB11 -> 90 | AK11: ='KEMAMPUAN PRAKTIKUM'!AG11 -> 63 | AL11: ='KEMAMPUAN PRAKTIKUM'!AL11 -> 87 | AM11: ='KEMAMPUAN PRAKTIKUM'!AQ11 -> 57 | AN11: =AVERAGE(AF11:AM11) -> 78.375
A12: ='INPUT DAFTAR PESERTA'!A10 -> 7 | B12: ='INPUT DAFTAR PESERTA'!B10 -> 2409046042 | C12: ='INPUT DAFTAR PESERTA'!C10 -> Aflahal Aula | D12: 100 | E12: 100 | F12: 100 | G12: 100 | H12: 100 | I12: 100 | J12: 100 | K12: 100 | L12: =(D12+E12+F12+G12+H12+I12+J12+K12)/8 -> 100 | M12: ='PENULISAN LAPORAN'!N11 -> 75.3125 | N12: 96 | O12: 96 | P12: 96 | Q12: 96 | R12: 96 | S12: 96 | T12: 96 | U12: 96 | V12: =(N12+O12+P12+Q12+R12+S12+T12+U12)/8 -> 96 | W12: 30 | X12: 30 | Y12: 80 | Z12: 70 | AA12: 80 | AB12: 30 | AC12: 30 | AD12: 60 | AE12: =(W12+X12+Y12+Z12+AA12+AB12+AC12+AD12)/8 -> 51.25 | AF12: ='KEMAMPUAN PRAKTIKUM'!H12 -> 60 | AG12: ='KEMAMPUAN PRAKTIKUM'!M12 -> 60 | AH12: ='KEMAMPUAN PRAKTIKUM'!R12 -> 90 | AI12: ='KEMAMPUAN PRAKTIKUM'!W12 -> 90 | AJ12: ='KEMAMPUAN PRAKTIKUM'!AB12 -> 90 | AK12: ='KEMAMPUAN PRAKTIKUM'!AG12 -> 63 | AL12: ='KEMAMPUAN PRAKTIKUM'!AL12 -> 87 | AM12: ='KEMAMPUAN PRAKTIKUM'!AQ12 -> 60 | AN12: =AVERAGE(AF12:AM12) -> 75
A13: ='INPUT DAFTAR PESERTA'!A11 -> 8 | B13: ='INPUT DAFTAR PESERTA'!B11 -> 2409046045 | C13: ='INPUT DAFTAR PESERTA'!C11 -> Jofan Ananda Sulle | D13: 100 | E13: 100 | F13: 100 | G13: 100 | H13: 100 | I13: 100 | J13: 100 | K13: 100 | L13: =(D13+E13+F13+G13+H13+I13+J13+K13)/8 -> 100 | M13: ='PENULISAN LAPORAN'!N12 -> 73.1875 | N13: 0 | O13: 0 | P13: 0 | Q13: 0 | R13: 0 | S13: 0 | T13: 0 | U13: 0 | V13: =(N13+O13+P13+Q13+R13+S13+T13+U13)/8 -> 0 | W13: 30 | X13: 80 | Y13: 80 | Z13: 70 | AA13: 60 | AB13: 30 | AC13: 30 | AD13: 60 | AE13: =(W13+X13+Y13+Z13+AA13+AB13+AC13+AD13)/8 -> 55 | AF13: ='KEMAMPUAN PRAKTIKUM'!H13 -> 60 | AG13: ='KEMAMPUAN PRAKTIKUM'!M13 -> 75 | AH13: ='KEMAMPUAN PRAKTIKUM'!R13 -> 90 | AI13: ='KEMAMPUAN PRAKTIKUM'!W13 -> 90 | AJ13: ='KEMAMPUAN PRAKTIKUM'!AB13 -> 90 | AK13: ='KEMAMPUAN PRAKTIKUM'!AG13 -> 63 | AL13: ='KEMAMPUAN PRAKTIKUM'!AL13 -> 57 | AM13: ='KEMAMPUAN PRAKTIKUM'!AQ13 -> 60 | AN13: =AVERAGE(AF13:AM13) -> 73.125
A14: ='INPUT DAFTAR PESERTA'!A12 -> 9 | B14: ='INPUT DAFTAR PESERTA'!B12 -> 2409046046 | C14: ='INPUT DAFTAR PESERTA'!C12 -> Muhammad Ananda Harisyah Putra | D14: 100 | E14: 100 | F14: 100 | G14: 100 | H14: 100 | I14: 100 | J14: 100 | K14: 100 | L14: =(D14+E14+F14+G14+H14+I14+J14+K14)/8 -> 100 | M14: ='PENULISAN LAPORAN'!N13 -> 81.1875 | N14: 98 | O14: 98 | P14: 98 | Q14: 98 | R14: 98 | S14: 98 | T14: 98 | U14: 98 | V14: =(N14+O14+P14+Q14+R14+S14+T14+U14)/8 -> 98 | W14: 70 | X14: 60 | Y14: 70 | Z14: 80 | AA14: 80 | AB14: 30 | AC14: 80 | AD14: 30 | AE14: =(W14+X14+Y14+Z14+AA14+AB14+AC14+AD14)/8 -> 62.5 | AF14: ='KEMAMPUAN PRAKTIKUM'!H14 -> 90 | AG14: ='KEMAMPUAN PRAKTIKUM'!M14 -> 90 | AH14: ='KEMAMPUAN PRAKTIKUM'!R14 -> 90 | AI14: ='KEMAMPUAN PRAKTIKUM'!W14 -> 90 | AJ14: ='KEMAMPUAN PRAKTIKUM'!AB14 -> 90 | AK14: ='KEMAMPUAN PRAKTIKUM'!AG14 -> 60 | AL14: ='KEMAMPUAN PRAKTIKUM'!AL14 -> 87 | AM14: ='KEMAMPUAN PRAKTIKUM'!AQ14 -> 60 | AN14: =AVERAGE(AF14:AM14) -> 82.125
A15: ='INPUT DAFTAR PESERTA'!A13 -> 10 | B15: ='INPUT DAFTAR PESERTA'!B13 -> 2409046048 | C15: ='INPUT DAFTAR PESERTA'!C13 -> Zaid Iman At-Tamam | D15: 100 | E15: 100 | F15: 100 | G15: 100 | H15: 100 | I15: 100 | J15: 100 | K15: 100 | L15: =(D15+E15+F15+G15+H15+I15+J15+K15)/8 -> 100 | M15: ='PENULISAN LAPORAN'!N14 -> 63 | N15: 48 | O15: 48 | P15: 48 | Q15: 48 | R15: 48 | S15: 48 | T15: 48 | U15: 48 | V15: =(N15+O15+P15+Q15+R15+S15+T15+U15)/8 -> 48 | W15: 70 | X15: 60 | Y15: 30 | Z15: 70 | AA15: 80 | AB15: 30 | AC15: 60 | AD15: 30 | AE15: =(W15+X15+Y15+Z15+AA15+AB15+AC15+AD15)/8 -> 53.75 | AF15: ='KEMAMPUAN PRAKTIKUM'!H15 -> 75 | AG15: ='KEMAMPUAN PRAKTIKUM'!M15 -> 75 | AH15: ='KEMAMPUAN PRAKTIKUM'!R15 -> 75 | AI15: ='KEMAMPUAN PRAKTIKUM'!W15 -> 75 | AJ15: ='KEMAMPUAN PRAKTIKUM'!AB15 -> 90 | AK15: ='KEMAMPUAN PRAKTIKUM'!AG15 -> 60 | AL15: ='KEMAMPUAN PRAKTIKUM'!AL15 -> 72 | AM15: ='KEMAMPUAN PRAKTIKUM'!AQ15 -> 60 | AN15: =AVERAGE(AF15:AM15) -> 72.75
A16: ='INPUT DAFTAR PESERTA'!A14 -> 11 | B16: ='INPUT DAFTAR PESERTA'!B14 -> 2409046050 | C16: ='INPUT DAFTAR PESERTA'!C14 -> Fachri Zia Pasha | D16: 100 | E16: 100 | F16: 100 | G16: 100 | H16: 100 | I16: 100 | J16: 100 | K16: 100 | L16: =(D16+E16+F16+G16+H16+I16+J16+K16)/8 -> 100 | M16: ='PENULISAN LAPORAN'!N15 -> 75.5 | N16: 96 | O16: 96 | P16: 96 | Q16: 96 | R16: 96 | S16: 96 | T16: 96 | U16: 96 | V16: =(N16+O16+P16+Q16+R16+S16+T16+U16)/8 -> 96 | W16: 70 | X16: 70 | Y16: 80 | Z16: 70 | AA16: 80 | AB16: 30 | AC16: 60 | AD16: 70 | AE16: =(W16+X16+Y16+Z16+AA16+AB16+AC16+AD16)/8 -> 66.25 | AF16: ='KEMAMPUAN PRAKTIKUM'!H16 -> 90 | AG16: ='KEMAMPUAN PRAKTIKUM'!M16 -> 90 | AH16: ='KEMAMPUAN PRAKTIKUM'!R16 -> 90 | AI16: ='KEMAMPUAN PRAKTIKUM'!W16 -> 90 | AJ16: ='KEMAMPUAN PRAKTIKUM'!AB16 -> 90 | AK16: ='KEMAMPUAN PRAKTIKUM'!AG16 -> 60 | AL16: ='KEMAMPUAN PRAKTIKUM'!AL16 -> 87 | AM16: ='KEMAMPUAN PRAKTIKUM'!AQ16 -> 75 | AN16: =AVERAGE(AF16:AM16) -> 84
A17: ='INPUT DAFTAR PESERTA'!A15 -> 12 | B17: ='INPUT DAFTAR PESERTA'!B15 -> 2409046051 | C17: ='INPUT DAFTAR PESERTA'!C15 -> Aziffa Reisazalea | D17: 100 | E17: 100 | F17: 100 | G17: 100 | H17: 100 | I17: 100 | J17: 100 | K17: 100 | L17: =(D17+E17+F17+G17+H17+I17+J17+K17)/8 -> 100 | M17: ='PENULISAN LAPORAN'!N16 -> 83.5625 | N17: 94 | O17: 94 | P17: 94 | Q17: 94 | R17: 94 | S17: 94 | T17: 94 | U17: 94 | V17: =(N17+O17+P17+Q17+R17+S17+T17+U17)/8 -> 94 | W17: 60 | X17: 80 | Y17: 70 | Z17: 70 | AA17: 80 | AB17: 80 | AC17: 80 | AD17: 30 | AE17: =(W17+X17+Y17+Z17+AA17+AB17+AC17+AD17)/8 -> 68.75 | AF17: ='KEMAMPUAN PRAKTIKUM'!H17 -> 90 | AG17: ='KEMAMPUAN PRAKTIKUM'!M17 -> 90 | AH17: ='KEMAMPUAN PRAKTIKUM'!R17 -> 90 | AI17: ='KEMAMPUAN PRAKTIKUM'!W17 -> 90 | AJ17: ='KEMAMPUAN PRAKTIKUM'!AB17 -> 90 | AK17: ='KEMAMPUAN PRAKTIKUM'!AG17 -> 60 | AL17: ='KEMAMPUAN PRAKTIKUM'!AL17 -> 87 | AM17: ='KEMAMPUAN PRAKTIKUM'!AQ17 -> 75 | AN17: =AVERAGE(AF17:AM17) -> 84
A18: ='INPUT DAFTAR PESERTA'!A16 -> 13 | B18: ='INPUT DAFTAR PESERTA'!B16 -> 2409046054 | C18: ='INPUT DAFTAR PESERTA'!C16 -> Suci Andra Pramitha | D18: 100 | E18: 100 | F18: 100 | G18: 100 | H18: 100 | I18: 100 | J18: 100 | K18: 100 | L18: =(D18+E18+F18+G18+H18+I18+J18+K18)/8 -> 100 | M18: ='PENULISAN LAPORAN'!N17 -> 51.625 | N18: 0 | O18: 0 | P18: 0 | Q18: 0 | R18: 0 | S18: 0 | T18: 0 | U18: 0 | V18: =(N18+O18+P18+Q18+R18+S18+T18+U18)/8 -> 0 | W18: 30 | X18: 30 | Y18: 30 | Z18: 30 | AA18: 30 | AB18: 30 | AC18: 60 | AD18: 30 | AE18: =(W18+X18+Y18+Z18+AA18+AB18+AC18+AD18)/8 -> 33.75 | AF18: ='KEMAMPUAN PRAKTIKUM'!H18 -> 87 | AG18: ='KEMAMPUAN PRAKTIKUM'!M18 -> 60 | AH18: ='KEMAMPUAN PRAKTIKUM'!R18 -> 60 | AI18: ='KEMAMPUAN PRAKTIKUM'!W18 -> 90 | AJ18: ='KEMAMPUAN PRAKTIKUM'!AB18 -> 60 | AK18: ='KEMAMPUAN PRAKTIKUM'!AG18 -> 75 | AL18: ='KEMAMPUAN PRAKTIKUM'!AL18 -> 87 | AM18: ='KEMAMPUAN PRAKTIKUM'!AQ18 -> 57 | AN18: =AVERAGE(AF18:AM18) -> 72
A19: ='INPUT DAFTAR PESERTA'!A17 -> 14 | B19: ='INPUT DAFTAR PESERTA'!B17 -> 2409046056 | C19: ='INPUT DAFTAR PESERTA'!C17 -> Reira Praditha | D19: 100 | E19: 100 | F19: 100 | G19: 100 | H19: 100 | I19: 100 | J19: 100 | K19: 100 | L19: =(D19+E19+F19+G19+H19+I19+J19+K19)/8 -> 100 | M19: ='PENULISAN LAPORAN'!N18 -> 77.0625 | N19: 92 | O19: 92 | P19: 92 | Q19: 92 | R19: 92 | S19: 92 | T19: 92 | U19: 92 | V19: =(N19+O19+P19+Q19+R19+S19+T19+U19)/8 -> 92 | W19: 30 | X19: 60 | Y19: 70 | Z19: 80 | AA19: 80 | AB19: 70 | AC19: 30 | AD19: 60 | AE19: =(W19+X19+Y19+Z19+AA19+AB19+AC19+AD19)/8 -> 60 | AF19: ='KEMAMPUAN PRAKTIKUM'!H19 -> 81 | AG19: ='KEMAMPUAN PRAKTIKUM'!M19 -> 90 | AH19: ='KEMAMPUAN PRAKTIKUM'!R19 -> 75 | AI19: ='KEMAMPUAN PRAKTIKUM'!W19 -> 90 | AJ19: ='KEMAMPUAN PRAKTIKUM'!AB19 -> 90 | AK19: ='KEMAMPUAN PRAKTIKUM'!AG19 -> 75 | AL19: ='KEMAMPUAN PRAKTIKUM'!AL19 -> 57 | AM19: ='KEMAMPUAN PRAKTIKUM'!AQ19 -> 75 | AN19: =AVERAGE(AF19:AM19) -> 79.125
A20: ='INPUT DAFTAR PESERTA'!A18 -> 15 | B20: ='INPUT DAFTAR PESERTA'!B18 -> 2409046060 | C20: ='INPUT DAFTAR PESERTA'!C18 -> Ainaya Salsabila | D20: 100 | E20: 100 | F20: 100 | G20: 100 | H20: 100 | I20: 100 | J20: 100 | K20: 100 | L20: =(D20+E20+F20+G20+H20+I20+J20+K20)/8 -> 100 | M20: ='PENULISAN LAPORAN'!N19 -> 83.9375 | N20: 98 | O20: 98 | P20: 98 | Q20: 98 | R20: 98 | S20: 98 | T20: 98 | U20: 98 | V20: =(N20+O20+P20+Q20+R20+S20+T20+U20)/8 -> 98 | W20: 70 | X20: 60 | Y20: 80 | Z20: 80 | AA20: 70 | AB20: 70 | AC20: 80 | AD20: 30 | AE20: =(W20+X20+Y20+Z20+AA20+AB20+AC20+AD20)/8 -> 67.5 | AF20: ='KEMAMPUAN PRAKTIKUM'!H20 -> 81 | AG20: ='KEMAMPUAN PRAKTIKUM'!M20 -> 90 | AH20: ='KEMAMPUAN PRAKTIKUM'!R20 -> 87 | AI20: ='KEMAMPUAN PRAKTIKUM'!W20 -> 90 | AJ20: ='KEMAMPUAN PRAKTIKUM'!AB20 -> 90 | AK20: ='KEMAMPUAN PRAKTIKUM'!AG20 -> 75 | AL20: ='KEMAMPUAN PRAKTIKUM'!AL20 -> 87 | AM20: ='KEMAMPUAN PRAKTIKUM'!AQ20 -> 60 | AN20: =AVERAGE(AF20:AM20) -> 82.5
A21: ='INPUT DAFTAR PESERTA'!A19 -> 16 | B21: ='INPUT DAFTAR PESERTA'!B19 -> 2504096069 | C21: ='INPUT DAFTAR PESERTA'!C19 -> Hafidz Ihsan Izzuddin | D21: 100 | F21: 100 | H21: 100 | I21: 100 | K21: 100 | L21: =(D21+E21+F21+G21+H21+I21+J21+K21)/8 -> 62.5 | M21: ='PENULISAN LAPORAN'!N20 -> 9.125 | N21: 94 | O21: 94 | P21: 94 | Q21: 94 | R21: 94 | S21: 94 | T21: 94 | U21: 94 | V21: =(N21+O21+P21+Q21+R21+S21+T21+U21)/8 -> 94 | AA21: 0 | AE21: =(W21+X21+Y21+Z21+AA21+AB21+AC21+AD21)/8 -> 0 | AF21: ='KEMAMPUAN PRAKTIKUM'!H21 -> 75 | AG21: ='KEMAMPUAN PRAKTIKUM'!M21 -> 30 | AH21: ='KEMAMPUAN PRAKTIKUM'!R21 -> 54 | AI21: ='KEMAMPUAN PRAKTIKUM'!W21 -> 0 | AJ21: ='KEMAMPUAN PRAKTIKUM'!AB21 -> 30 | AK21: ='KEMAMPUAN PRAKTIKUM'!AG21 -> 75 | AL21: ='KEMAMPUAN PRAKTIKUM'!AL21 -> 57 | AM21: ='KEMAMPUAN PRAKTIKUM'!AQ21 -> 0 | AN21: =AVERAGE(AF21:AM21) -> 40.125
A22: ='INPUT DAFTAR PESERTA'!A20 -> 17 | B22: ='INPUT DAFTAR PESERTA'!B20 -> 2509046001 | C22: ='INPUT DAFTAR PESERTA'!C20 -> Nurman Dwi Prasetyo | D22: 100 | E22: 100 | F22: 100 | G22: 100 | H22: 100 | I22: 100 | J22: 100 | K22: 100 | L22: =(D22+E22+F22+G22+H22+I22+J22+K22)/8 -> 100 | M22: ='PENULISAN LAPORAN'!N21 -> 55.875 | N22: 88 | O22: 88 | P22: 88 | Q22: 88 | R22: 88 | S22: 88 | T22: 88 | U22: 88 | V22: =(N22+O22+P22+Q22+R22+S22+T22+U22)/8 -> 88 | W22: 60 | X22: 70 | Y22: 70 | Z22: 70 | AA22: 70 | AB22: 70 | AC22: 30 | AD22: 60 | AE22: =(W22+X22+Y22+Z22+AA22+AB22+AC22+AD22)/8 -> 62.5 | AF22: ='KEMAMPUAN PRAKTIKUM'!H22 -> 60 | AG22: ='KEMAMPUAN PRAKTIKUM'!M22 -> 75 | AH22: ='KEMAMPUAN PRAKTIKUM'!R22 -> 60 | AI22: ='KEMAMPUAN PRAKTIKUM'!W22 -> 90 | AJ22: ='KEMAMPUAN PRAKTIKUM'!AB22 -> 60 | AK22: ='KEMAMPUAN PRAKTIKUM'!AG22 -> 75 | AL22: ='KEMAMPUAN PRAKTIKUM'!AL22 -> 57 | AM22: ='KEMAMPUAN PRAKTIKUM'!AQ22 -> 60 | AN22: =AVERAGE(AF22:AM22) -> 67.125
A23: ='INPUT DAFTAR PESERTA'!A21 -> 18 | B23: ='INPUT DAFTAR PESERTA'!B21 -> 2509046002 | C23: ='INPUT DAFTAR PESERTA'!C21 -> Farid Akmal | D23: 100 | E23: 100 | F23: 100 | G23: 100 | H23: 100 | I23: 100 | J23: 100 | K23: 100 | L23: =(D23+E23+F23+G23+H23+I23+J23+K23)/8 -> 100 | M23: ='PENULISAN LAPORAN'!N22 -> 76.75 | N23: 96 | O23: 96 | P23: 96 | Q23: 96 | R23: 96 | S23: 96 | T23: 96 | U23: 96 | V23: =(N23+O23+P23+Q23+R23+S23+T23+U23)/8 -> 96 | W23: 80 | X23: 70 | Y23: 80 | Z23: 80 | AA23: 70 | AB23: 80 | AC23: 80 | AD23: 60 | AE23: =(W23+X23+Y23+Z23+AA23+AB23+AC23+AD23)/8 -> 75 | AF23: ='KEMAMPUAN PRAKTIKUM'!H23 -> 75 | AG23: ='KEMAMPUAN PRAKTIKUM'!M23 -> 75 | AH23: ='KEMAMPUAN PRAKTIKUM'!R23 -> 66 | AI23: ='KEMAMPUAN PRAKTIKUM'!W23 -> 75 | AJ23: ='KEMAMPUAN PRAKTIKUM'!AB23 -> 60 | AK23: ='KEMAMPUAN PRAKTIKUM'!AG23 -> 75 | AL23: ='KEMAMPUAN PRAKTIKUM'!AL23 -> 72 | AM23: ='KEMAMPUAN PRAKTIKUM'!AQ23 -> 90 | AN23: =AVERAGE(AF23:AM23) -> 73.5
A24: ='INPUT DAFTAR PESERTA'!A22 -> 19 | B24: ='INPUT DAFTAR PESERTA'!B22 -> 2509046003 | C24: ='INPUT DAFTAR PESERTA'!C22 -> Azzahra Tusitha | D24: 100 | E24: 100 | F24: 100 | G24: 100 | H24: 100 | I24: 100 | J24: 100 | K24: 100 | L24: =(D24+E24+F24+G24+H24+I24+J24+K24)/8 -> 100 | M24: ='PENULISAN LAPORAN'!N23 -> 82.5 | N24: 76 | O24: 76 | P24: 76 | Q24: 76 | R24: 76 | S24: 76 | T24: 76 | U24: 76 | V24: =(N24+O24+P24+Q24+R24+S24+T24+U24)/8 -> 76 | W24: 70 | X24: 80 | Y24: 80 | Z24: 70 | AA24: 70 | AB24: 80 | AC24: 70 | AD24: 70 | AE24: =(W24+X24+Y24+Z24+AA24+AB24+AC24+AD24)/8 -> 73.75 | AF24: ='KEMAMPUAN PRAKTIKUM'!H24 -> 75 | AG24: ='KEMAMPUAN PRAKTIKUM'!M24 -> 90 | AH24: ='KEMAMPUAN PRAKTIKUM'!R24 -> 90 | AI24: ='KEMAMPUAN PRAKTIKUM'!W24 -> 90 | AJ24: ='KEMAMPUAN PRAKTIKUM'!AB24 -> 60 | AK24: ='KEMAMPUAN PRAKTIKUM'!AG24 -> 90 | AL24: ='KEMAMPUAN PRAKTIKUM'!AL24 -> 87 | AM24: ='KEMAMPUAN PRAKTIKUM'!AQ24 -> 90 | AN24: =AVERAGE(AF24:AM24) -> 84
A25: ='INPUT DAFTAR PESERTA'!A23 -> 20 | B25: ='INPUT DAFTAR PESERTA'!B23 -> 2509046004 | C25: ='INPUT DAFTAR PESERTA'!C23 -> Ahmadia Syarifah Lauradinta | D25: 100 | E25: 100 | F25: 100 | G25: 100 | H25: 100 | I25: 100 | J25: 100 | K25: 100 | L25: =(D25+E25+F25+G25+H25+I25+J25+K25)/8 -> 100 | M25: ='PENULISAN LAPORAN'!N24 -> 55.8125 | N25: 88 | O25: 88 | P25: 88 | Q25: 88 | R25: 88 | S25: 88 | T25: 88 | U25: 88 | V25: =(N25+O25+P25+Q25+R25+S25+T25+U25)/8 -> 88 | W25: 60 | X25: 70 | Y25: 70 | Z25: 70 | AA25: 70 | AB25: 70 | AC25: 30 | AD25: 70 | AE25: =(W25+X25+Y25+Z25+AA25+AB25+AC25+AD25)/8 -> 63.75 | AF25: ='KEMAMPUAN PRAKTIKUM'!H25 -> 54 | AG25: ='KEMAMPUAN PRAKTIKUM'!M25 -> 81 | AH25: ='KEMAMPUAN PRAKTIKUM'!R25 -> 90 | AI25: ='KEMAMPUAN PRAKTIKUM'!W25 -> 45 | AJ25: ='KEMAMPUAN PRAKTIKUM'!AB25 -> 90 | AK25: ='KEMAMPUAN PRAKTIKUM'!AG25 -> 75 | AL25: ='KEMAMPUAN PRAKTIKUM'!AL25 -> 57 | AM25: ='KEMAMPUAN PRAKTIKUM'!AQ25 -> 60 | AN25: =AVERAGE(AF25:AM25) -> 69
A26: ='INPUT DAFTAR PESERTA'!A24 -> 21 | B26: ='INPUT DAFTAR PESERTA'!B24 -> 2509046005 | C26: ='INPUT DAFTAR PESERTA'!C24 -> Seysa Puji Annura | D26: 100 | E26: 100 | F26: 100 | G26: 100 | H26: 100 | I26: 100 | J26: 100 | K26: 100 | L26: =(D26+E26+F26+G26+H26+I26+J26+K26)/8 -> 100 | M26: ='PENULISAN LAPORAN'!N25 -> 44.09375 | N26: 46 | O26: 46 | P26: 46 | Q26: 46 | R26: 46 | S26: 46 | T26: 46 | U26: 46 | V26: =(N26+O26+P26+Q26+R26+S26+T26+U26)/8 -> 46 | W26: 70 | X26: 30 | Y26: 80 | Z26: 70 | AA26: 70 | AB26: 60 | AC26: 30 | AD26: 30 | AE26: =(W26+X26+Y26+Z26+AA26+AB26+AC26+AD26)/8 -> 55 | AF26: ='KEMAMPUAN PRAKTIKUM'!H26 -> 54 | AG26: ='KEMAMPUAN PRAKTIKUM'!M26 -> 51 | AH26: ='KEMAMPUAN PRAKTIKUM'!R26 -> 60 | AI26: ='KEMAMPUAN PRAKTIKUM'!W26 -> 60 | AJ26: ='KEMAMPUAN PRAKTIKUM'!AB26 -> 45 | AK26: ='KEMAMPUAN PRAKTIKUM'!AG26 -> 90 | AL26: ='KEMAMPUAN PRAKTIKUM'!AL26 -> 57 | AM26: ='KEMAMPUAN PRAKTIKUM'!AQ26 -> 45 | AN26: =AVERAGE(AF26:AM26) -> 57.75
A27: ='INPUT DAFTAR PESERTA'!A25 -> 22 | B27: ='INPUT DAFTAR PESERTA'!B25 -> 2509046006 | C27: ='INPUT DAFTAR PESERTA'!C25 -> Gita Ramadhani Supriyadi | H27: 100 | I27: 100 | J27: 100 | K27: 100 | L27: =(D27+E27+F27+G27+H27+I27+J27+K27)/8 -> 50 | M27: ='PENULISAN LAPORAN'!N26 -> 0 | N27: 0 | O27: 0 | P27: 0 | Q27: 0 | R27: 0 | S27: 0 | T27: 0 | U27: 0 | V27: =(N27+O27+P27+Q27+R27+S27+T27+U27)/8 -> 0 | AA27: 0 | AE27: =(W27+X27+Y27+Z27+AA27+AB27+AC27+AD27)/8 -> 0 | AF27: ='KEMAMPUAN PRAKTIKUM'!H27 -> 0 | AG27: ='KEMAMPUAN PRAKTIKUM'!M27 -> 30 | AH27: ='KEMAMPUAN PRAKTIKUM'!R27 -> 0 | AI27: ='KEMAMPUAN PRAKTIKUM'!W27 -> 0 | AJ27: ='KEMAMPUAN PRAKTIKUM'!AB27 -> 30 | AK27: ='KEMAMPUAN PRAKTIKUM'!AG27 -> 0 | AL27: ='KEMAMPUAN PRAKTIKUM'!AL27 -> 0 | AM27: ='KEMAMPUAN PRAKTIKUM'!AQ27 -> 0 | AN27: =AVERAGE(AF27:AM27) -> 7.5
A28: ='INPUT DAFTAR PESERTA'!A26 -> 23 | B28: ='INPUT DAFTAR PESERTA'!B26 -> 2509046007 | C28: ='INPUT DAFTAR PESERTA'!C26 -> Fabio Cannavaro Sinaga | D28: 100 | E28: 100 | F28: 100 | G28: 100 | H28: 100 | I28: 100 | J28: 100 | K28: 100 | L28: =(D28+E28+F28+G28+H28+I28+J28+K28)/8 -> 100 | M28: ='PENULISAN LAPORAN'!N27 -> 75.9375 | N28: 0 | O28: 0 | P28: 0 | Q28: 0 | R28: 0 | S28: 0 | T28: 0 | U28: 0 | V28: =(N28+O28+P28+Q28+R28+S28+T28+U28)/8 -> 0 | W28: 30 | X28: 70 | Y28: 70 | Z28: 70 | AA28: 70 | AB28: 70 | AC28: 70 | AD28: 80 | AE28: =(W28+X28+Y28+Z28+AA28+AB28+AC28+AD28)/8 -> 66.25 | AF28: ='KEMAMPUAN PRAKTIKUM'!H28 -> 90 | AG28: ='KEMAMPUAN PRAKTIKUM'!M28 -> 69 | AH28: ='KEMAMPUAN PRAKTIKUM'!R28 -> 90 | AI28: ='KEMAMPUAN PRAKTIKUM'!W28 -> 90 | AJ28: ='KEMAMPUAN PRAKTIKUM'!AB28 -> 75 | AK28: ='KEMAMPUAN PRAKTIKUM'!AG28 -> 75 | AL28: ='KEMAMPUAN PRAKTIKUM'!AL28 -> 72 | AM28: ='KEMAMPUAN PRAKTIKUM'!AQ28 -> 60 | AN28: =AVERAGE(AF28:AM28) -> 77.625
A29: ='INPUT DAFTAR PESERTA'!A27 -> 24 | B29: ='INPUT DAFTAR PESERTA'!B27 -> 2509046008 | C29: ='INPUT DAFTAR PESERTA'!C27 -> Hayatun Nisa | D29: 100 | E29: 100 | F29: 100 | G29: 100 | H29: 100 | I29: 100 | J29: 100 | K29: 100 | L29: =(D29+E29+F29+G29+H29+I29+J29+K29)/8 -> 100 | M29: ='PENULISAN LAPORAN'!N28 -> 58.625 | N29: 96 | O29: 96 | P29: 96 | Q29: 96 | R29: 96 | S29: 96 | T29: 96 | U29: 96 | V29: =(N29+O29+P29+Q29+R29+S29+T29+U29)/8 -> 96 | W29: 30 | X29: 70 | Y29: 80 | Z29: 70 | AA29: 70 | AB29: 30 | AC29: 60 | AD29: 80 | AE29: =(W29+X29+Y29+Z29+AA29+AB29+AC29+AD29)/8 -> 61.25 | AF29: ='KEMAMPUAN PRAKTIKUM'!H29 -> 75 | AG29: ='KEMAMPUAN PRAKTIKUM'!M29 -> 60 | AH29: ='KEMAMPUAN PRAKTIKUM'!R29 -> 75 | AI29: ='KEMAMPUAN PRAKTIKUM'!W29 -> 60 | AJ29: ='KEMAMPUAN PRAKTIKUM'!AB29 -> 75 | AK29: ='KEMAMPUAN PRAKTIKUM'!AG29 -> 63 | AL29: ='KEMAMPUAN PRAKTIKUM'!AL29 -> 57 | AM29: ='KEMAMPUAN PRAKTIKUM'!AQ29 -> 60 | AN29: =AVERAGE(AF29:AM29) -> 65.625
A30: ='INPUT DAFTAR PESERTA'!A28 -> 25 | B30: ='INPUT DAFTAR PESERTA'!B28 -> 2509046009 | C30: ='INPUT DAFTAR PESERTA'!C28 -> Khalilah Denissa Ardia Cahyani | D30: 100 | E30: 100 | F30: 100 | G30: 80 | H30: 90 | I30: 100 | J30: 100 | K30: 100 | L30: =(D30+E30+F30+G30+H30+I30+J30+K30)/8 -> 96.25 | M30: ='PENULISAN LAPORAN'!N29 -> 36.875 | N30: 90 | O30: 90 | P30: 90 | Q30: 90 | R30: 90 | S30: 90 | T30: 90 | U30: 90 | V30: =(N30+O30+P30+Q30+R30+S30+T30+U30)/8 -> 90 | W30: 30 | X30: 30 | Y30: 80 | Z30: 30 | AA30: 30 | AB30: 30 | AC30: 30 | AD30: 30 | AE30: =(W30+X30+Y30+Z30+AA30+AB30+AC30+AD30)/8 -> 36.25 | AF30: ='KEMAMPUAN PRAKTIKUM'!H30 -> 75 | AG30: ='KEMAMPUAN PRAKTIKUM'!M30 -> 60 | AH30: ='KEMAMPUAN PRAKTIKUM'!R30 -> 75 | AI30: ='KEMAMPUAN PRAKTIKUM'!W30 -> 72 | AJ30: ='KEMAMPUAN PRAKTIKUM'!AB30 -> 72 | AK30: ='KEMAMPUAN PRAKTIKUM'!AG30 -> 63 | AL30: ='KEMAMPUAN PRAKTIKUM'!AL30 -> 57 | AM30: ='KEMAMPUAN PRAKTIKUM'!AQ30 -> 0 | AN30: =AVERAGE(AF30:AM30) -> 59.25
A31: ='INPUT DAFTAR PESERTA'!A29 -> 26 | B31: ='INPUT DAFTAR PESERTA'!B29 -> 2509046010 | C31: ='INPUT DAFTAR PESERTA'!C29 -> Athila Nadya Zalikha | D31: 100 | H31: 100 | I31: 100 | J31: 100 | K31: 100 | L31: =(D31+E31+F31+G31+H31+I31+J31+K31)/8 -> 62.5 | M31: ='PENULISAN LAPORAN'!N30 -> 10.5625 | N31: 62 | O31: 62 | P31: 62 | Q31: 62 | R31: 62 | S31: 62 | T31: 62 | U31: 62 | V31: =(N31+O31+P31+Q31+R31+S31+T31+U31)/8 -> 62 | W31: 30 | X31: 30 | Y31: 0 | Z31: 0 | AA31: 0 | AB31: 0 | AC31: 0 | AD31: 0 | AE31: =(W31+X31+Y31+Z31+AA31+AB31+AC31+AD31)/8 -> 7.5 | AF31: ='KEMAMPUAN PRAKTIKUM'!H31 -> 75 | AG31: ='KEMAMPUAN PRAKTIKUM'!M31 -> 30 | AH31: ='KEMAMPUAN PRAKTIKUM'!R31 -> 0 | AI31: ='KEMAMPUAN PRAKTIKUM'!W31 -> 0 | AJ31: ='KEMAMPUAN PRAKTIKUM'!AB31 -> 75 | AK31: ='KEMAMPUAN PRAKTIKUM'!AG31 -> 63 | AL31: ='KEMAMPUAN PRAKTIKUM'!AL31 -> 57 | AM31: ='KEMAMPUAN PRAKTIKUM'!AQ31 -> 0 | AN31: =AVERAGE(AF31:AM31) -> 37.5
A32: ='INPUT DAFTAR PESERTA'!A30 -> 27 | B32: ='INPUT DAFTAR PESERTA'!B30 -> 2509046011 | C32: ='INPUT DAFTAR PESERTA'!C30 -> Aditya Pratama | D32: 100 | E32: 100 | F32: 100 | H32: 100 | I32: 100 | J32: 100 | K32: 100 | L32: =(D32+E32+F32+G32+H32+I32+J32+K32)/8 -> 87.5 | M32: ='PENULISAN LAPORAN'!N31 -> 4.6875 | N32: 98 | O32: 98 | P32: 98 | Q32: 98 | R32: 98 | S32: 98 | T32: 98 | U32: 98 | V32: =(N32+O32+P32+Q32+R32+S32+T32+U32)/8 -> 98 | W32: 30 | X32: 30 | Y32: 0 | Z32: 0 | AA32: 0 | AB32: 0 | AC32: 0 | AD32: 0 | AE32: =(W32+X32+Y32+Z32+AA32+AB32+AC32+AD32)/8 -> 7.5 | AF32: ='KEMAMPUAN PRAKTIKUM'!H32 -> 75 | AG32: ='KEMAMPUAN PRAKTIKUM'!M32 -> 60 | AH32: ='KEMAMPUAN PRAKTIKUM'!R32 -> 0 | AI32: ='KEMAMPUAN PRAKTIKUM'!W32 -> 0 | AJ32: ='KEMAMPUAN PRAKTIKUM'!AB32 -> 30 | AK32: ='KEMAMPUAN PRAKTIKUM'!AG32 -> 0 | AL32: ='KEMAMPUAN PRAKTIKUM'!AL32 -> 57 | AM32: ='KEMAMPUAN PRAKTIKUM'!AQ32 -> 0 | AN32: =AVERAGE(AF32:AM32) -> 27.75
A33: ='INPUT DAFTAR PESERTA'!A31 -> 28 | B33: ='INPUT DAFTAR PESERTA'!B31 -> 2509046012 | C33: ='INPUT DAFTAR PESERTA'!C31 -> Atiiqah Permata Hati | D33: 100 | E33: 100 | F33: 100 | G33: 100 | H33: 100 | I33: 100 | J33: 100 | K33: 100 | L33: =(D33+E33+F33+G33+H33+I33+J33+K33)/8 -> 100 | M33: ='PENULISAN LAPORAN'!N32 -> 43.625 | N33: 94 | O33: 94 | P33: 94 | Q33: 94 | R33: 94 | S33: 94 | T33: 94 | U33: 94 | V33: =(N33+O33+P33+Q33+R33+S33+T33+U33)/8 -> 94 | W33: 70 | X33: 0 | Y33: 30 | Z33: 70 | AA33: 30 | AB33: 30 | AC33: 60 | AD33: 30 | AE33: =(W33+X33+Y33+Z33+AA33+AB33+AC33+AD33)/8 -> 40 | AF33: ='KEMAMPUAN PRAKTIKUM'!H33 -> 60 | AG33: ='KEMAMPUAN PRAKTIKUM'!M33 -> 45 | AH33: ='KEMAMPUAN PRAKTIKUM'!R33 -> 57 | AI33: ='KEMAMPUAN PRAKTIKUM'!W33 -> 60 | AJ33: ='KEMAMPUAN PRAKTIKUM'!AB33 -> 54 | AK33: ='KEMAMPUAN PRAKTIKUM'!AG33 -> 63 | AL33: ='KEMAMPUAN PRAKTIKUM'!AL33 -> 57 | AM33: ='KEMAMPUAN PRAKTIKUM'!AQ33 -> 60 | AN33: =AVERAGE(AF33:AM33) -> 57
A34: ='INPUT DAFTAR PESERTA'!A32 -> 29 | B34: ='INPUT DAFTAR PESERTA'!B32 -> 2509046013 | C34: ='INPUT DAFTAR PESERTA'!C32 -> Yolanda Denis Aprilia | D34: 100 | E34: 100 | F34: 100 | G34: 100 | H34: 100 | I34: 100 | J34: 100 | K34: 100 | L34: =(D34+E34+F34+G34+H34+I34+J34+K34)/8 -> 100 | M34: ='PENULISAN LAPORAN'!N33 -> 54.9375 | N34: 0 | O34: 0 | P34: 0 | Q34: 0 | R34: 0 | S34: 0 | T34: 0 | U34: 0 | V34: =(N34+O34+P34+Q34+R34+S34+T34+U34)/8 -> 0 | W34: 70 | X34: 30 | Y34: 80 | Z34: 70 | AA34: 70 | AB34: 30 | AC34: 60 | AD34: 30 | AE34: =(W34+X34+Y34+Z34+AA34+AB34+AC34+AD34)/8 -> 55 | AF34: ='KEMAMPUAN PRAKTIKUM'!H34 -> 75 | AG34: ='KEMAMPUAN PRAKTIKUM'!M34 -> 45 | AH34: ='KEMAMPUAN PRAKTIKUM'!R34 -> 75 | AI34: ='KEMAMPUAN PRAKTIKUM'!W34 -> 60 | AJ34: ='KEMAMPUAN PRAKTIKUM'!AB34 -> 54 | AK34: ='KEMAMPUAN PRAKTIKUM'!AG34 -> 63 | AL34: ='KEMAMPUAN PRAKTIKUM'!AL34 -> 57 | AM34: ='KEMAMPUAN PRAKTIKUM'!AQ34 -> 60 | AN34: =AVERAGE(AF34:AM34) -> 61.125
A35: ='INPUT DAFTAR PESERTA'!A33 -> 30 | B35: ='INPUT DAFTAR PESERTA'!B33 -> 2509046014 | C35: ='INPUT DAFTAR PESERTA'!C33 -> Farah Najma | D35: 100 | E35: 100 | F35: 100 | G35: 100 | H35: 100 | I35: 100 | J35: 100 | K35: 100 | L35: =(D35+E35+F35+G35+H35+I35+J35+K35)/8 -> 100 | M35: ='PENULISAN LAPORAN'!N34 -> 39 | N35: 100 | O35: 100 | P35: 100 | Q35: 100 | R35: 100 | S35: 100 | T35: 100 | U35: 100 | V35: =(N35+O35+P35+Q35+R35+S35+T35+U35)/8 -> 100 | W35: 70 | X35: 60 | Y35: 0 | Z35: 30 | AA35: 70 | AB35: 30 | AC35: 30 | AD35: 70 | AE35: =(W35+X35+Y35+Z35+AA35+AB35+AC35+AD35)/8 -> 45 | AF35: ='KEMAMPUAN PRAKTIKUM'!H35 -> 75 | AG35: ='KEMAMPUAN PRAKTIKUM'!M35 -> 45 | AH35: ='KEMAMPUAN PRAKTIKUM'!R35 -> 57 | AI35: ='KEMAMPUAN PRAKTIKUM'!W35 -> 60 | AJ35: ='KEMAMPUAN PRAKTIKUM'!AB35 -> 60 | AK35: ='KEMAMPUAN PRAKTIKUM'!AG35 -> 63 | AL35: ='KEMAMPUAN PRAKTIKUM'!AL35 -> 57 | AM35: ='KEMAMPUAN PRAKTIKUM'!AQ35 -> 60 | AN35: =AVERAGE(AF35:AM35) -> 59.625
A36: ='INPUT DAFTAR PESERTA'!A34 -> 31 | B36: ='INPUT DAFTAR PESERTA'!B34 -> 2509046015 | C36: ='INPUT DAFTAR PESERTA'!C34 -> Muhammad Abdul Mu'in | D36: 100 | E36: 100 | F36: 100 | G36: 100 | H36: 100 | I36: 100 | J36: 100 | K36: 100 | L36: =(D36+E36+F36+G36+H36+I36+J36+K36)/8 -> 100 | M36: ='PENULISAN LAPORAN'!N35 -> 59.0625 | N36: 98 | O36: 98 | P36: 98 | Q36: 98 | R36: 98 | S36: 98 | T36: 98 | U36: 98 | V36: =(N36+O36+P36+Q36+R36+S36+T36+U36)/8 -> 98 | W36: 70 | X36: 30 | Y36: 80 | Z36: 70 | AA36: 70 | AB36: 30 | AC36: 60 | AD36: 70 | AE36: =(W36+X36+Y36+Z36+AA36+AB36+AC36+AD36)/8 -> 60 | AF36: ='KEMAMPUAN PRAKTIKUM'!H36 -> 66 | AG36: ='KEMAMPUAN PRAKTIKUM'!M36 -> 45 | AH36: ='KEMAMPUAN PRAKTIKUM'!R36 -> 60 | AI36: ='KEMAMPUAN PRAKTIKUM'!W36 -> 60 | AJ36: ='KEMAMPUAN PRAKTIKUM'!AB36 -> 60 | AK36: ='KEMAMPUAN PRAKTIKUM'!AG36 -> 63 | AL36: ='KEMAMPUAN PRAKTIKUM'!AL36 -> 60 | AM36: ='KEMAMPUAN PRAKTIKUM'!AQ36 -> 60 | AN36: =AVERAGE(AF36:AM36) -> 59.25
A37: ='INPUT DAFTAR PESERTA'!A35 -> 32 | B37: ='INPUT DAFTAR PESERTA'!B35 -> 2509046016 | C37: ='INPUT DAFTAR PESERTA'!C35 -> Muhammad Rofiq Al-Hakim | D37: 100 | F37: 100 | G37: 100 | H37: 95 | I37: 100 | J37: 100 | K37: 100 | L37: =(D37+E37+F37+G37+H37+I37+J37+K37)/8 -> 86.875 | M37: ='PENULISAN LAPORAN'!N36 -> 15.05625 | N37: 94 | O37: 94 | P37: 94 | Q37: 94 | R37: 94 | S37: 94 | T37: 94 | U37: 94 | V37: =(N37+O37+P37+Q37+R37+S37+T37+U37)/8 -> 94 | W37: 30 | AA37: 0 | AE37: =(W37+X37+Y37+Z37+AA37+AB37+AC37+AD37)/8 -> 3.75 | AF37: ='KEMAMPUAN PRAKTIKUM'!H37 -> 78 | AG37: ='KEMAMPUAN PRAKTIKUM'!M37 -> 30 | AH37: ='KEMAMPUAN PRAKTIKUM'!R37 -> 0 | AI37: ='KEMAMPUAN PRAKTIKUM'!W37 -> 60 | AJ37: ='KEMAMPUAN PRAKTIKUM'!AB37 -> 78 | AK37: ='KEMAMPUAN PRAKTIKUM'!AG37 -> 63 | AL37: ='KEMAMPUAN PRAKTIKUM'!AL37 -> 87 | AM37: ='KEMAMPUAN PRAKTIKUM'!AQ37 -> 57 | AN37: =AVERAGE(AF37:AM37) -> 56.625
A38: ='INPUT DAFTAR PESERTA'!A36 -> 33 | B38: ='INPUT DAFTAR PESERTA'!B36 -> 2509046017 | C38: ='INPUT DAFTAR PESERTA'!C36 -> Nadia Eka Pratiwi | D38: 100 | E38: 100 | F38: 100 | G38: 100 | H38: 100 | I38: 100 | J38: 100 | K38: 100 | L38: =(D38+E38+F38+G38+H38+I38+J38+K38)/8 -> 100 | M38: ='PENULISAN LAPORAN'!N37 -> 76.375 | N38: 84 | O38: 84 | P38: 84 | Q38: 84 | R38: 84 | S38: 84 | T38: 84 | U38: 84 | V38: =(N38+O38+P38+Q38+R38+S38+T38+U38)/8 -> 84 | W38: 70 | X38: 80 | Y38: 80 | Z38: 70 | AA38: 70 | AB38: 80 | AC38: 80 | AD38: 80 | AE38: =(W38+X38+Y38+Z38+AA38+AB38+AC38+AD38)/8 -> 76.25 | AF38: ='KEMAMPUAN PRAKTIKUM'!H38 -> 90 | AG38: ='KEMAMPUAN PRAKTIKUM'!M38 -> 30 | AH38: ='KEMAMPUAN PRAKTIKUM'!R38 -> 75 | AI38: ='KEMAMPUAN PRAKTIKUM'!W38 -> 75 | AJ38: ='KEMAMPUAN PRAKTIKUM'!AB38 -> 84 | AK38: ='KEMAMPUAN PRAKTIKUM'!AG38 -> 63 | AL38: ='KEMAMPUAN PRAKTIKUM'!AL38 -> 87 | AM38: ='KEMAMPUAN PRAKTIKUM'!AQ38 -> 87 | AN38: =AVERAGE(AF38:AM38) -> 73.875
A39: ='INPUT DAFTAR PESERTA'!A37 -> 34 | B39: ='INPUT DAFTAR PESERTA'!B37 -> 2509046018 | C39: ='INPUT DAFTAR PESERTA'!C37 -> Rayhana Erda Affiyah | D39: 100 | E39: 100 | F39: 100 | G39: 100 | H39: 100 | I39: 100 | J39: 100 | K39: 100 | L39: =(D39+E39+F39+G39+H39+I39+J39+K39)/8 -> 100 | M39: ='PENULISAN LAPORAN'!N38 -> 78.53125 | N39: 70 | O39: 70 | P39: 70 | Q39: 70 | R39: 70 | S39: 70 | T39: 70 | U39: 70 | V39: =(N39+O39+P39+Q39+R39+S39+T39+U39)/8 -> 70 | W39: 70 | X39: 70 | Y39: 70 | Z39: 70 | AA39: 70 | AB39: 80 | AC39: 70 | AD39: 80 | AE39: =(W39+X39+Y39+Z39+AA39+AB39+AC39+AD39)/8 -> 72.5 | AF39: ='KEMAMPUAN PRAKTIKUM'!H39 -> 72 | AG39: ='KEMAMPUAN PRAKTIKUM'!M39 -> 30 | AH39: ='KEMAMPUAN PRAKTIKUM'!R39 -> 90 | AI39: ='KEMAMPUAN PRAKTIKUM'!W39 -> 90 | AJ39: ='KEMAMPUAN PRAKTIKUM'!AB39 -> 84 | AK39: ='KEMAMPUAN PRAKTIKUM'!AG39 -> 63 | AL39: ='KEMAMPUAN PRAKTIKUM'!AL39 -> 87 | AM39: ='KEMAMPUAN PRAKTIKUM'!AQ39 -> 72 | AN39: =AVERAGE(AF39:AM39) -> 73.5
A40: ='INPUT DAFTAR PESERTA'!A38 -> 35 | B40: ='INPUT DAFTAR PESERTA'!B38 -> 2509046019 | C40: ='INPUT DAFTAR PESERTA'!C38 -> Astrina Nadhiroh Illiyin | D40: 100 | E40: 100 | F40: 100 | G40: 100 | H40: 100 | I40: 100 | J40: 100 | K40: 100 | L40: =(D40+E40+F40+G40+H40+I40+J40+K40)/8 -> 100 | M40: ='PENULISAN LAPORAN'!N39 -> 71.375 | N40: 100 | O40: 100 | P40: 100 | Q40: 100 | R40: 100 | S40: 100 | T40: 100 | U40: 100 | V40: =(N40+O40+P40+Q40+R40+S40+T40+U40)/8 -> 100 | W40: 70 | X40: 60 | Y40: 70 | Z40: 70 | AA40: 70 | AB40: 70 | AC40: 80 | AD40: 30 | AE40: =(W40+X40+Y40+Z40+AA40+AB40+AC40+AD40)/8 -> 65 | AF40: ='KEMAMPUAN PRAKTIKUM'!H40 -> 75 | AG40: ='KEMAMPUAN PRAKTIKUM'!M40 -> 30 | AH40: ='KEMAMPUAN PRAKTIKUM'!R40 -> 90 | AI40: ='KEMAMPUAN PRAKTIKUM'!W40 -> 90 | AJ40: ='KEMAMPUAN PRAKTIKUM'!AB40 -> 84 | AK40: ='KEMAMPUAN PRAKTIKUM'!AG40 -> 63 | AL40: ='KEMAMPUAN PRAKTIKUM'!AL40 -> 87 | AM40: ='KEMAMPUAN PRAKTIKUM'!AQ40 -> 64.5 | AN40: =AVERAGE(AF40:AM40) -> 72.9375
A41: ='INPUT DAFTAR PESERTA'!A39 -> 36 | B41: ='INPUT DAFTAR PESERTA'!B39 -> 2509046020 | C41: ='INPUT DAFTAR PESERTA'!C39 -> Muhammad Davindia Akmaluza | D41: 100 | H41: 100 | I41: 100 | J41: 100 | K41: 100 | L41: =(D41+E41+F41+G41+H41+I41+J41+K41)/8 -> 62.5 | M41: ='PENULISAN LAPORAN'!N40 -> 3 | N41: 0 | O41: 0 | P41: 0 | Q41: 0 | R41: 0 | S41: 0 | T41: 0 | U41: 0 | V41: =(N41+O41+P41+Q41+R41+S41+T41+U41)/8 -> 0 | W41: 30 | AA41: 0 | AE41: =(W41+X41+Y41+Z41+AA41+AB41+AC41+AD41)/8 -> 3.75 | AF41: ='KEMAMPUAN PRAKTIKUM'!H41 -> 60 | AG41: ='KEMAMPUAN PRAKTIKUM'!M41 -> 30 | AH41: ='KEMAMPUAN PRAKTIKUM'!R41 -> 0 | AI41: ='KEMAMPUAN PRAKTIKUM'!W41 -> 0 | AJ41: ='KEMAMPUAN PRAKTIKUM'!AB41 -> 30 | AK41: ='KEMAMPUAN PRAKTIKUM'!AG41 -> 63 | AL41: ='KEMAMPUAN PRAKTIKUM'!AL41 -> 57 | AM41: ='KEMAMPUAN PRAKTIKUM'!AQ41 -> 0 | AN41: =AVERAGE(AF41:AM41) -> 30
A42: ='INPUT DAFTAR PESERTA'!A40 -> 37 | B42: ='INPUT DAFTAR PESERTA'!B40 -> 2509046021 | C42: ='INPUT DAFTAR PESERTA'!C40 -> Muhammad Naufal Sabilillah | D42: 100 | E42: 100 | F42: 100 | G42: 80 | H42: 100 | I42: 100 | J42: 100 | K42: 100 | L42: =(D42+E42+F42+G42+H42+I42+J42+K42)/8 -> 97.5 | M42: ='PENULISAN LAPORAN'!N41 -> 84.8125 | N42: 94 | O42: 94 | P42: 94 | Q42: 94 | R42: 94 | S42: 94 | T42: 94 | U42: 94 | V42: =(N42+O42+P42+Q42+R42+S42+T42+U42)/8 -> 94 | W42: 80 | X42: 70 | Y42: 70 | Z42: 70 | AA42: 70 | AB42: 80 | AC42: 80 | AD42: 70 | AE42: =(W42+X42+Y42+Z42+AA42+AB42+AC42+AD42)/8 -> 73.75 | AF42: ='KEMAMPUAN PRAKTIKUM'!H42 -> 75 | AG42: ='KEMAMPUAN PRAKTIKUM'!M42 -> 45 | AH42: ='KEMAMPUAN PRAKTIKUM'!R42 -> 90 | AI42: ='KEMAMPUAN PRAKTIKUM'!W42 -> 90 | AJ42: ='KEMAMPUAN PRAKTIKUM'!AB42 -> 90 | AK42: ='KEMAMPUAN PRAKTIKUM'!AG42 -> 63 | AL42: ='KEMAMPUAN PRAKTIKUM'!AL42 -> 87 | AM42: ='KEMAMPUAN PRAKTIKUM'!AQ42 -> 72 | AN42: =AVERAGE(AF42:AM42) -> 76.5
A43: ='INPUT DAFTAR PESERTA'!A41 -> 38 | B43: ='INPUT DAFTAR PESERTA'!B41 -> 2509046022 | C43: ='INPUT DAFTAR PESERTA'!C41 -> Miranda Nur Salsabila | D43: 100 | E43: 100 | F43: 100 | G43: 100 | H43: 100 | I43: 100 | J43: 100 | K43: 100 | L43: =(D43+E43+F43+G43+H43+I43+J43+K43)/8 -> 100 | M43: ='PENULISAN LAPORAN'!N42 -> 66.425 | N43: 84 | O43: 84 | P43: 84 | Q43: 84 | R43: 84 | S43: 84 | T43: 84 | U43: 84 | V43: =(N43+O43+P43+Q43+R43+S43+T43+U43)/8 -> 84 | W43: 70 | X43: 70 | Y43: 80 | Z43: 70 | AA43: 80 | AB43: 70 | AC43: 80 | AD43: 80 | AE43: =(W43+X43+Y43+Z43+AA43+AB43+AC43+AD43)/8 -> 75 | AF43: ='KEMAMPUAN PRAKTIKUM'!H43 -> 72 | AG43: ='KEMAMPUAN PRAKTIKUM'!M43 -> 45 | AH43: ='KEMAMPUAN PRAKTIKUM'!R43 -> 60 | AI43: ='KEMAMPUAN PRAKTIKUM'!W43 -> 60 | AJ43: ='KEMAMPUAN PRAKTIKUM'!AB43 -> 75 | AK43: ='KEMAMPUAN PRAKTIKUM'!AG43 -> 63 | AL43: ='KEMAMPUAN PRAKTIKUM'!AL43 -> 87 | AM43: ='KEMAMPUAN PRAKTIKUM'!AQ43 -> 57 | AN43: =AVERAGE(AF43:AM43) -> 64.875
A44: ='INPUT DAFTAR PESERTA'!A42 -> 39 | B44: ='INPUT DAFTAR PESERTA'!B42 -> 2509046023 | C44: ='INPUT DAFTAR PESERTA'!C42 -> Dinar Rahmatheta | D44: 100 | E44: 100 | F44: 100 | G44: 100 | H44: 100 | I44: 100 | J44: 100 | K44: 100 | L44: =(D44+E44+F44+G44+H44+I44+J44+K44)/8 -> 100 | M44: ='PENULISAN LAPORAN'!N43 -> 72.3625 | N44: 100 | O44: 100 | P44: 100 | Q44: 100 | R44: 100 | S44: 100 | T44: 100 | U44: 100 | V44: =(N44+O44+P44+Q44+R44+S44+T44+U44)/8 -> 100 | W44: 70 | X44: 70 | Y44: 70 | Z44: 70 | AA44: 70 | AB44: 60 | AC44: 80 | AD44: 60 | AE44: =(W44+X44+Y44+Z44+AA44+AB44+AC44+AD44)/8 -> 68.75 | AF44: ='KEMAMPUAN PRAKTIKUM'!H44 -> 87 | AG44: ='KEMAMPUAN PRAKTIKUM'!M44 -> 45 | AH44: ='KEMAMPUAN PRAKTIKUM'!R44 -> 60 | AI44: ='KEMAMPUAN PRAKTIKUM'!W44 -> 60 | AJ44: ='KEMAMPUAN PRAKTIKUM'!AB44 -> 78 | AK44: ='KEMAMPUAN PRAKTIKUM'!AG44 -> 63 | AL44: ='KEMAMPUAN PRAKTIKUM'!AL44 -> 87 | AM44: ='KEMAMPUAN PRAKTIKUM'!AQ44 -> 72 | AN44: =AVERAGE(AF44:AM44) -> 69
A45: ='INPUT DAFTAR PESERTA'!A43 -> 40 | B45: ='INPUT DAFTAR PESERTA'!B43 -> 2509046024 | C45: ='INPUT DAFTAR PESERTA'!C43 -> Muh. Yasir Naufal | D45: 100 | H45: 100 | I45: 100 | J45: 100 | K45: 100 | L45: =(D45+E45+F45+G45+H45+I45+J45+K45)/8 -> 62.5 | M45: ='PENULISAN LAPORAN'!N44 -> 6.4375 | N45: 0 | O45: 0 | P45: 0 | Q45: 0 | R45: 0 | S45: 0 | T45: 0 | U45: 0 | V45: =(N45+O45+P45+Q45+R45+S45+T45+U45)/8 -> 0 | W45: 30 | AA45: 0 | AE45: =(W45+X45+Y45+Z45+AA45+AB45+AC45+AD45)/8 -> 3.75 | AF45: ='KEMAMPUAN PRAKTIKUM'!H45 -> 60 | AG45: ='KEMAMPUAN PRAKTIKUM'!M45 -> 30 | AH45: ='KEMAMPUAN PRAKTIKUM'!R45 -> 0 | AI45: ='KEMAMPUAN PRAKTIKUM'!W45 -> 0 | AJ45: ='KEMAMPUAN PRAKTIKUM'!AB45 -> 30 | AK45: ='KEMAMPUAN PRAKTIKUM'!AG45 -> 90 | AL45: ='KEMAMPUAN PRAKTIKUM'!AL45 -> 57 | AM45: ='KEMAMPUAN PRAKTIKUM'!AQ45 -> 0 | AN45: =AVERAGE(AF45:AM45) -> 33.375
A46: ='INPUT DAFTAR PESERTA'!A44 -> 41 | B46: ='INPUT DAFTAR PESERTA'!B44 -> 2509046025 | C46: ='INPUT DAFTAR PESERTA'!C44 -> Andi Nada Bunga Zahra | D46: 100 | E46: 100 | F46: 100 | G46: 100 | H46: 100 | I46: 100 | J46: 100 | K46: 100 | L46: =(D46+E46+F46+G46+H46+I46+J46+K46)/8 -> 100 | M46: ='PENULISAN LAPORAN'!N45 -> 67.6875 | N46: 92 | O46: 92 | P46: 92 | Q46: 92 | R46: 92 | S46: 92 | T46: 92 | U46: 92 | V46: =(N46+O46+P46+Q46+R46+S46+T46+U46)/8 -> 92 | W46: 70 | X46: 80 | Y46: 80 | Z46: 70 | AA46: 70 | AB46: 30 | AC46: 80 | AD46: 80 | AE46: =(W46+X46+Y46+Z46+AA46+AB46+AC46+AD46)/8 -> 70 | AF46: ='KEMAMPUAN PRAKTIKUM'!H46 -> 75 | AG46: ='KEMAMPUAN PRAKTIKUM'!M46 -> 90 | AH46: ='KEMAMPUAN PRAKTIKUM'!R46 -> 75 | AI46: ='KEMAMPUAN PRAKTIKUM'!W46 -> 60 | AJ46: ='KEMAMPUAN PRAKTIKUM'!AB46 -> 57 | AK46: ='KEMAMPUAN PRAKTIKUM'!AG46 -> 75 | AL46: ='KEMAMPUAN PRAKTIKUM'!AL46 -> 90 | AM46: ='KEMAMPUAN PRAKTIKUM'!AQ46 -> 90 | AN46: =AVERAGE(AF46:AM46) -> 76.5
A47: ='INPUT DAFTAR PESERTA'!A45 -> 42 | B47: ='INPUT DAFTAR PESERTA'!B45 -> 2509046026 | C47: ='INPUT DAFTAR PESERTA'!C45 -> Nabil Rafif Makarim | D47: 100 | F47: 100 | G47: 100 | H47: 100 | I47: 100 | J47: 100 | K47: 100 | L47: =(D47+E47+F47+G47+H47+I47+J47+K47)/8 -> 87.5 | M47: ='PENULISAN LAPORAN'!N46 -> 49.875 | N47: 0 | O47: 0 | P47: 0 | Q47: 0 | R47: 0 | S47: 0 | T47: 0 | U47: 0 | V47: =(N47+O47+P47+Q47+R47+S47+T47+U47)/8 -> 0 | W47: 80 | X47: 30 | Y47: 70 | Z47: 70 | AA47: 60 | AB47: 30 | AC47: 70 | AD47: 30 | AE47: =(W47+X47+Y47+Z47+AA47+AB47+AC47+AD47)/8 -> 55 | AF47: ='KEMAMPUAN PRAKTIKUM'!H47 -> 75 | AG47: ='KEMAMPUAN PRAKTIKUM'!M47 -> 30 | AH47: ='KEMAMPUAN PRAKTIKUM'!R47 -> 60 | AI47: ='KEMAMPUAN PRAKTIKUM'!W47 -> 60 | AJ47: ='KEMAMPUAN PRAKTIKUM'!AB47 -> 57 | AK47: ='KEMAMPUAN PRAKTIKUM'!AG47 -> 63 | AL47: ='KEMAMPUAN PRAKTIKUM'!AL47 -> 75 | AM47: ='KEMAMPUAN PRAKTIKUM'!AQ47 -> 60 | AN47: =AVERAGE(AF47:AM47) -> 60
A48: ='INPUT DAFTAR PESERTA'!A46 -> 43 | B48: ='INPUT DAFTAR PESERTA'!B46 -> 2509046027 | C48: ='INPUT DAFTAR PESERTA'!C46 -> Natasya Camelia Az-Zahra | D48: 100 | E48: 100 | F48: 100 | G48: 100 | H48: 100 | I48: 100 | J48: 100 | K48: 100 | L48: =(D48+E48+F48+G48+H48+I48+J48+K48)/8 -> 100 | M48: ='PENULISAN LAPORAN'!N47 -> 71.1875 | N48: 96 | O48: 96 | P48: 96 | Q48: 96 | R48: 96 | S48: 96 | T48: 96 | U48: 96 | V48: =(N48+O48+P48+Q48+R48+S48+T48+U48)/8 -> 96 | W48: 80 | X48: 70 | Y48: 70 | Z48: 70 | AA48: 70 | AB48: 70 | AC48: 30 | AD48: 80 | AE48: =(W48+X48+Y48+Z48+AA48+AB48+AC48+AD48)/8 -> 67.5 | AF48: ='KEMAMPUAN PRAKTIKUM'!H48 -> 90 | AG48: ='KEMAMPUAN PRAKTIKUM'!M48 -> 75 | AH48: ='KEMAMPUAN PRAKTIKUM'!R48 -> 75 | AI48: ='KEMAMPUAN PRAKTIKUM'!W48 -> 60 | AJ48: ='KEMAMPUAN PRAKTIKUM'!AB48 -> 57 | AK48: ='KEMAMPUAN PRAKTIKUM'!AG48 -> 75 | AL48: ='KEMAMPUAN PRAKTIKUM'!AL48 -> 90 | AM48: ='KEMAMPUAN PRAKTIKUM'!AQ48 -> 90 | AN48: =AVERAGE(AF48:AM48) -> 76.5
A49: ='INPUT DAFTAR PESERTA'!A47 -> 44 | B49: ='INPUT DAFTAR PESERTA'!B47 -> 2509046028 | C49: ='INPUT DAFTAR PESERTA'!C47 -> Afirah Al Abidah | D49: 100 | E49: 100 | F49: 100 | G49: 100 | H49: 100 | I49: 100 | J49: 100 | K49: 100 | L49: =(D49+E49+F49+G49+H49+I49+J49+K49)/8 -> 100 | M49: ='PENULISAN LAPORAN'!N48 -> 28.1875 | N49: 86 | O49: 86 | P49: 86 | Q49: 86 | R49: 86 | S49: 86 | T49: 86 | U49: 86 | V49: =(N49+O49+P49+Q49+R49+S49+T49+U49)/8 -> 86 | W49: 30 | X49: 30 | Y49: 30 | Z49: 30 | AA49: 30 | AB49: 30 | AC49: 30 | AD49: 30 | AE49: =(W49+X49+Y49+Z49+AA49+AB49+AC49+AD49)/8 -> 30 | AF49: ='KEMAMPUAN PRAKTIKUM'!H49 -> 51 | AG49: ='KEMAMPUAN PRAKTIKUM'!M49 -> 30 | AH49: ='KEMAMPUAN PRAKTIKUM'!R49 -> 60 | AI49: ='KEMAMPUAN PRAKTIKUM'!W49 -> 60 | AJ49: ='KEMAMPUAN PRAKTIKUM'!AB49 -> 54 | AK49: ='KEMAMPUAN PRAKTIKUM'!AG49 -> 90 | AL49: ='KEMAMPUAN PRAKTIKUM'!AL49 -> 60 | AM49: ='KEMAMPUAN PRAKTIKUM'!AQ49 -> 60 | AN49: =AVERAGE(AF49:AM49) -> 58.125
A50: ='INPUT DAFTAR PESERTA'!A48 -> 45 | B50: ='INPUT DAFTAR PESERTA'!B48 -> 2509046029 | C50: ='INPUT DAFTAR PESERTA'!C48 -> Anisa Syalwa | D50: 100 | E50: 100 | F50: 100 | G50: 100 | H50: 100 | I50: 100 | J50: 100 | K50: 100 | L50: =(D50+E50+F50+G50+H50+I50+J50+K50)/8 -> 100 | M50: ='PENULISAN LAPORAN'!N49 -> 51.875 | N50: 96 | O50: 96 | P50: 96 | Q50: 96 | R50: 96 | S50: 96 | T50: 96 | U50: 96 | V50: =(N50+O50+P50+Q50+R50+S50+T50+U50)/8 -> 96 | W50: 70 | X50: 30 | Y50: 30 | Z50: 30 | AA50: 30 | AB50: 30 | AC50: 30 | AD50: 30 | AE50: =(W50+X50+Y50+Z50+AA50+AB50+AC50+AD50)/8 -> 35 | AF50: ='KEMAMPUAN PRAKTIKUM'!H50 -> 81 | AG50: ='KEMAMPUAN PRAKTIKUM'!M50 -> 60 | AH50: ='KEMAMPUAN PRAKTIKUM'!R50 -> 60 | AI50: ='KEMAMPUAN PRAKTIKUM'!W50 -> 60 | AJ50: ='KEMAMPUAN PRAKTIKUM'!AB50 -> 30 | AK50: ='KEMAMPUAN PRAKTIKUM'!AG50 -> 90 | AL50: ='KEMAMPUAN PRAKTIKUM'!AL50 -> 60 | AM50: ='KEMAMPUAN PRAKTIKUM'!AQ50 -> 60 | AN50: =AVERAGE(AF50:AM50) -> 62.625
A51: ='INPUT DAFTAR PESERTA'!A49 -> 46 | B51: ='INPUT DAFTAR PESERTA'!B49 -> 2509046030 | C51: ='INPUT DAFTAR PESERTA'!C49 -> Fikri Firoos Kinarya | D51: 100 | E51: 100 | F51: 100 | G51: 0 | H51: 100 | I51: 100 | J51: 100 | K51: 100 | L51: =(D51+E51+F51+G51+H51+I51+J51+K51)/8 -> 87.5 | M51: ='PENULISAN LAPORAN'!N50 -> 48.9375 | N51: 86 | O51: 86 | P51: 86 | Q51: 86 | R51: 86 | S51: 86 | T51: 86 | U51: 86 | V51: =(N51+O51+P51+Q51+R51+S51+T51+U51)/8 -> 86 | W51: 60 | X51: 30 | Y51: 30 | Z51: 0 | AA51: 70 | AB51: 70 | AC51: 30 | AD51: 80 | AE51: =(W51+X51+Y51+Z51+AA51+AB51+AC51+AD51)/8 -> 46.25 | AF51: ='KEMAMPUAN PRAKTIKUM'!H51 -> 90 | AG51: ='KEMAMPUAN PRAKTIKUM'!M51 -> 60 | AH51: ='KEMAMPUAN PRAKTIKUM'!R51 -> 60 | AI51: ='KEMAMPUAN PRAKTIKUM'!W51 -> 0 | AJ51: ='KEMAMPUAN PRAKTIKUM'!AB51 -> 30 | AK51: ='KEMAMPUAN PRAKTIKUM'!AG51 -> 90 | AL51: ='KEMAMPUAN PRAKTIKUM'!AL51 -> 60 | AM51: ='KEMAMPUAN PRAKTIKUM'!AQ51 -> 60 | AN51: =AVERAGE(AF51:AM51) -> 56.25
A52: ='INPUT DAFTAR PESERTA'!A50 -> 47 | B52: ='INPUT DAFTAR PESERTA'!B50 -> 2509046031 | C52: ='INPUT DAFTAR PESERTA'!C50 -> Armitha Luthfiana Andini | D52: 100 | E52: 100 | F52: 100 | G52: 100 | H52: 100 | I52: 100 | K52: 100 | L52: =(D52+E52+F52+G52+H52+I52+J52+K52)/8 -> 87.5 | M52: ='PENULISAN LAPORAN'!N51 -> 44.625 | N52: 94 | O52: 94 | P52: 94 | Q52: 94 | R52: 94 | S52: 94 | T52: 94 | U52: 94 | V52: =(N52+O52+P52+Q52+R52+S52+T52+U52)/8 -> 94 | W52: 70 | X52: 0 | Y52: 30 | Z52: 30 | AA52: 70 | AB52: 30 | AC52: 60 | AD52: 80 | AE52: =(W52+X52+Y52+Z52+AA52+AB52+AC52+AD52)/8 -> 46.25 | AF52: ='KEMAMPUAN PRAKTIKUM'!H52 -> 66 | AG52: ='KEMAMPUAN PRAKTIKUM'!M52 -> 60 | AH52: ='KEMAMPUAN PRAKTIKUM'!R52 -> 60 | AI52: ='KEMAMPUAN PRAKTIKUM'!W52 -> 90 | AJ52: ='KEMAMPUAN PRAKTIKUM'!AB52 -> 60 | AK52: ='KEMAMPUAN PRAKTIKUM'!AG52 -> 90 | AL52: ='KEMAMPUAN PRAKTIKUM'!AL52 -> 60 | AM52: ='KEMAMPUAN PRAKTIKUM'!AQ52 -> 60 | AN52: =AVERAGE(AF52:AM52) -> 68.25
A53: ='INPUT DAFTAR PESERTA'!A51 -> 48 | B53: ='INPUT DAFTAR PESERTA'!B51 -> 2509046032 | C53: ='INPUT DAFTAR PESERTA'!C51 -> Fabio Aditya Purnomo | D53: 100 | E53: 100 | F53: 100 | G53: 100 | H53: 100 | I53: 100 | J53: 100 | K53: 100 | L53: =(D53+E53+F53+G53+H53+I53+J53+K53)/8 -> 100 | M53: ='PENULISAN LAPORAN'!N52 -> 71.375 | N53: 92 | O53: 92 | P53: 92 | Q53: 92 | R53: 92 | S53: 92 | T53: 92 | U53: 92 | V53: =(N53+O53+P53+Q53+R53+S53+T53+U53)/8 -> 92 | W53: 60 | X53: 60 | Y53: 70 | Z53: 70 | AA53: 70 | AB53: 80 | AC53: 60 | AD53: 0 | AE53: =(W53+X53+Y53+Z53+AA53+AB53+AC53+AD53)/8 -> 58.75 | AF53: ='KEMAMPUAN PRAKTIKUM'!H53 -> 60 | AG53: ='KEMAMPUAN PRAKTIKUM'!M53 -> 60 | AH53: ='KEMAMPUAN PRAKTIKUM'!R53 -> 75 | AI53: ='KEMAMPUAN PRAKTIKUM'!W53 -> 90 | AJ53: ='KEMAMPUAN PRAKTIKUM'!AB53 -> 60 | AK53: ='KEMAMPUAN PRAKTIKUM'!AG53 -> 75 | AL53: ='KEMAMPUAN PRAKTIKUM'!AL53 -> 75 | AM53: ='KEMAMPUAN PRAKTIKUM'!AQ53 -> 75 | AN53: =AVERAGE(AF53:AM53) -> 71.25
A54: ='INPUT DAFTAR PESERTA'!A52 -> 49 | B54: ='INPUT DAFTAR PESERTA'!B52 -> 2509046033 | C54: ='INPUT DAFTAR PESERTA'!C52 -> Rifa Davina Zalfa | D54: 100 | E54: 100 | F54: 100 | G54: 100 | H54: 100 | I54: 100 | J54: 100 | K54: 100 | L54: =(D54+E54+F54+G54+H54+I54+J54+K54)/8 -> 100 | M54: ='PENULISAN LAPORAN'!N53 -> 63.5 | N54: 100 | O54: 100 | P54: 100 | Q54: 100 | R54: 100 | S54: 100 | T54: 100 | U54: 100 | V54: =(N54+O54+P54+Q54+R54+S54+T54+U54)/8 -> 100 | W54: 70 | X54: 70 | Y54: 80 | Z54: 70 | AA54: 70 | AB54: 30 | AC54: 70 | AD54: 80 | AE54: =(W54+X54+Y54+Z54+AA54+AB54+AC54+AD54)/8 -> 67.5 | AF54: ='KEMAMPUAN PRAKTIKUM'!H54 -> 63 | AG54: ='KEMAMPUAN PRAKTIKUM'!M54 -> 75 | AH54: ='KEMAMPUAN PRAKTIKUM'!R54 -> 75 | AI54: ='KEMAMPUAN PRAKTIKUM'!W54 -> 90 | AJ54: ='KEMAMPUAN PRAKTIKUM'!AB54 -> 60 | AK54: ='KEMAMPUAN PRAKTIKUM'!AG54 -> 75 | AL54: ='KEMAMPUAN PRAKTIKUM'!AL54 -> 75 | AM54: ='KEMAMPUAN PRAKTIKUM'!AQ54 -> 60 | AN54: =AVERAGE(AF54:AM54) -> 71.625
A55: ='INPUT DAFTAR PESERTA'!A53 -> 50 | B55: ='INPUT DAFTAR PESERTA'!B53 -> 2509046034 | C55: ='INPUT DAFTAR PESERTA'!C53 -> Nilna Fergita Nouriansa | D55: 100 | E55: 100 | F55: 100 | G55: 100 | H55: 100 | I55: 100 | J55: 100 | K55: 100 | L55: =(D55+E55+F55+G55+H55+I55+J55+K55)/8 -> 100 | M55: ='PENULISAN LAPORAN'!N54 -> 61.125 | N55: 0 | O55: 0 | P55: 0 | Q55: 0 | R55: 0 | S55: 0 | T55: 0 | U55: 0 | V55: =(N55+O55+P55+Q55+R55+S55+T55+U55)/8 -> 0 | W55: 70 | X55: 70 | Y55: 70 | Z55: 80 | AA55: 70 | AB55: 60 | AC55: 60 | AD55: 30 | AE55: =(W55+X55+Y55+Z55+AA55+AB55+AC55+AD55)/8 -> 63.75 | AF55: ='KEMAMPUAN PRAKTIKUM'!H55 -> 78 | AG55: ='KEMAMPUAN PRAKTIKUM'!M55 -> 60 | AH55: ='KEMAMPUAN PRAKTIKUM'!R55 -> 75 | AI55: ='KEMAMPUAN PRAKTIKUM'!W55 -> 60 | AJ55: ='KEMAMPUAN PRAKTIKUM'!AB55 -> 45 | AK55: ='KEMAMPUAN PRAKTIKUM'!AG55 -> 75 | AL55: ='KEMAMPUAN PRAKTIKUM'!AL55 -> 60 | AM55: ='KEMAMPUAN PRAKTIKUM'!AQ55 -> 60 | AN55: =AVERAGE(AF55:AM55) -> 64.125
A56: ='INPUT DAFTAR PESERTA'!A54 -> 51 | B56: ='INPUT DAFTAR PESERTA'!B54 -> 2509046035 | C56: ='INPUT DAFTAR PESERTA'!C54 -> Sandi Prakoso | H56: 100 | I56: 100 | J56: 100 | K56: 100 | L56: =(D56+E56+F56+G56+H56+I56+J56+K56)/8 -> 50 | M56: ='PENULISAN LAPORAN'!N55 -> 3.25 | N56: 0 | O56: 0 | P56: 0 | Q56: 0 | R56: 0 | S56: 0 | T56: 0 | U56: 0 | V56: =(N56+O56+P56+Q56+R56+S56+T56+U56)/8 -> 0 | W56: 30 | X56: 0 | AA56: 0 | AC56: 0 | AE56: =(W56+X56+Y56+Z56+AA56+AB56+AC56+AD56)/8 -> 3.75 | AF56: ='KEMAMPUAN PRAKTIKUM'!H56 -> 0 | AG56: ='KEMAMPUAN PRAKTIKUM'!M56 -> 0 | AH56: ='KEMAMPUAN PRAKTIKUM'!R56 -> 0 | AI56: ='KEMAMPUAN PRAKTIKUM'!W56 -> 0 | AJ56: ='KEMAMPUAN PRAKTIKUM'!AB56 -> 30 | AK56: ='KEMAMPUAN PRAKTIKUM'!AG56 -> 0 | AL56: ='KEMAMPUAN PRAKTIKUM'!AL56 -> 60 | AM56: ='KEMAMPUAN PRAKTIKUM'!AQ56 -> 0 | AN56: =AVERAGE(AF56:AM56) -> 11.25
A57: ='INPUT DAFTAR PESERTA'!A55 -> 52 | B57: ='INPUT DAFTAR PESERTA'!B55 -> 2509046036 | C57: ='INPUT DAFTAR PESERTA'!C55 -> Yarasy Ebed Petra Richard Nanuru | H57: 100 | I57: 100 | K57: 100 | L57: =(D57+E57+F57+G57+H57+I57+J57+K57)/8 -> 37.5 | M57: ='PENULISAN LAPORAN'!N56 -> 0 | N57: 86 | O57: 86 | P57: 86 | Q57: 86 | R57: 86 | S57: 86 | T57: 86 | U57: 86 | V57: =(N57+O57+P57+Q57+R57+S57+T57+U57)/8 -> 86 | W57: 30 | X57: 0 | AA57: 0 | AC57: 0 | AE57: =(W57+X57+Y57+Z57+AA57+AB57+AC57+AD57)/8 -> 3.75 | AF57: ='KEMAMPUAN PRAKTIKUM'!H57 -> 0 | AG57: ='KEMAMPUAN PRAKTIKUM'!M57 -> 0 | AH57: ='KEMAMPUAN PRAKTIKUM'!R57 -> 0 | AI57: ='KEMAMPUAN PRAKTIKUM'!W57 -> 0 | AJ57: ='KEMAMPUAN PRAKTIKUM'!AB57 -> 30 | AK57: ='KEMAMPUAN PRAKTIKUM'!AG57 -> 0 | AL57: ='KEMAMPUAN PRAKTIKUM'!AL57 -> 0 | AM57: ='KEMAMPUAN PRAKTIKUM'!AQ57 -> 0 | AN57: =AVERAGE(AF57:AM57) -> 3.75
A58: ='INPUT DAFTAR PESERTA'!A56 -> 53 | B58: ='INPUT DAFTAR PESERTA'!B56 -> 2509046037 | C58: ='INPUT DAFTAR PESERTA'!C56 -> Rasya Hanindya Putri | H58: 100 | I58: 100 | J58: 100 | K58: 100 | L58: =(D58+E58+F58+G58+H58+I58+J58+K58)/8 -> 50 | M58: ='PENULISAN LAPORAN'!N57 -> 1.0625 | N58: 46 | O58: 46 | P58: 46 | Q58: 46 | R58: 46 | S58: 46 | T58: 46 | U58: 46 | V58: =(N58+O58+P58+Q58+R58+S58+T58+U58)/8 -> 46 | W58: 30 | X58: 0 | AA58: 0 | AC58: 0 | AE58: =(W58+X58+Y58+Z58+AA58+AB58+AC58+AD58)/8 -> 3.75 | AF58: ='KEMAMPUAN PRAKTIKUM'!H58 -> 0 | AG58: ='KEMAMPUAN PRAKTIKUM'!M58 -> 0 | AH58: ='KEMAMPUAN PRAKTIKUM'!R58 -> 0 | AI58: ='KEMAMPUAN PRAKTIKUM'!W58 -> 0 | AJ58: ='KEMAMPUAN PRAKTIKUM'!AB58 -> 30 | AK58: ='KEMAMPUAN PRAKTIKUM'!AG58 -> 75 | AL58: ='KEMAMPUAN PRAKTIKUM'!AL58 -> 0 | AM58: ='KEMAMPUAN PRAKTIKUM'!AQ58 -> 0 | AN58: =AVERAGE(AF58:AM58) -> 13.125
A59: ='INPUT DAFTAR PESERTA'!A57 -> 54 | B59: ='INPUT DAFTAR PESERTA'!B57 -> 2509046038 | C59: ='INPUT DAFTAR PESERTA'!C57 -> Stefania Diah Pramestirehi | D59: 100 | E59: 100 | F59: 100 | G59: 100 | H59: 100 | I59: 100 | J59: 100 | K59: 100 | L59: =(D59+E59+F59+G59+H59+I59+J59+K59)/8 -> 100 | M59: ='PENULISAN LAPORAN'!N58 -> 64.625 | N59: 64 | O59: 64 | P59: 64 | Q59: 64 | R59: 64 | S59: 64 | T59: 64 | U59: 64 | V59: =(N59+O59+P59+Q59+R59+S59+T59+U59)/8 -> 64 | W59: 80 | X59: 70 | Y59: 80 | Z59: 70 | AA59: 70 | AB59: 80 | AC59: 60 | AD59: 30 | AE59: =(W59+X59+Y59+Z59+AA59+AB59+AC59+AD59)/8 -> 67.5 | AF59: ='KEMAMPUAN PRAKTIKUM'!H59 -> 60 | AG59: ='KEMAMPUAN PRAKTIKUM'!M59 -> 87 | AH59: ='KEMAMPUAN PRAKTIKUM'!R59 -> 60 | AI59: ='KEMAMPUAN PRAKTIKUM'!W59 -> 90 | AJ59: ='KEMAMPUAN PRAKTIKUM'!AB59 -> 75 | AK59: ='KEMAMPUAN PRAKTIKUM'!AG59 -> 75 | AL59: ='KEMAMPUAN PRAKTIKUM'!AL59 -> 57 | AM59: ='KEMAMPUAN PRAKTIKUM'!AQ59 -> 57 | AN59: =AVERAGE(AF59:AM59) -> 70.125
A60: ='INPUT DAFTAR PESERTA'!A58 -> 55 | B60: ='INPUT DAFTAR PESERTA'!B58 -> 2509046039 | C60: ='INPUT DAFTAR PESERTA'!C58 -> Azarina Azzahra | D60: 100 | E60: 100 | F60: 100 | G60: 100 | H60: 100 | I60: 100 | J60: 100 | K60: 100 | L60: =(D60+E60+F60+G60+H60+I60+J60+K60)/8 -> 100 | M60: ='PENULISAN LAPORAN'!N59 -> 87.6875 | N60: 100 | O60: 100 | P60: 100 | Q60: 100 | R60: 100 | S60: 100 | T60: 100 | U60: 100 | V60: =(N60+O60+P60+Q60+R60+S60+T60+U60)/8 -> 100 | W60: 80 | X60: 70 | Y60: 80 | Z60: 70 | AA60: 70 | AB60: 80 | AC60: 80 | AD60: 80 | AE60: =(W60+X60+Y60+Z60+AA60+AB60+AC60+AD60)/8 -> 76.25 | AF60: ='KEMAMPUAN PRAKTIKUM'!H60 -> 90 | AG60: ='KEMAMPUAN PRAKTIKUM'!M60 -> 87 | AH60: ='KEMAMPUAN PRAKTIKUM'!R60 -> 90 | AI60: ='KEMAMPUAN PRAKTIKUM'!W60 -> 90 | AJ60: ='KEMAMPUAN PRAKTIKUM'!AB60 -> 75 | AK60: ='KEMAMPUAN PRAKTIKUM'!AG60 -> 75 | AL60: ='KEMAMPUAN PRAKTIKUM'!AL60 -> 66 | AM60: ='KEMAMPUAN PRAKTIKUM'!AQ60 -> 90 | AN60: =AVERAGE(AF60:AM60) -> 82.875
A61: ='INPUT DAFTAR PESERTA'!A59 -> 56 | B61: ='INPUT DAFTAR PESERTA'!B59 -> 2509046040 | C61: ='INPUT DAFTAR PESERTA'!C59 -> Muhammad Bintang Anugrah | D61: 100 | E61: 100 | F61: 100 | G61: 100 | H61: 100 | I61: 100 | J61: 100 | K61: 100 | L61: =(D61+E61+F61+G61+H61+I61+J61+K61)/8 -> 100 | M61: ='PENULISAN LAPORAN'!N60 -> 77.8125 | N61: 94 | O61: 94 | P61: 94 | Q61: 94 | R61: 94 | S61: 94 | T61: 94 | U61: 94 | V61: =(N61+O61+P61+Q61+R61+S61+T61+U61)/8 -> 94 | W61: 80 | X61: 70 | Y61: 80 | Z61: 70 | AA61: 70 | AB61: 30 | AC61: 60 | AD61: 70 | AE61: =(W61+X61+Y61+Z61+AA61+AB61+AC61+AD61)/8 -> 66.25 | AF61: ='KEMAMPUAN PRAKTIKUM'!H61 -> 90 | AG61: ='KEMAMPUAN PRAKTIKUM'!M61 -> 90 | AH61: ='KEMAMPUAN PRAKTIKUM'!R61 -> 72 | AI61: ='KEMAMPUAN PRAKTIKUM'!W61 -> 90 | AJ61: ='KEMAMPUAN PRAKTIKUM'!AB61 -> 75 | AK61: ='KEMAMPUAN PRAKTIKUM'!AG61 -> 75 | AL61: ='KEMAMPUAN PRAKTIKUM'!AL61 -> 81 | AM61: ='KEMAMPUAN PRAKTIKUM'!AQ61 -> 60 | AN61: =AVERAGE(AF61:AM61) -> 79.125
A62: ='INPUT DAFTAR PESERTA'!A60 -> 57 | B62: ='INPUT DAFTAR PESERTA'!B60 -> 2509046041 | C62: ='INPUT DAFTAR PESERTA'!C60 -> Marcel Rizky Indrawan | D62: 100 | E62: 100 | F62: 100 | G62: 100 | H62: 100 | I62: 100 | J62: 100 | K62: 100 | L62: =(D62+E62+F62+G62+H62+I62+J62+K62)/8 -> 100 | M62: ='PENULISAN LAPORAN'!N61 -> 51.125 | N62: 100 | O62: 100 | P62: 100 | Q62: 100 | R62: 100 | S62: 100 | T62: 100 | U62: 100 | V62: =(N62+O62+P62+Q62+R62+S62+T62+U62)/8 -> 100 | W62: 70 | X62: 70 | Y62: 50 | Z62: 70 | AA62: 70 | AB62: 60 | AC62: 60 | AD62: 70 | AE62: =(W62+X62+Y62+Z62+AA62+AB62+AC62+AD62)/8 -> 65 | AF62: ='KEMAMPUAN PRAKTIKUM'!H62 -> 60 | AG62: ='KEMAMPUAN PRAKTIKUM'!M62 -> 60 | AH62: ='KEMAMPUAN PRAKTIKUM'!R62 -> 57 | AI62: ='KEMAMPUAN PRAKTIKUM'!W62 -> 87 | AJ62: ='KEMAMPUAN PRAKTIKUM'!AB62 -> 45 | AK62: ='KEMAMPUAN PRAKTIKUM'!AG62 -> 63 | AL62: ='KEMAMPUAN PRAKTIKUM'!AL62 -> 51 | AM62: ='KEMAMPUAN PRAKTIKUM'!AQ62 -> 60 | AN62: =AVERAGE(AF62:AM62) -> 60.375
A63: ='INPUT DAFTAR PESERTA'!A61 -> 58 | B63: ='INPUT DAFTAR PESERTA'!B61 -> 2509046042 | C63: ='INPUT DAFTAR PESERTA'!C61 -> Mega Dwi Eriyanti | D63: 100 | E63: 100 | F63: 100 | G63: 100 | H63: 100 | I63: 100 | J63: 100 | K63: 100 | L63: =(D63+E63+F63+G63+H63+I63+J63+K63)/8 -> 100 | M63: ='PENULISAN LAPORAN'!N62 -> 82.375 | N63: 94 | O63: 94 | P63: 94 | Q63: 94 | R63: 94 | S63: 94 | T63: 94 | U63: 94 | V63: =(N63+O63+P63+Q63+R63+S63+T63+U63)/8 -> 94 | W63: 80 | X63: 80 | Y63: 80 | Z63: 70 | AA63: 70 | AB63: 80 | AC63: 70 | AD63: 80 | AE63: =(W63+X63+Y63+Z63+AA63+AB63+AC63+AD63)/8 -> 76.25 | AF63: ='KEMAMPUAN PRAKTIKUM'!H63 -> 90 | AG63: ='KEMAMPUAN PRAKTIKUM'!M63 -> 90 | AH63: ='KEMAMPUAN PRAKTIKUM'!R63 -> 90 | AI63: ='KEMAMPUAN PRAKTIKUM'!W63 -> 90 | AJ63: ='KEMAMPUAN PRAKTIKUM'!AB63 -> 75 | AK63: ='KEMAMPUAN PRAKTIKUM'!AG63 -> 63 | AL63: ='KEMAMPUAN PRAKTIKUM'!AL63 -> 66 | AM63: ='KEMAMPUAN PRAKTIKUM'!AQ63 -> 75 | AN63: =AVERAGE(AF63:AM63) -> 79.875
A64: ='INPUT DAFTAR PESERTA'!A62 -> 59 | B64: ='INPUT DAFTAR PESERTA'!B62 -> 2509046043 | C64: ='INPUT DAFTAR PESERTA'!C62 -> Jessen Jeremi Sinaga | F64: 100 | H64: 100 | I64: 100 | K64: 100 | L64: =(D64+E64+F64+G64+H64+I64+J64+K64)/8 -> 50 | M64: ='PENULISAN LAPORAN'!N63 -> 0 | N64: 86 | O64: 86 | P64: 86 | Q64: 86 | R64: 86 | S64: 86 | T64: 86 | U64: 86 | V64: =(N64+O64+P64+Q64+R64+S64+T64+U64)/8 -> 86 | W64: 30 | X64: 0 | AA64: 0 | AC64: 0 | AE64: =(W64+X64+Y64+Z64+AA64+AB64+AC64+AD64)/8 -> 3.75 | AF64: ='KEMAMPUAN PRAKTIKUM'!H64 -> 0 | AG64: ='KEMAMPUAN PRAKTIKUM'!M64 -> 0 | AH64: ='KEMAMPUAN PRAKTIKUM'!R64 -> 0 | AI64: ='KEMAMPUAN PRAKTIKUM'!W64 -> 0 | AJ64: ='KEMAMPUAN PRAKTIKUM'!AB64 -> 30 | AK64: ='KEMAMPUAN PRAKTIKUM'!AG64 -> 0 | AL64: ='KEMAMPUAN PRAKTIKUM'!AL64 -> 0 | AM64: ='KEMAMPUAN PRAKTIKUM'!AQ64 -> 0 | AN64: =AVERAGE(AF64:AM64) -> 3.75
A65: ='INPUT DAFTAR PESERTA'!A63 -> 60 | B65: ='INPUT DAFTAR PESERTA'!B63 -> 2509046044 | C65: ='INPUT DAFTAR PESERTA'!C63 -> Mohammad Bagus Leo Widiantara | D65: 100 | H65: 100 | I65: 100 | K65: 100 | L65: =(D65+E65+F65+G65+H65+I65+J65+K65)/8 -> 50 | M65: ='PENULISAN LAPORAN'!N64 -> 0 | N65: 0 | O65: 0 | P65: 0 | Q65: 0 | R65: 0 | S65: 0 | T65: 0 | U65: 0 | V65: =(N65+O65+P65+Q65+R65+S65+T65+U65)/8 -> 0 | W65: 30 | X65: 0 | AA65: 0 | AC65: 0 | AE65: =(W65+X65+Y65+Z65+AA65+AB65+AC65+AD65)/8 -> 3.75 | AF65: ='KEMAMPUAN PRAKTIKUM'!H65 -> 0 | AG65: ='KEMAMPUAN PRAKTIKUM'!M65 -> 0 | AH65: ='KEMAMPUAN PRAKTIKUM'!R65 -> 0 | AI65: ='KEMAMPUAN PRAKTIKUM'!W65 -> 0 | AJ65: ='KEMAMPUAN PRAKTIKUM'!AB65 -> 30 | AK65: ='KEMAMPUAN PRAKTIKUM'!AG65 -> 0 | AL65: ='KEMAMPUAN PRAKTIKUM'!AL65 -> 0 | AM65: ='KEMAMPUAN PRAKTIKUM'!AQ65 -> 0 | AN65: =AVERAGE(AF65:AM65) -> 3.75
A66: ='INPUT DAFTAR PESERTA'!A64 -> 61 | B66: ='INPUT DAFTAR PESERTA'!B64 -> 2509046045 | C66: ='INPUT DAFTAR PESERTA'!C64 -> Najwa Aliffah Falah | D66: 100 | H66: 100 | I66: 100 | K66: 100 | L66: =(D66+E66+F66+G66+H66+I66+J66+K66)/8 -> 50 | M66: ='PENULISAN LAPORAN'!N65 -> 0 | N66: 84 | O66: 84 | P66: 84 | Q66: 84 | R66: 84 | S66: 84 | T66: 84 | U66: 84 | V66: =(N66+O66+P66+Q66+R66+S66+T66+U66)/8 -> 84 | W66: 30 | X66: 0 | AA66: 0 | AC66: 0 | AE66: =(W66+X66+Y66+Z66+AA66+AB66+AC66+AD66)/8 -> 3.75 | AF66: ='KEMAMPUAN PRAKTIKUM'!H66 -> 0 | AG66: ='KEMAMPUAN PRAKTIKUM'!M66 -> 0 | AH66: ='KEMAMPUAN PRAKTIKUM'!R66 -> 0 | AI66: ='KEMAMPUAN PRAKTIKUM'!W66 -> 0 | AJ66: ='KEMAMPUAN PRAKTIKUM'!AB66 -> 30 | AK66: ='KEMAMPUAN PRAKTIKUM'!AG66 -> 0 | AL66: ='KEMAMPUAN PRAKTIKUM'!AL66 -> 0 | AM66: ='KEMAMPUAN PRAKTIKUM'!AQ66 -> 0 | AN66: =AVERAGE(AF66:AM66) -> 3.75
A67: ='INPUT DAFTAR PESERTA'!A65 -> 62 | B67: ='INPUT DAFTAR PESERTA'!B65 -> 2509046046 | C67: ='INPUT DAFTAR PESERTA'!C65 -> Jezlhine Suretno | D67: 50 | F67: 100 | G67: 100 | H67: 100 | I67: 100 | J67: 100 | K67: 100 | L67: =(D67+E67+F67+G67+H67+I67+J67+K67)/8 -> 81.25 | M67: ='PENULISAN LAPORAN'!N66 -> 37.5 | N67: 90 | O67: 90 | P67: 90 | Q67: 90 | R67: 90 | S67: 90 | T67: 90 | U67: 95 | V67: =(N67+O67+P67+Q67+R67+S67+T67+U67)/8 -> 90.625 | W67: 30 | X67: 0 | Y67: 70 | Z67: 70 | AA67: 70 | AB67: 30 | AC67: 30 | AD67: 90 | AE67: =(W67+X67+Y67+Z67+AA67+AB67+AC67+AD67)/8 -> 48.75 | AF67: ='KEMAMPUAN PRAKTIKUM'!H67 -> 0 | AG67: ='KEMAMPUAN PRAKTIKUM'!M67 -> 39 | AH67: ='KEMAMPUAN PRAKTIKUM'!R67 -> 60 | AI67: ='KEMAMPUAN PRAKTIKUM'!W67 -> 57 | AJ67: ='KEMAMPUAN PRAKTIKUM'!AB67 -> 48 | AK67: ='KEMAMPUAN PRAKTIKUM'!AG67 -> 69 | AL67: ='KEMAMPUAN PRAKTIKUM'!AL67 -> 72 | AM67: ='KEMAMPUAN PRAKTIKUM'!AQ67 -> 90 | AN67: =AVERAGE(AF67:AM67) -> 54.375
A68: ='INPUT DAFTAR PESERTA'!A66 -> 63 | B68: ='INPUT DAFTAR PESERTA'!B66 -> 2509046047 | C68: ='INPUT DAFTAR PESERTA'!C66 -> Gideon Giorgy Aipassa | D68: 100 | E68: 100 | F68: 100 | G68: 100 | H68: 100 | I68: 100 | J68: 100 | K68: 100 | L68: =(D68+E68+F68+G68+H68+I68+J68+K68)/8 -> 100 | M68: ='PENULISAN LAPORAN'!N67 -> 36.75 | N68: 0 | O68: 0 | P68: 0 | Q68: 0 | R68: 0 | S68: 0 | T68: 0 | U68: 0 | V68: =(N68+O68+P68+Q68+R68+S68+T68+U68)/8 -> 0 | W68: 30 | X68: 0 | Y68: 70 | Z68: 70 | AA68: 70 | AB68: 30 | AC68: 0 | AD68: 70 | AE68: =(W68+X68+Y68+Z68+AA68+AB68+AC68+AD68)/8 -> 42.5 | AF68: ='KEMAMPUAN PRAKTIKUM'!H68 -> 60 | AG68: ='KEMAMPUAN PRAKTIKUM'!M68 -> 30 | AH68: ='KEMAMPUAN PRAKTIKUM'!R68 -> 45 | AI68: ='KEMAMPUAN PRAKTIKUM'!W68 -> 57 | AJ68: ='KEMAMPUAN PRAKTIKUM'!AB68 -> 48 | AK68: ='KEMAMPUAN PRAKTIKUM'!AG68 -> 63 | AL68: ='KEMAMPUAN PRAKTIKUM'!AL68 -> 60 | AM68: ='KEMAMPUAN PRAKTIKUM'!AQ68 -> 57 | AN68: =AVERAGE(AF68:AM68) -> 52.5
A69: ='INPUT DAFTAR PESERTA'!A67 -> 64 | B69: ='INPUT DAFTAR PESERTA'!B67 -> 2509046048 | C69: ='INPUT DAFTAR PESERTA'!C67 -> Talitha Kayana Nugroho | D69: 100 | F69: 100 | G69: 100 | H69: 100 | I69: 100 | J69: 100 | K69: 100 | L69: =(D69+E69+F69+G69+H69+I69+J69+K69)/8 -> 87.5 | M69: ='PENULISAN LAPORAN'!N68 -> 45.84375 | N69: 84 | O69: 84 | P69: 84 | Q69: 84 | R69: 84 | S69: 84 | T69: 84 | U69: 84 | V69: =(N69+O69+P69+Q69+R69+S69+T69+U69)/8 -> 84 | W69: 30 | X69: 0 | Y69: 80 | Z69: 70 | AA69: 70 | AB69: 30 | AC69: 60 | AD69: 30 | AE69: =(W69+X69+Y69+Z69+AA69+AB69+AC69+AD69)/8 -> 46.25 | AF69: ='KEMAMPUAN PRAKTIKUM'!H69 -> 84 | AG69: ='KEMAMPUAN PRAKTIKUM'!M69 -> 60 | AH69: ='KEMAMPUAN PRAKTIKUM'!R69 -> 72 | AI69: ='KEMAMPUAN PRAKTIKUM'!W69 -> 75 | AJ69: ='KEMAMPUAN PRAKTIKUM'!AB69 -> 78 | AK69: ='KEMAMPUAN PRAKTIKUM'!AG69 -> 0 | AL69: ='KEMAMPUAN PRAKTIKUM'!AL69 -> 57 | AM69: ='KEMAMPUAN PRAKTIKUM'!AQ69 -> 45 | AN69: =AVERAGE(AF69:AM69) -> 58.875
A70: ='INPUT DAFTAR PESERTA'!A68 -> 65 | B70: ='INPUT DAFTAR PESERTA'!B68 -> 2509046049 | C70: ='INPUT DAFTAR PESERTA'!C68 -> Josef Alexandro Wijaya Kusuma | F70: 100 | H70: 100 | I70: 100 | K70: 100 | L70: =(D70+E70+F70+G70+H70+I70+J70+K70)/8 -> 50 | M70: ='PENULISAN LAPORAN'!N69 -> 0 | N70: 0 | O70: 0 | P70: 0 | Q70: 0 | R70: 0 | S70: 0 | T70: 0 | U70: 0 | V70: =(N70+O70+P70+Q70+R70+S70+T70+U70)/8 -> 0 | W70: 30 | X70: 0 | AA70: 0 | AC70: 0 | AE70: =(W70+X70+Y70+Z70+AA70+AB70+AC70+AD70)/8 -> 3.75 | AF70: ='KEMAMPUAN PRAKTIKUM'!H70 -> 0 | AG70: ='KEMAMPUAN PRAKTIKUM'!M70 -> 0 | AH70: ='KEMAMPUAN PRAKTIKUM'!R70 -> 0 | AI70: ='KEMAMPUAN PRAKTIKUM'!W70 -> 0 | AJ70: ='KEMAMPUAN PRAKTIKUM'!AB70 -> 30 | AK70: ='KEMAMPUAN PRAKTIKUM'!AG70 -> 0 | AL70: ='KEMAMPUAN PRAKTIKUM'!AL70 -> 0 | AM70: ='KEMAMPUAN PRAKTIKUM'!AQ70 -> 0 | AN70: =AVERAGE(AF70:AM70) -> 3.75
A71: ='INPUT DAFTAR PESERTA'!A69 -> 66 | B71: ='INPUT DAFTAR PESERTA'!B69 -> 2509046050 | C71: ='INPUT DAFTAR PESERTA'!C69 -> Surya Buana Putra Kamil | F71: 100 | H71: 100 | I71: 100 | K71: 100 | L71: =(D71+E71+F71+G71+H71+I71+J71+K71)/8 -> 50 | M71: ='PENULISAN LAPORAN'!N70 -> 14.53125 | N71: 0 | O71: 0 | P71: 0 | Q71: 0 | R71: 0 | S71: 0 | T71: 0 | U71: 0 | V71: =(N71+O71+P71+Q71+R71+S71+T71+U71)/8 -> 0 | W71: 30 | X71: 0 | AA71: 0 | AC71: 0 | AD71: 30 | AE71: =(W71+X71+Y71+Z71+AA71+AB71+AC71+AD71)/8 -> 7.5 | AF71: ='KEMAMPUAN PRAKTIKUM'!H71 -> 0 | AG71: ='KEMAMPUAN PRAKTIKUM'!M71 -> 0 | AH71: ='KEMAMPUAN PRAKTIKUM'!R71 -> 0 | AI71: ='KEMAMPUAN PRAKTIKUM'!W71 -> 0 | AJ71: ='KEMAMPUAN PRAKTIKUM'!AB71 -> 57 | AK71: ='KEMAMPUAN PRAKTIKUM'!AG71 -> 0 | AL71: ='KEMAMPUAN PRAKTIKUM'!AL71 -> 0 | AM71: ='KEMAMPUAN PRAKTIKUM'!AQ71 -> 0 | AN71: =AVERAGE(AF71:AM71) -> 7.125
A72: ='INPUT DAFTAR PESERTA'!A70 -> 67 | B72: ='INPUT DAFTAR PESERTA'!B70 -> 2509046051 | C72: ='INPUT DAFTAR PESERTA'!C70 -> Arifatus Saidah | D72: 100 | F72: 100 | G72: 100 | H72: 100 | I72: 100 | J72: 100 | K72: 100 | L72: =(D72+E72+F72+G72+H72+I72+J72+K72)/8 -> 87.5 | M72: ='PENULISAN LAPORAN'!N71 -> 35.4375 | N72: 86 | O72: 86 | P72: 86 | Q72: 86 | R72: 86 | S72: 86 | T72: 86 | U72: 86 | V72: =(N72+O72+P72+Q72+R72+S72+T72+U72)/8 -> 86 | W72: 30 | X72: 0 | Z72: 30 | AA72: 30 | AC72: 0 | AD72: 30 | AE72: =(W72+X72+Y72+Z72+AA72+AB72+AC72+AD72)/8 -> 15 | AF72: ='KEMAMPUAN PRAKTIKUM'!H72 -> 60 | AG72: ='KEMAMPUAN PRAKTIKUM'!M72 -> 30 | AH72: ='KEMAMPUAN PRAKTIKUM'!R72 -> 0 | AI72: ='KEMAMPUAN PRAKTIKUM'!W72 -> 90 | AJ72: ='KEMAMPUAN PRAKTIKUM'!AB72 -> 57 | AK72: ='KEMAMPUAN PRAKTIKUM'!AG72 -> 63 | AL72: ='KEMAMPUAN PRAKTIKUM'!AL72 -> 72 | AM72: ='KEMAMPUAN PRAKTIKUM'!AQ72 -> 0 | AN72: =AVERAGE(AF72:AM72) -> 46.5
A73: ='INPUT DAFTAR PESERTA'!A71 -> 68 | B73: ='INPUT DAFTAR PESERTA'!B71 -> 2509046052 | C73: ='INPUT DAFTAR PESERTA'!C71 -> Syarifah Sarah Ashilah | D73: 100 | E73: 100 | F73: 100 | G73: 100 | H73: 100 | I73: 100 | J73: 100 | K73: 100 | L73: =(D73+E73+F73+G73+H73+I73+J73+K73)/8 -> 100 | M73: ='PENULISAN LAPORAN'!N72 -> 66.40625 | N73: 92 | O73: 92 | P73: 92 | Q73: 92 | R73: 92 | S73: 92 | T73: 92 | U73: 92 | V73: =(N73+O73+P73+Q73+R73+S73+T73+U73)/8 -> 92 | W73: 70 | X73: 70 | Y73: 70 | Z73: 70 | AA73: 70 | AB73: 30 | AC73: 80 | AD73: 70 | AE73: =(W73+X73+Y73+Z73+AA73+AB73+AC73+AD73)/8 -> 66.25 | AF73: ='KEMAMPUAN PRAKTIKUM'!H73 -> 60 | AG73: ='KEMAMPUAN PRAKTIKUM'!M73 -> 78 | AH73: ='KEMAMPUAN PRAKTIKUM'!R73 -> 66 | AI73: ='KEMAMPUAN PRAKTIKUM'!W73 -> 60 | AJ73: ='KEMAMPUAN PRAKTIKUM'!AB73 -> 66 | AK73: ='KEMAMPUAN PRAKTIKUM'!AG73 -> 63 | AL73: ='KEMAMPUAN PRAKTIKUM'!AL73 -> 57 | AM73: ='KEMAMPUAN PRAKTIKUM'!AQ73 -> 45 | AN73: =AVERAGE(AF73:AM73) -> 61.875
A74: ='INPUT DAFTAR PESERTA'!A72 -> 69 | B74: ='INPUT DAFTAR PESERTA'!B72 -> 2509046053 | C74: ='INPUT DAFTAR PESERTA'!C72 -> Muhammad Aufa Syarif Prabowo | D74: 100 | F74: 100 | H74: 100 | I74: 100 | J74: 100 | K74: 100 | L74: =(D74+E74+F74+G74+H74+I74+J74+K74)/8 -> 75 | M74: ='PENULISAN LAPORAN'!N73 -> 6.25 | N74: 100 | O74: 100 | P74: 100 | Q74: 100 | R74: 100 | S74: 100 | T74: 100 | U74: 100 | V74: =(N74+O74+P74+Q74+R74+S74+T74+U74)/8 -> 100 | W74: 0 | X74: 0 | AA74: 0 | AC74: 0 | AE74: =(W74+X74+Y74+Z74+AA74+AB74+AC74+AD74)/8 -> 0 | AF74: ='KEMAMPUAN PRAKTIKUM'!H74 -> 48 | AG74: ='KEMAMPUAN PRAKTIKUM'!M74 -> 0 | AH74: ='KEMAMPUAN PRAKTIKUM'!R74 -> 0 | AI74: ='KEMAMPUAN PRAKTIKUM'!W74 -> 0 | AJ74: ='KEMAMPUAN PRAKTIKUM'!AB74 -> 30 | AK74: ='KEMAMPUAN PRAKTIKUM'!AG74 -> 63 | AL74: ='KEMAMPUAN PRAKTIKUM'!AL74 -> 57 | AM74: ='KEMAMPUAN PRAKTIKUM'!AQ74 -> 45 | AN74: =AVERAGE(AF74:AM74) -> 30.375
A75: ='INPUT DAFTAR PESERTA'!A73 -> 70 | B75: ='INPUT DAFTAR PESERTA'!B73 -> 2509046054 | C75: ='INPUT DAFTAR PESERTA'!C73 -> Kezia Aulia Putri | D75: 100 | F75: 100 | H75: 100 | I75: 100 | J75: 100 | K75: 100 | L75: =(D75+E75+F75+G75+H75+I75+J75+K75)/8 -> 75 | M75: ='PENULISAN LAPORAN'!N74 -> 7.375 | N75: 94 | O75: 94 | P75: 94 | Q75: 94 | R75: 94 | S75: 94 | T75: 94 | U75: 94 | V75: =(N75+O75+P75+Q75+R75+S75+T75+U75)/8 -> 94 | W75: 0 | X75: 0 | AA75: 0 | AC75: 0 | AE75: =(W75+X75+Y75+Z75+AA75+AB75+AC75+AD75)/8 -> 0 | AF75: ='KEMAMPUAN PRAKTIKUM'!H75 -> 60 | AG75: ='KEMAMPUAN PRAKTIKUM'!M75 -> 0 | AH75: ='KEMAMPUAN PRAKTIKUM'!R75 -> 0 | AI75: ='KEMAMPUAN PRAKTIKUM'!W75 -> 0 | AJ75: ='KEMAMPUAN PRAKTIKUM'!AB75 -> 30 | AK75: ='KEMAMPUAN PRAKTIKUM'!AG75 -> 63 | AL75: ='KEMAMPUAN PRAKTIKUM'!AL75 -> 57 | AM75: ='KEMAMPUAN PRAKTIKUM'!AQ75 -> 0 | AN75: =AVERAGE(AF75:AM75) -> 26.25
A76: ='INPUT DAFTAR PESERTA'!A74 -> 71 | B76: ='INPUT DAFTAR PESERTA'!B74 -> 2509046055 | C76: ='INPUT DAFTAR PESERTA'!C74 -> Nailah Aisya Ainurrahman | D76: 100 | E76: 100 | F76: 100 | G76: 100 | H76: 100 | I76: 100 | J76: 100 | K76: 100 | L76: =(D76+E76+F76+G76+H76+I76+J76+K76)/8 -> 100 | M76: ='PENULISAN LAPORAN'!N75 -> 50.625 | N76: 98 | O76: 98 | P76: 98 | Q76: 98 | R76: 98 | S76: 98 | T76: 98 | U76: 98 | V76: =(N76+O76+P76+Q76+R76+S76+T76+U76)/8 -> 98 | W76: 60 | X76: 70 | Y76: 70 | Z76: 70 | AA76: 70 | AB76: 30 | AC76: 60 | AD76: 30 | AE76: =(W76+X76+Y76+Z76+AA76+AB76+AC76+AD76)/8 -> 57.5 | AF76: ='KEMAMPUAN PRAKTIKUM'!H76 -> 57 | AG76: ='KEMAMPUAN PRAKTIKUM'!M76 -> 57 | AH76: ='KEMAMPUAN PRAKTIKUM'!R76 -> 54 | AI76: ='KEMAMPUAN PRAKTIKUM'!W76 -> 60 | AJ76: ='KEMAMPUAN PRAKTIKUM'!AB76 -> 60 | AK76: ='KEMAMPUAN PRAKTIKUM'!AG76 -> 60 | AL76: ='KEMAMPUAN PRAKTIKUM'!AL76 -> 57 | AM76: ='KEMAMPUAN PRAKTIKUM'!AQ76 -> 87 | AN76: =AVERAGE(AF76:AM76) -> 61.5
A77: ='INPUT DAFTAR PESERTA'!A75 -> 72 | B77: ='INPUT DAFTAR PESERTA'!B75 -> 2509046056 | C77: ='INPUT DAFTAR PESERTA'!C75 -> Nadine Olivia | D77: 100 | E77: 100 | F77: 100 | G77: 80 | H77: 100 | I77: 100 | J77: 100 | K77: 100 | L77: =(D77+E77+F77+G77+H77+I77+J77+K77)/8 -> 97.5 | M77: ='PENULISAN LAPORAN'!N76 -> 47.9375 | N77: 100 | O77: 100 | P77: 100 | Q77: 100 | R77: 100 | S77: 100 | T77: 100 | U77: 100 | V77: =(N77+O77+P77+Q77+R77+S77+T77+U77)/8 -> 100 | W77: 70 | X77: 70 | Y77: 80 | Z77: 70 | AA77: 30 | AB77: 30 | AC77: 80 | AD77: 0 | AE77: =(W77+X77+Y77+Z77+AA77+AB77+AC77+AD77)/8 -> 53.75 | AF77: ='KEMAMPUAN PRAKTIKUM'!H77 -> 60 | AG77: ='KEMAMPUAN PRAKTIKUM'!M77 -> 57 | AH77: ='KEMAMPUAN PRAKTIKUM'!R77 -> 75 | AI77: ='KEMAMPUAN PRAKTIKUM'!W77 -> 60 | AJ77: ='KEMAMPUAN PRAKTIKUM'!AB77 -> 75 | AK77: ='KEMAMPUAN PRAKTIKUM'!AG77 -> 60 | AL77: ='KEMAMPUAN PRAKTIKUM'!AL77 -> 57 | AM77: ='KEMAMPUAN PRAKTIKUM'!AQ77 -> 87 | AN77: =AVERAGE(AF77:AM77) -> 66.375
A78: ='INPUT DAFTAR PESERTA'!A76 -> 73 | B78: ='INPUT DAFTAR PESERTA'!B76 -> 2509046057 | C78: ='INPUT DAFTAR PESERTA'!C76 -> Fadhaail Ali Syaban | F78: 100 | H78: 100 | I78: 100 | K78: 100 | L78: =(D78+E78+F78+G78+H78+I78+J78+K78)/8 -> 50 | M78: ='PENULISAN LAPORAN'!N77 -> 0 | N78: 88 | O78: 88 | P78: 88 | Q78: 88 | R78: 88 | S78: 88 | T78: 88 | U78: 88 | V78: =(N78+O78+P78+Q78+R78+S78+T78+U78)/8 -> 88 | W78: 0 | X78: 0 | AA78: 0 | AC78: 0 | AE78: =(W78+X78+Y78+Z78+AA78+AB78+AC78+AD78)/8 -> 0 | AF78: ='KEMAMPUAN PRAKTIKUM'!H78 -> 0 | AG78: ='KEMAMPUAN PRAKTIKUM'!M78 -> 0 | AH78: ='KEMAMPUAN PRAKTIKUM'!R78 -> 0 | AI78: ='KEMAMPUAN PRAKTIKUM'!W78 -> 0 | AJ78: ='KEMAMPUAN PRAKTIKUM'!AB78 -> 30 | AK78: ='KEMAMPUAN PRAKTIKUM'!AG78 -> 0 | AL78: ='KEMAMPUAN PRAKTIKUM'!AL78 -> 57 | AM78: ='KEMAMPUAN PRAKTIKUM'!AQ78 -> 0 | AN78: =AVERAGE(AF78:AM78) -> 10.875
A79: ='INPUT DAFTAR PESERTA'!A77 -> 74 | B79: ='INPUT DAFTAR PESERTA'!B77 -> 2509046058 | C79: ='INPUT DAFTAR PESERTA'!C77 -> Tri Partogi Utama Manalu | D79: 100 | E79: 100 | F79: 100 | G79: 100 | H79: 100 | I79: 100 | J79: 100 | K79: 100 | L79: =(D79+E79+F79+G79+H79+I79+J79+K79)/8 -> 100 | M79: ='PENULISAN LAPORAN'!N78 -> 35.78125 | N79: 100 | O79: 100 | P79: 100 | Q79: 100 | R79: 100 | S79: 100 | T79: 100 | U79: 100 | V79: =(N79+O79+P79+Q79+R79+S79+T79+U79)/8 -> 100 | W79: 30 | X79: 0 | Y79: 30 | Z79: 30 | AA79: 30 | AB79: 30 | AC79: 0 | AD79: 30 | AE79: =(W79+X79+Y79+Z79+AA79+AB79+AC79+AD79)/8 -> 22.5 | AF79: ='KEMAMPUAN PRAKTIKUM'!H79 -> 45 | AG79: ='KEMAMPUAN PRAKTIKUM'!M79 -> 57 | AH79: ='KEMAMPUAN PRAKTIKUM'!R79 -> 54 | AI79: ='KEMAMPUAN PRAKTIKUM'!W79 -> 60 | AJ79: ='KEMAMPUAN PRAKTIKUM'!AB79 -> 60 | AK79: ='KEMAMPUAN PRAKTIKUM'!AG79 -> 60 | AL79: ='KEMAMPUAN PRAKTIKUM'!AL79 -> 57 | AM79: ='KEMAMPUAN PRAKTIKUM'!AQ79 -> 57 | AN79: =AVERAGE(AF79:AM79) -> 56.25
A80: ='INPUT DAFTAR PESERTA'!A78 -> 75 | B80: ='INPUT DAFTAR PESERTA'!B78 -> 2509046059 | C80: ='INPUT DAFTAR PESERTA'!C78 -> Fa'iz Pasha Novian | H80: 100 | I80: 100 | K80: 100 | L80: =(D80+E80+F80+G80+H80+I80+J80+K80)/8 -> 37.5 | M80: ='PENULISAN LAPORAN'!N79 -> 0 | N80: 94 | O80: 94 | P80: 94 | Q80: 94 | R80: 94 | S80: 94 | T80: 94 | U80: 94 | V80: =(N80+O80+P80+Q80+R80+S80+T80+U80)/8 -> 94 | W80: 0 | X80: 0 | AA80: 0 | AC80: 0 | AE80: =(W80+X80+Y80+Z80+AA80+AB80+AC80+AD80)/8 -> 0 | AF80: ='KEMAMPUAN PRAKTIKUM'!H80 -> 0 | AG80: ='KEMAMPUAN PRAKTIKUM'!M80 -> 0 | AH80: ='KEMAMPUAN PRAKTIKUM'!R80 -> 0 | AI80: ='KEMAMPUAN PRAKTIKUM'!W80 -> 0 | AJ80: ='KEMAMPUAN PRAKTIKUM'!AB80 -> 30 | AK80: ='KEMAMPUAN PRAKTIKUM'!AG80 -> 0 | AL80: ='KEMAMPUAN PRAKTIKUM'!AL80 -> 0 | AM80: ='KEMAMPUAN PRAKTIKUM'!AQ80 -> 0 | AN80: =AVERAGE(AF80:AM80) -> 3.75
A81: ='INPUT DAFTAR PESERTA'!A79 -> 76 | B81: ='INPUT DAFTAR PESERTA'!B79 -> 2509046060 | C81: ='INPUT DAFTAR PESERTA'!C79 -> Shasya Tri Fauziah | D81: 100 | E81: 100 | F81: 100 | G81: 100 | H81: 100 | I81: 100 | J81: 100 | K81: 100 | L81: =(D81+E81+F81+G81+H81+I81+J81+K81)/8 -> 100 | M81: ='PENULISAN LAPORAN'!N80 -> 66.6 | N81: 100 | O81: 100 | P81: 100 | Q81: 100 | R81: 100 | S81: 100 | T81: 100 | U81: 100 | V81: =(N81+O81+P81+Q81+R81+S81+T81+U81)/8 -> 100 | W81: 70 | X81: 80 | Y81: 80 | Z81: 70 | AA81: 70 | AB81: 30 | AC81: 80 | AD81: 30 | AE81: =(W81+X81+Y81+Z81+AA81+AB81+AC81+AD81)/8 -> 63.75 | AF81: ='KEMAMPUAN PRAKTIKUM'!H81 -> 54 | AG81: ='KEMAMPUAN PRAKTIKUM'!M81 -> 87 | AH81: ='KEMAMPUAN PRAKTIKUM'!R81 -> 87 | AI81: ='KEMAMPUAN PRAKTIKUM'!W81 -> 60 | AJ81: ='KEMAMPUAN PRAKTIKUM'!AB81 -> 48 | AK81: ='KEMAMPUAN PRAKTIKUM'!AG81 -> 0 | AL81: ='KEMAMPUAN PRAKTIKUM'!AL81 -> 57 | AM81: ='KEMAMPUAN PRAKTIKUM'!AQ81 -> 64.5 | AN81: =AVERAGE(AF81:AM81) -> 57.1875
A82: ='INPUT DAFTAR PESERTA'!A80 -> 77 | B82: ='INPUT DAFTAR PESERTA'!B80 -> 2509046061 | C82: ='INPUT DAFTAR PESERTA'!C80 -> Alyah Nur Jannah | E82: 100 | H82: 100 | I82: 100 | K82: 100 | L82: =(D82+E82+F82+G82+H82+I82+J82+K82)/8 -> 50 | M82: ='PENULISAN LAPORAN'!N81 -> 21.375 | N82: 66 | O82: 66 | P82: 66 | Q82: 66 | R82: 66 | S82: 66 | T82: 66 | U82: 66 | V82: =(N82+O82+P82+Q82+R82+S82+T82+U82)/8 -> 66 | W82: 30 | X82: 30 | Y82: 30 | Z82: 30 | AA82: 30 | AB82: 30 | AC82: 30 | AD82: 30 | AE82: =(W82+X82+Y82+Z82+AA82+AB82+AC82+AD82)/8 -> 30 | AF82: ='KEMAMPUAN PRAKTIKUM'!H82 -> 30 | AG82: ='KEMAMPUAN PRAKTIKUM'!M82 -> 48 | AH82: ='KEMAMPUAN PRAKTIKUM'!R82 -> 30 | AI82: ='KEMAMPUAN PRAKTIKUM'!W82 -> 30 | AJ82: ='KEMAMPUAN PRAKTIKUM'!AB82 -> 30 | AK82: ='KEMAMPUAN PRAKTIKUM'!AG82 -> 75 | AL82: ='KEMAMPUAN PRAKTIKUM'!AL82 -> 30 | AM82: ='KEMAMPUAN PRAKTIKUM'!AQ82 -> 57 | AN82: =AVERAGE(AF82:AM82) -> 41.25
A83: ='INPUT DAFTAR PESERTA'!A81 -> 78 | B83: ='INPUT DAFTAR PESERTA'!B81 -> 2509046062 | C83: ='INPUT DAFTAR PESERTA'!C81 -> Rendi Sidebang | D83: 100 | E83: 100 | F83: 100 | G83: 100 | H83: 100 | I83: 100 | J83: 100 | K83: 100 | L83: =(D83+E83+F83+G83+H83+I83+J83+K83)/8 -> 100 | M83: ='PENULISAN LAPORAN'!N82 -> 47.03125 | N83: 88 | O83: 88 | P83: 88 | Q83: 88 | R83: 88 | S83: 88 | T83: 88 | U83: 88 | V83: =(N83+O83+P83+Q83+R83+S83+T83+U83)/8 -> 88 | W83: 30 | X83: 30 | Y83: 30 | Z83: 70 | AA83: 70 | AB83: 30 | AC83: 60 | AD83: 0 | AE83: =(W83+X83+Y83+Z83+AA83+AB83+AC83+AD83)/8 -> 40 | AF83: ='KEMAMPUAN PRAKTIKUM'!H83 -> 60 | AG83: ='KEMAMPUAN PRAKTIKUM'!M83 -> 57 | AH83: ='KEMAMPUAN PRAKTIKUM'!R83 -> 69 | AI83: ='KEMAMPUAN PRAKTIKUM'!W83 -> 60 | AJ83: ='KEMAMPUAN PRAKTIKUM'!AB83 -> 60 | AK83: ='KEMAMPUAN PRAKTIKUM'!AG83 -> 75 | AL83: ='KEMAMPUAN PRAKTIKUM'!AL83 -> 57 | AM83: ='KEMAMPUAN PRAKTIKUM'!AQ83 -> 0 | AN83: =AVERAGE(AF83:AM83) -> 54.75
A84: ='INPUT DAFTAR PESERTA'!A82 -> 79 | B84: ='INPUT DAFTAR PESERTA'!B82 -> 2509046063 | C84: ='INPUT DAFTAR PESERTA'!C82 -> Panca Vito Anandio | D84: 100 | E84: 100 | F84: 100 | H84: 100 | I84: 100 | K84: 100 | L84: =(D84+E84+F84+G84+H84+I84+J84+K84)/8 -> 75 | M84: ='PENULISAN LAPORAN'!N83 -> 5.0625 | N84: 100 | O84: 100 | P84: 100 | Q84: 100 | R84: 100 | S84: 100 | T84: 100 | U84: 100 | V84: =(N84+O84+P84+Q84+R84+S84+T84+U84)/8 -> 100 | W84: 60 | X84: 30 | AA84: 0 | AC84: 0 | AE84: =(W84+X84+Y84+Z84+AA84+AB84+AC84+AD84)/8 -> 11.25 | AF84: ='KEMAMPUAN PRAKTIKUM'!H84 -> 36 | AG84: ='KEMAMPUAN PRAKTIKUM'!M84 -> 54 | AH84: ='KEMAMPUAN PRAKTIKUM'!R84 -> 0 | AI84: ='KEMAMPUAN PRAKTIKUM'!W84 -> 0 | AJ84: ='KEMAMPUAN PRAKTIKUM'!AB84 -> 30 | AK84: ='KEMAMPUAN PRAKTIKUM'!AG84 -> 75 | AL84: ='KEMAMPUAN PRAKTIKUM'!AL84 -> 0 | AM84: ='KEMAMPUAN PRAKTIKUM'!AQ84 -> 0 | AN84: =AVERAGE(AF84:AM84) -> 24.375
A85: ='INPUT DAFTAR PESERTA'!A83 -> 80 | B85: ='INPUT DAFTAR PESERTA'!B83 -> 2509046064 | C85: ='INPUT DAFTAR PESERTA'!C83 -> Nabila Lestari | D85: 100 | E85: 100 | F85: 100 | G85: 100 | H85: 100 | I85: 100 | J85: 100 | K85: 100 | L85: =(D85+E85+F85+G85+H85+I85+J85+K85)/8 -> 100 | M85: ='PENULISAN LAPORAN'!N84 -> 33.78125 | N85: 94 | O85: 94 | P85: 94 | Q85: 94 | R85: 94 | S85: 94 | T85: 94 | U85: 94 | V85: =(N85+O85+P85+Q85+R85+S85+T85+U85)/8 -> 94 | W85: 70 | X85: 30 | Y85: 80 | Z85: 70 | AA85: 30 | AB85: 30 | AC85: 0 | AD85: 80 | AE85: =(W85+X85+Y85+Z85+AA85+AB85+AC85+AD85)/8 -> 48.75 | AF85: ='KEMAMPUAN PRAKTIKUM'!H85 -> 42 | AG85: ='KEMAMPUAN PRAKTIKUM'!M85 -> 54 | AH85: ='KEMAMPUAN PRAKTIKUM'!R85 -> 60 | AI85: ='KEMAMPUAN PRAKTIKUM'!W85 -> 57 | AJ85: ='KEMAMPUAN PRAKTIKUM'!AB85 -> 45 | AK85: ='KEMAMPUAN PRAKTIKUM'!AG85 -> 60 | AL85: ='KEMAMPUAN PRAKTIKUM'!AL85 -> 57 | AM85: ='KEMAMPUAN PRAKTIKUM'!AQ85 -> 60 | AN85: =AVERAGE(AF85:AM85) -> 54.375
A86: ='INPUT DAFTAR PESERTA'!A84 -> 81 | B86: ='INPUT DAFTAR PESERTA'!B84 -> 2509046065 | C86: ='INPUT DAFTAR PESERTA'!C84 -> Muhammad Mudrikah Salim | H86: 100 | I86: 100 | K86: 100 | L86: =(D86+E86+F86+G86+H86+I86+J86+K86)/8 -> 37.5 | M86: ='PENULISAN LAPORAN'!N85 -> 0 | N86: 0 | O86: 0 | P86: 0 | Q86: 0 | R86: 0 | S86: 0 | T86: 0 | U86: 0 | V86: =(N86+O86+P86+Q86+R86+S86+T86+U86)/8 -> 0 | W86: 30 | X86: 0 | AA86: 0 | AC86: 0 | AE86: =(W86+X86+Y86+Z86+AA86+AB86+AC86+AD86)/8 -> 3.75 | AF86: ='KEMAMPUAN PRAKTIKUM'!H86 -> 0 | AG86: ='KEMAMPUAN PRAKTIKUM'!M86 -> 0 | AH86: ='KEMAMPUAN PRAKTIKUM'!R86 -> 0 | AI86: ='KEMAMPUAN PRAKTIKUM'!W86 -> 0 | AJ86: ='KEMAMPUAN PRAKTIKUM'!AB86 -> 30 | AK86: ='KEMAMPUAN PRAKTIKUM'!AG86 -> 0 | AL86: ='KEMAMPUAN PRAKTIKUM'!AL86 -> 0 | AM86: ='KEMAMPUAN PRAKTIKUM'!AQ86 -> 0 | AN86: =AVERAGE(AF86:AM86) -> 3.75
A87: ='INPUT DAFTAR PESERTA'!A85 -> 82 | B87: ='INPUT DAFTAR PESERTA'!B85 -> 2509046066 | C87: ='INPUT DAFTAR PESERTA'!C85 -> Nisriina Nahdah Hizbullah | D87: 100 | E87: 100 | F87: 100 | G87: 100 | H87: 100 | I87: 100 | J87: 100 | K87: 100 | L87: =(D87+E87+F87+G87+H87+I87+J87+K87)/8 -> 100 | M87: ='PENULISAN LAPORAN'!N86 -> 40.9375 | N87: 84 | O87: 84 | P87: 84 | Q87: 84 | R87: 84 | S87: 84 | T87: 84 | U87: 84 | V87: =(N87+O87+P87+Q87+R87+S87+T87+U87)/8 -> 84 | W87: 30 | X87: 60 | Y87: 80 | Z87: 70 | AA87: 30 | AB87: 60 | AC87: 60 | AD87: 80 | AE87: =(W87+X87+Y87+Z87+AA87+AB87+AC87+AD87)/8 -> 58.75 | AF87: ='KEMAMPUAN PRAKTIKUM'!H87 -> 75 | AG87: ='KEMAMPUAN PRAKTIKUM'!M87 -> 54 | AH87: ='KEMAMPUAN PRAKTIKUM'!R87 -> 60 | AI87: ='KEMAMPUAN PRAKTIKUM'!W87 -> 57 | AJ87: ='KEMAMPUAN PRAKTIKUM'!AB87 -> 60 | AK87: ='KEMAMPUAN PRAKTIKUM'!AG87 -> 60 | AL87: ='KEMAMPUAN PRAKTIKUM'!AL87 -> 0 | AM87: ='KEMAMPUAN PRAKTIKUM'!AQ87 -> 60 | AN87: =AVERAGE(AF87:AM87) -> 53.25
A88: ='INPUT DAFTAR PESERTA'!A86 -> 83 | B88: ='INPUT DAFTAR PESERTA'!B86 -> 2509046067 | C88: ='INPUT DAFTAR PESERTA'!C86 -> Rhooid Azzaky | H88: 100 | I88: 100 | K88: 100 | L88: =(D88+E88+F88+G88+H88+I88+J88+K88)/8 -> 37.5 | M88: ='PENULISAN LAPORAN'!N87 -> 4.75 | N88: 0 | O88: 0 | P88: 0 | Q88: 0 | R88: 0 | S88: 0 | T88: 0 | U88: 0 | V88: =(N88+O88+P88+Q88+R88+S88+T88+U88)/8 -> 0 | W88: 30 | X88: 0 | AA88: 0 | AC88: 60 | AE88: =(W88+X88+Y88+Z88+AA88+AB88+AC88+AD88)/8 -> 11.25 | AF88: ='KEMAMPUAN PRAKTIKUM'!H88 -> 0 | AG88: ='KEMAMPUAN PRAKTIKUM'!M88 -> 0 | AH88: ='KEMAMPUAN PRAKTIKUM'!R88 -> 0 | AI88: ='KEMAMPUAN PRAKTIKUM'!W88 -> 0 | AJ88: ='KEMAMPUAN PRAKTIKUM'!AB88 -> 30 | AK88: ='KEMAMPUAN PRAKTIKUM'!AG88 -> 75 | AL88: ='KEMAMPUAN PRAKTIKUM'!AL88 -> 57 | AM88: ='KEMAMPUAN PRAKTIKUM'!AQ88 -> 0 | AN88: =AVERAGE(AF88:AM88) -> 20.25
